{
   "method": "GET",
   "resourceFormat": "_apis/clt/testRuns/{testrunId}/CounterInstances?groupNames=Application",
   "requestUrl": "https://fabrikam.vsclt.visualstudio.com/_apis/clt/testRuns/5c9dc626-44aa-410b-8f75-2929dd330397/CounterInstances?groupNames=Performance%2CThroughput%2CApplication",
   "requestHeaders": {
      "Cookie": "",
      "Accept": "application/json",
      "Accept-Language": "en-US",
      "User-Agent": "VSServices/12.0.21005.1 (devenv.exe, Ultimate, SKU:17)",
      "X-TFS-FedAuthRedirect": "Suppress",
      "X-TFS-Session": "f15354a0-5013-49fe-9666-039dba045675",
      "X-VSS-Agent": "IDE:c72621ad0a06453b92b6e6255bcbfc7a",
      "Host": "fabrikam.vsclt.visualstudio.com"
   },
   "statusCode": 200,
   "responseHeaders": {
      "cache-control": "no-cache",
      "pragma": "no-cache",
      "content-type": "application/json; charset=utf-8",
      "expires": "-1",
      "vary": "Accept-Encoding",
      "server": "Microsoft-IIS/8.0",
      "x-tfs-processid": "2eb4fb85-b4bb-4f90-9258-f7cf9c1af044",
      "activityid": "7d3b61c0-dc5e-0000-7bd5-577d5edcce01",
      "x-aspnet-version": "4.0.30319",
      "x-powered-by": "ASP.NET",
      "date": "Mon, 18 Nov 2013 10:22:28 GMT",
      "content-length": "2124"
   },
   "responseBody": {
       "count":8,
       "value":[
            {"counterInstanceId":"Els~-2020039322","machineName":"ELSCONTROLLER","categoryName":"LoadTest:Test","counterName":"Avg. Test Time","counterUnits":"sec","instanceName":"_Total","uniqueName":null,"isPreselectedCounter":false,"partOfCounterGroups":["Performance"]},
            {"counterInstanceId":"Els~-1543222480","machineName":"ELSCONTROLLER","categoryName":"LoadTest:Page","counterName":"Avg. Page Time","counterUnits":"sec","instanceName":"_Total","uniqueName":null,"isPreselectedCounter":false,"partOfCounterGroups":["Performance"]},
            {"counterInstanceId":"Els~-1854500553","machineName":"ELSCONTROLLER","categoryName":"LoadTest:Request","counterName":"Avg. Response Time","counterUnits":"sec","instanceName":"_Total","uniqueName":null,"isPreselectedCounter":false,"partOfCounterGroups":["Performance"]},
            {"counterInstanceId":"Els~-1828439162","machineName":"ELSCONTROLLER","categoryName":"LoadTest:Scenario","counterName":"User Load","counterUnits":"vusers","instanceName":"_Total","uniqueName":null,"isPreselectedCounter":true,"partOfCounterGroups":["Performance","Throughput","Application"]},
            {"counterInstanceId":"Els~-46855952","machineName":"ELSCONTROLLER","categoryName":"LoadTest:Test","counterName":"Tests/Sec","counterUnits":"-","instanceName":"_Total","uniqueName":null,"isPreselectedCounter":false,"partOfCounterGroups":["Throughput"]},
            {"counterInstanceId":"Els~424850519","machineName":"ELSCONTROLLER","categoryName":"LoadTest:Page","counterName":"Pages/Sec","counterUnits":"-","instanceName":"_Total","uniqueName":null,"isPreselectedCounter":false,"partOfCounterGroups":["Throughput"]},
            {"counterInstanceId":"Els~1226640887","machineName":"ELSCONTROLLER","categoryName":"LoadTest:Request","counterName":"Requests/Sec","counterUnits":"-","instanceName":"_Total","uniqueName":null,"isPreselectedCounter":false,"partOfCounterGroups":["Throughput"]},
            {"counterInstanceId":"Els~-1525400324","machineName":"ELSCONTROLLER","categoryName":"LoadTest:Errors","counterName":"Errors/Sec","counterUnits":"-","instanceName":"_Total","uniqueName":null,"isPreselectedCounter":false,"partOfCounterGroups":["Throughput"]}
       ]
   }
}

