{
   "method": "POST",
   "resourceFormat": "/wit/$batch",
   "requestUrl": "https://fabrikam-fiber-inc.visualstudio.com/DefaultCollection/_apis/wit/$batch?api-version=1.0",
   "requestHeaders": {
      "Accept": "application/json",
      "Content-Type": "application/json",
      "Content-Length": 810
   },
   "requestBody": [
      {
         "method": "PATCH",
         "uri": "/Fabrikam-Fiber-Git/_apis/wit/workItems/$Product Backlog Item?api-version=1.0",
         "headers": {
            "Content-Type": "application/json-patch+json"
         },
         "body": [
            {
               "op": "add",
               "path": "/fields/System.Title",
               "value": "Customer can sign in using their Microsoft Account"
            },
            {
               "op": "add",
               "path": "/id",
               "value": "-1"
            }
         ]
      },
      {
         "method": "PATCH",
         "uri": "/Fabrikam-Fiber-Git/_apis/wit/workItems/$Task?api-version=1.0",
         "headers": {
            "Content-Type": "application/json-patch+json"
         },
         "body": [
            {
               "op": "add",
               "path": "/fields/System.Title",
               "value": "JavaScript implementation for Microsoft Account"
            },
            {
               "op": "add",
               "path": "/id",
               "value": "-2"
            },
            {
               "op": "add",
               "path": "/relations/-",
               "value": {
                  "rel": "System.LinkTypes.Hierarchy-Reverse",
                  "url": "https://fabrikam-fiber-inc.visualstudio.com/DefaultCollection/Fabrikam-Fiber-Git/_apis/wit/workItems/-1"
               }
            }
         ]
      }
   ],
   "statusCode": 200,
   "responseHeaders": {
      "cache-control": "no-cache",
      "pragma": "no-cache",
      "content-type": "application/json; charset=utf-8",
      "expires": "-1",
      "server": "Microsoft-IIS/8.5",
      "x-tfs-processid": "726b4c82-c463-434a-8152-0532cf33451c",
      "strict-transport-security": "max-age=31536000; includeSubDomains",
      "x-frame-options": "SAMEORIGIN",
      "set-cookie": [
         "Tfs-SessionId=e5a0e93c-0d93-0004-fa1f-a1e5930dd001; path=/; secure",
         "Tfs-SessionActive=2014-12-01T19:10:22; path=/; secure"
      ],
      "x-vss-userdata": "d291b0c4-a05c-4ea6-8df1-4b41d5f39eff:fabrikamfiber4@hotmail.com",
      "x-aspnet-version": "4.0.30319",
      "x-powered-by": "ASP.NET",
      "p3p": "CP=\"CAO DSP COR ADMa DEV CONo TELo CUR PSA PSD TAI IVDo OUR SAMi BUS DEM NAV STA UNI COM INT PHY ONL FIN PUR LOC CNT\"",
      "x-content-type-options": "nosniff",
      "date": "Mon, 01 Dec 2014 19:10:23 GMT",
      "content-length": "3859"
   },
   "responseBody": {
      "count": 2,
      "value": [
         {
            "code": 200,
            "headers": {
               "Content-Type": "application/json; charset=utf-8"
            },
            "body": "{\"id\":283,\"rev\":1,\"fields\":{\"System.AreaPath\":\"Fabrikam-Fiber-Git\",\"System.TeamProject\":\"Fabrikam-Fiber-Git\",\"System.IterationPath\":\"Fabrikam-Fiber-Git\",\"System.WorkItemType\":\"Product Backlog Item\",\"System.State\":\"New\",\"System.Reason\":\"New backlog item\",\"System.CreatedDate\":\"2014-12-01T19:10:23.307Z\",\"System.CreatedBy\":\"Jamal Hartnett <fabrikamfiber4@hotmail.com>\",\"System.ChangedDate\":\"2014-12-01T19:10:23.307Z\",\"System.ChangedBy\":\"Jamal Hartnett <fabrikamfiber4@hotmail.com>\",\"System.Title\":\"Customer can sign in using their Microsoft Account\",\"WEF_6CB513B6E70E43499D9FC94E5BBFB784_Kanban.Column\":\"New\"},\"relations\":[{\"rel\":\"System.LinkTypes.Hierarchy-Forward\",\"url\":\"https://fabrikam-fiber-inc.visualstudio.com/DefaultCollection/_apis/wit/workItems/284\",\"attributes\":{\"isLocked\":false}}],\"_links\":{\"self\":{\"href\":\"https://fabrikam-fiber-inc.visualstudio.com/DefaultCollection/_apis/wit/workItems/283\"},\"workItemUpdates\":{\"href\":\"https://fabrikam-fiber-inc.visualstudio.com/DefaultCollection/_apis/wit/workItems/283/updates\"},\"workItemRevisions\":{\"href\":\"https://fabrikam-fiber-inc.visualstudio.com/DefaultCollection/_apis/wit/workItems/283/revisions\"},\"workItemHistory\":{\"href\":\"https://fabrikam-fiber-inc.visualstudio.com/DefaultCollection/_apis/wit/workItems/283/history\"},\"html\":{\"href\":\"https://fabrikam-fiber-inc.visualstudio.com/web/wi.aspx?pcguid=d81542e4-cdfa-4333-b082-1ae2d6c3ad16&id=283\"},\"workItemType\":{\"href\":\"https://fabrikam-fiber-inc.visualstudio.com/DefaultCollection/6ce954b1-ce1f-45d1-b94d-e6bf2464ba2c/_apis/wit/workItemTypes/Product%20Backlog%20Item\"},\"fields\":{\"href\":\"https://fabrikam-fiber-inc.visualstudio.com/DefaultCollection/_apis/wit/fields\"}},\"url\":\"https://fabrikam-fiber-inc.visualstudio.com/DefaultCollection/_apis/wit/workItems/283\"}"
         },
         {
            "code": 200,
            "headers": {
               "Content-Type": "application/json; charset=utf-8"
            },
            "body": "{\"id\":284,\"rev\":1,\"fields\":{\"System.AreaPath\":\"Fabrikam-Fiber-Git\",\"System.TeamProject\":\"Fabrikam-Fiber-Git\",\"System.IterationPath\":\"Fabrikam-Fiber-Git\",\"System.WorkItemType\":\"Task\",\"System.State\":\"To Do\",\"System.Reason\":\"New task\",\"System.CreatedDate\":\"2014-12-01T19:10:23.307Z\",\"System.CreatedBy\":\"Jamal Hartnett <fabrikamfiber4@hotmail.com>\",\"System.ChangedDate\":\"2014-12-01T19:10:23.307Z\",\"System.ChangedBy\":\"Jamal Hartnett <fabrikamfiber4@hotmail.com>\",\"System.Title\":\"JavaScript implementation for Microsoft Account\"},\"relations\":[{\"rel\":\"System.LinkTypes.Hierarchy-Reverse\",\"url\":\"https://fabrikam-fiber-inc.visualstudio.com/DefaultCollection/_apis/wit/workItems/283\",\"attributes\":{\"isLocked\":false}}],\"_links\":{\"self\":{\"href\":\"https://fabrikam-fiber-inc.visualstudio.com/DefaultCollection/_apis/wit/workItems/284\"},\"workItemUpdates\":{\"href\":\"https://fabrikam-fiber-inc.visualstudio.com/DefaultCollection/_apis/wit/workItems/284/updates\"},\"workItemRevisions\":{\"href\":\"https://fabrikam-fiber-inc.visualstudio.com/DefaultCollection/_apis/wit/workItems/284/revisions\"},\"workItemHistory\":{\"href\":\"https://fabrikam-fiber-inc.visualstudio.com/DefaultCollection/_apis/wit/workItems/284/history\"},\"html\":{\"href\":\"https://fabrikam-fiber-inc.visualstudio.com/web/wi.aspx?pcguid=d81542e4-cdfa-4333-b082-1ae2d6c3ad16&id=284\"},\"workItemType\":{\"href\":\"https://fabrikam-fiber-inc.visualstudio.com/DefaultCollection/6ce954b1-ce1f-45d1-b94d-e6bf2464ba2c/_apis/wit/workItemTypes/Task\"},\"fields\":{\"href\":\"https://fabrikam-fiber-inc.visualstudio.com/DefaultCollection/_apis/wit/fields\"}},\"url\":\"https://fabrikam-fiber-inc.visualstudio.com/DefaultCollection/_apis/wit/workItems/284\"}"
         }
      ]
   }
}