{
   "method": "POST",
   "resourceFormat": "/wit/$batch",
   "requestUrl": "https://fabrikam-fiber-inc.visualstudio.com/DefaultCollection/_apis/wit/$batch?api-version=1.0",
   "requestHeaders": {
      "Accept": "application/json",
      "Content-Type": "application/json",
      "Content-Length": 391
   },
   "requestBody": [
      {
         "method": "PATCH",
         "uri": "/_apis/wit/workItems/284?api-version=1.0",
         "headers": {
            "Content-Type": "application/json-patch+json"
         },
         "body": [
            {
               "op": "add",
               "path": "/fields/System.State",
               "value": "Removed"
            }
         ]
      },
      {
         "method": "PATCH",
         "uri": "/_apis/wit/workItems/283?api-version=1.0",
         "headers": {
            "Content-Type": "application/json-patch+json"
         },
         "body": [
            {
               "op": "add",
               "path": "/fields/System.State",
               "value": "Removed"
            }
         ]
      }
   ],
   "statusCode": 200,
   "responseHeaders": {
      "cache-control": "no-cache",
      "pragma": "no-cache",
      "content-type": "application/json; charset=utf-8",
      "expires": "-1",
      "server": "Microsoft-IIS/8.5",
      "x-tfs-processid": "472f171c-90a8-4c0b-bc16-b9eaccabce49",
      "strict-transport-security": "max-age=31536000; includeSubDomains",
      "x-frame-options": "SAMEORIGIN",
      "set-cookie": [
         "Tfs-SessionId=e5a0e93c-0d93-0004-fa1f-a1e5930dd001; path=/; secure",
         "Tfs-SessionActive=2014-12-01T19:10:24; path=/; secure"
      ],
      "x-vss-userdata": "d291b0c4-a05c-4ea6-8df1-4b41d5f39eff:fabrikamfiber4@hotmail.com",
      "x-aspnet-version": "4.0.30319",
      "x-powered-by": "ASP.NET",
      "p3p": "CP=\"CAO DSP COR ADMa DEV CONo TELo CUR PSA PSD TAI IVDo OUR SAMi BUS DEM NAV STA UNI COM INT PHY ONL FIN PUR LOC CNT\"",
      "x-content-type-options": "nosniff",
      "date": "Mon, 01 Dec 2014 19:10:25 GMT",
      "content-length": "3826"
   },
   "responseBody": {
      "count": 2,
      "value": [
         {
            "code": 200,
            "headers": {
               "Content-Type": "application/json; charset=utf-8"
            },
            "body": "{\"id\":284,\"rev\":2,\"fields\":{\"System.AreaPath\":\"Fabrikam-Fiber-Git\",\"System.TeamProject\":\"Fabrikam-Fiber-Git\",\"System.IterationPath\":\"Fabrikam-Fiber-Git\",\"System.WorkItemType\":\"Task\",\"System.State\":\"Removed\",\"System.Reason\":\"Removed from the backlog\",\"System.CreatedDate\":\"2014-12-01T19:10:23.307Z\",\"System.CreatedBy\":\"Jamal Hartnett <fabrikamfiber4@hotmail.com>\",\"System.ChangedDate\":\"2014-12-01T19:10:25.283Z\",\"System.ChangedBy\":\"Jamal Hartnett <fabrikamfiber4@hotmail.com>\",\"System.Title\":\"JavaScript implementation for Microsoft Account\"},\"relations\":[{\"rel\":\"System.LinkTypes.Hierarchy-Reverse\",\"url\":\"https://fabrikam-fiber-inc.visualstudio.com/DefaultCollection/_apis/wit/workItems/283\",\"attributes\":{\"isLocked\":false}}],\"_links\":{\"self\":{\"href\":\"https://fabrikam-fiber-inc.visualstudio.com/DefaultCollection/_apis/wit/workItems/284\"},\"workItemUpdates\":{\"href\":\"https://fabrikam-fiber-inc.visualstudio.com/DefaultCollection/_apis/wit/workItems/284/updates\"},\"workItemRevisions\":{\"href\":\"https://fabrikam-fiber-inc.visualstudio.com/DefaultCollection/_apis/wit/workItems/284/revisions\"},\"workItemHistory\":{\"href\":\"https://fabrikam-fiber-inc.visualstudio.com/DefaultCollection/_apis/wit/workItems/284/history\"},\"html\":{\"href\":\"https://fabrikam-fiber-inc.visualstudio.com/web/wi.aspx?pcguid=d81542e4-cdfa-4333-b082-1ae2d6c3ad16&id=284\"},\"workItemType\":{\"href\":\"https://fabrikam-fiber-inc.visualstudio.com/DefaultCollection/6ce954b1-ce1f-45d1-b94d-e6bf2464ba2c/_apis/wit/workItemTypes/Task\"},\"fields\":{\"href\":\"https://fabrikam-fiber-inc.visualstudio.com/DefaultCollection/_apis/wit/fields\"}},\"url\":\"https://fabrikam-fiber-inc.visualstudio.com/DefaultCollection/_apis/wit/workItems/284\"}"
         },
         {
            "code": 200,
            "headers": {
               "Content-Type": "application/json; charset=utf-8"
            },
            "body": "{\"id\":283,\"rev\":2,\"fields\":{\"System.AreaPath\":\"Fabrikam-Fiber-Git\",\"System.TeamProject\":\"Fabrikam-Fiber-Git\",\"System.IterationPath\":\"Fabrikam-Fiber-Git\",\"System.WorkItemType\":\"Product Backlog Item\",\"System.State\":\"Removed\",\"System.Reason\":\"Removed from the backlog\",\"System.CreatedDate\":\"2014-12-01T19:10:23.307Z\",\"System.CreatedBy\":\"Jamal Hartnett <fabrikamfiber4@hotmail.com>\",\"System.ChangedDate\":\"2014-12-01T19:10:25.283Z\",\"System.ChangedBy\":\"Jamal Hartnett <fabrikamfiber4@hotmail.com>\",\"System.Title\":\"Customer can sign in using their Microsoft Account\"},\"relations\":[{\"rel\":\"System.LinkTypes.Hierarchy-Forward\",\"url\":\"https://fabrikam-fiber-inc.visualstudio.com/DefaultCollection/_apis/wit/workItems/284\",\"attributes\":{\"isLocked\":false}}],\"_links\":{\"self\":{\"href\":\"https://fabrikam-fiber-inc.visualstudio.com/DefaultCollection/_apis/wit/workItems/283\"},\"workItemUpdates\":{\"href\":\"https://fabrikam-fiber-inc.visualstudio.com/DefaultCollection/_apis/wit/workItems/283/updates\"},\"workItemRevisions\":{\"href\":\"https://fabrikam-fiber-inc.visualstudio.com/DefaultCollection/_apis/wit/workItems/283/revisions\"},\"workItemHistory\":{\"href\":\"https://fabrikam-fiber-inc.visualstudio.com/DefaultCollection/_apis/wit/workItems/283/history\"},\"html\":{\"href\":\"https://fabrikam-fiber-inc.visualstudio.com/web/wi.aspx?pcguid=d81542e4-cdfa-4333-b082-1ae2d6c3ad16&id=283\"},\"workItemType\":{\"href\":\"https://fabrikam-fiber-inc.visualstudio.com/DefaultCollection/6ce954b1-ce1f-45d1-b94d-e6bf2464ba2c/_apis/wit/workItemTypes/Product%20Backlog%20Item\"},\"fields\":{\"href\":\"https://fabrikam-fiber-inc.visualstudio.com/DefaultCollection/_apis/wit/fields\"}},\"url\":\"https://fabrikam-fiber-inc.visualstudio.com/DefaultCollection/_apis/wit/workItems/283\"}"
         }
      ]
   }
}