{
   "method": "GET",
   "resourceFormat": "/chat/rooms",
   "requestUrl": "https://fabrikam-fiber-inc.visualstudio.com/DefaultCollection/_apis/chat/rooms?api-version=1.0",
   "requestHeaders": {
      "Accept": "application/json"
   },
   "statusCode": 200,
   "responseHeaders": {
      "cache-control": "no-cache",
      "pragma": "no-cache",
      "content-type": "application/json; charset=utf-8; api-version=1.0",
      "expires": "-1",
      "server": "Microsoft-IIS/8.5",
      "x-tfs-processid": "27385494-2b60-4699-b8c6-86e18f120c7a",
      "strict-transport-security": "max-age=31536000; includeSubDomains",
      "x-frame-options": "SAMEORIGIN",
      "set-cookie": [
         "Tfs-SessionId=37e5a78e-ef1d-0002-b4b8-e8371defcf01; path=/; secure",
         "Tfs-SessionActive=2014-10-27T16:32:35; path=/; secure"
      ],
      "x-vss-userdata": "d6245f20-2af8-44f4-9451-8107cb2767db:fabrikamfiber16@hotmail.com",
      "activityid": "37e5a78e-ef1d-0002-b4b8-e8371defcf01",
      "x-aspnet-version": "4.0.30319",
      "x-powered-by": "ASP.NET",
      "p3p": "CP=\"CAO DSP COR ADMa DEV CONo TELo CUR PSA PSD TAI IVDo OUR SAMi BUS DEM NAV STA UNI COM INT PHY ONL FIN PUR LOC CNT\"",
      "x-content-type-options": "nosniff",
      "date": "Mon, 27 Oct 2014 16:32:35 GMT",
      "content-length": "2375"
   },
   "responseBody": {
      "count": 4,
      "value": [
         {
            "id": 305,
            "name": "Fabrikam-Fiber-Git Team Room",
            "description": "",
            "lastActivity": "2014-10-07T22:17:31.723Z",
            "createdBy": {
               "id": "47d25e84-de54-49ce-8f3d-351c77422775",
               "displayName": "[DefaultCollection]\\Project Collection Service Accounts",
               "url": "https://fabrikam-fiber-inc.vssps.visualstudio.com/_apis/Identities/47d25e84-de54-49ce-8f3d-351c77422775",
               "imageUrl": "https://fabrikam-fiber-inc.visualstudio.com/DefaultCollection/_api/_common/identityImage?id=47d25e84-de54-49ce-8f3d-351c77422775"
            },
            "createdDate": "2014-01-24T19:19:00.21Z",
            "hasAdminPermissions": true,
            "hasReadWritePermissions": false
         },
         {
            "id": 306,
            "name": "Fabrikam-Fiber-TFVC Team Room",
            "description": "",
            "lastActivity": "2014-01-24T19:20:37.41Z",
            "createdBy": {
               "id": "47d25e84-de54-49ce-8f3d-351c77422775",
               "displayName": "[DefaultCollection]\\Project Collection Service Accounts",
               "url": "https://fabrikam-fiber-inc.vssps.visualstudio.com/_apis/Identities/47d25e84-de54-49ce-8f3d-351c77422775",
               "imageUrl": "https://fabrikam-fiber-inc.visualstudio.com/DefaultCollection/_api/_common/identityImage?id=47d25e84-de54-49ce-8f3d-351c77422775"
            },
            "createdDate": "2014-01-24T19:20:37.41Z",
            "hasAdminPermissions": true,
            "hasReadWritePermissions": false
         },
         {
            "id": 307,
            "name": "Quality assurance Room",
            "description": "",
            "lastActivity": "2014-01-27T23:03:55.663Z",
            "createdBy": {
               "id": "47d25e84-de54-49ce-8f3d-351c77422775",
               "displayName": "[DefaultCollection]\\Project Collection Service Accounts",
               "url": "https://fabrikam-fiber-inc.vssps.visualstudio.com/_apis/Identities/47d25e84-de54-49ce-8f3d-351c77422775",
               "imageUrl": "https://fabrikam-fiber-inc.visualstudio.com/DefaultCollection/_api/_common/identityImage?id=47d25e84-de54-49ce-8f3d-351c77422775"
            },
            "createdDate": "2014-01-27T23:03:55.663Z",
            "hasAdminPermissions": true,
            "hasReadWritePermissions": false
         },
         {
            "id": 2686,
            "name": "TestGit Team Room",
            "description": "",
            "lastActivity": "2014-05-15T14:00:36.443Z",
            "createdBy": {
               "id": "47d25e84-de54-49ce-8f3d-351c77422775",
               "displayName": "[DefaultCollection]\\Project Collection Service Accounts",
               "url": "https://fabrikam-fiber-inc.vssps.visualstudio.com/_apis/Identities/47d25e84-de54-49ce-8f3d-351c77422775",
               "imageUrl": "https://fabrikam-fiber-inc.visualstudio.com/DefaultCollection/_api/_common/identityImage?id=47d25e84-de54-49ce-8f3d-351c77422775"
            },
            "createdDate": "2014-05-15T14:00:36.443Z",
            "hasAdminPermissions": true,
            "hasReadWritePermissions": false
         }
      ]
   }
}