{
   "method": "PATCH",
   "resourceFormat": "/chat/rooms/{roomId}",
   "requestUrl": "https://fabrikam-fiber-inc.visualstudio.com/DefaultCollection/_apis/chat/rooms/12797?api-version=1.0",
   "requestHeaders": {
      "Accept": "application/json",
      "Content-Type": "application/json",
      "Content-Length": 63
   },
   "requestBody": {
      "name": "renamedRoom",
      "description": "updated room description"
   },
   "statusCode": 200,
   "responseHeaders": {
      "cache-control": "no-cache",
      "pragma": "no-cache",
      "content-type": "application/json; charset=utf-8; api-version=1.0",
      "expires": "-1",
      "server": "Microsoft-IIS/8.5",
      "x-tfs-processid": "885a135e-c201-415b-930d-541ca36ed4d1",
      "strict-transport-security": "max-age=31536000; includeSubDomains",
      "x-frame-options": "SAMEORIGIN",
      "set-cookie": [
         "Tfs-SessionId=37e5a78e-ef1d-0002-b4b8-e8371defcf01; path=/; secure",
         "Tfs-SessionActive=2014-10-27T16:32:37; path=/; secure"
      ],
      "x-vss-userdata": "d6245f20-2af8-44f4-9451-8107cb2767db:fabrikamfiber16@hotmail.com",
      "activityid": "1e364647-ef1d-0002-0e71-391e1defcf01",
      "x-aspnet-version": "4.0.30319",
      "x-powered-by": "ASP.NET",
      "p3p": "CP=\"CAO DSP COR ADMa DEV CONo TELo CUR PSA PSD TAI IVDo OUR SAMi BUS DEM NAV STA UNI COM INT PHY ONL FIN PUR LOC CNT\"",
      "x-content-type-options": "nosniff",
      "date": "Mon, 27 Oct 2014 16:32:36 GMT",
      "content-length": "556"
   },
   "responseBody": {
      "id": 12797,
      "name": "renamedRoom",
      "description": "updated room description",
      "lastActivity": "2014-10-27T16:32:36.553Z",
      "createdBy": {
         "id": "d6245f20-2af8-44f4-9451-8107cb2767db",
         "displayName": "Normal Paulk",
         "url": "https://fabrikam-fiber-inc.vssps.visualstudio.com/_apis/Identities/d6245f20-2af8-44f4-9451-8107cb2767db",
         "imageUrl": "https://fabrikam-fiber-inc.visualstudio.com/DefaultCollection/_api/_common/identityImage?id=d6245f20-2af8-44f4-9451-8107cb2767db"
      },
      "createdDate": "2014-10-27T16:32:36.553Z",
      "hasAdminPermissions": true,
      "hasReadWritePermissions": true
   }
}