{
   "method": "GET",
   "resourceFormat": "/tfvc/shelvesets/{shelvesetId}?includeWorkItems=true",
   "requestUrl": "https://fabrikam-fiber-inc.visualstudio.com/DefaultCollection/_apis/tfvc/shelvesets/My%20first%20shelveset;d6245f20-2af8-44f4-9451-8107cb2767db?includeWorkItems=true&api-version=1.0-preview.1",
   "requestHeaders": {
      "Accept": "application/json"
   },
   "statusCode": 200,
   "responseHeaders": {
      "cache-control": "no-cache",
      "pragma": "no-cache",
      "content-type": "application/json; charset=utf-8; api-version=1.0-preview.1",
      "expires": "-1",
      "server": "Microsoft-IIS/8.5",
      "x-tfs-processid": "ee139229-d751-41b1-b4a0-5a648edc5e33",
      "strict-transport-security": "max-age=31536000; includeSubDomains",
      "x-frame-options": "SAMEORIGIN",
      "set-cookie": [
         "Tfs-SessionId=8bd98892-e1c7-0000-4daf-e08bc7e1cf01; path=/; secure",
         "Tfs-SessionActive=2014-10-07T22:19:33; path=/; secure"
      ],
      "x-vss-userdata": "8c8c7d32-6b1b-47f4-b2e9-30b477b5ab3d:fabrikamfiber3@hotmail.com",
      "activityid": "8bd98892-e1c7-0005-f9ac-dd8bc7e1cf01",
      "x-aspnet-version": "4.0.30319",
      "x-powered-by": "ASP.NET",
      "p3p": "CP=\"CAO DSP COR ADMa DEV CONo TELo CUR PSA PSD TAI IVDo OUR SAMi BUS DEM NAV STA UNI COM INT PHY ONL FIN PUR LOC CNT\"",
      "x-content-type-options": "nosniff",
      "date": "Tue, 07 Oct 2014 22:19:32 GMT",
      "content-length": "1588"
   },
   "responseBody": {
      "workItems": [
         {
            "webUrl": "https://fabrikam-fiber-inc.visualstudio.com/web/wi.aspx?pcguid=d81542e4-cdfa-4333-b082-1ae2d6c3ad16&id=22",
            "id": 22,
            "title": "Wrong output",
            "workItemType": "Bug",
            "state": "Done"
         }
      ],
      "name": "My first shelveset",
      "id": "My first shelveset;d6245f20-2af8-44f4-9451-8107cb2767db",
      "owner": {
         "id": "d6245f20-2af8-44f4-9451-8107cb2767db",
         "displayName": "Normal Paulk",
         "uniqueName": "fabrikamfiber16@hotmail.com",
         "url": "https://fabrikam-fiber-inc.vssps.visualstudio.com/_apis/Identities/d6245f20-2af8-44f4-9451-8107cb2767db",
         "imageUrl": "https://fabrikam-fiber-inc.visualstudio.com/DefaultCollection/_api/_common/identityImage?id=d6245f20-2af8-44f4-9451-8107cb2767db"
      },
      "createdDate": "2014-07-18T03:37:52.277Z",
      "comment": "Here is a really long comment describing this shelveset.",
      "url": "https://fabrikam-fiber-inc.visualstudio.com/DefaultCollection/_apis/tfvc/shelvesets/My%20first%20shelveset%3bd6245f20-2af8-44f4-9451-8107cb2767db",
      "_links": {
         "self": {
            "href": "https://fabrikam-fiber-inc.visualstudio.com/DefaultCollection/_apis/tfvc/shelvesets/My%20first%20shelveset%3bd6245f20-2af8-44f4-9451-8107cb2767db"
         },
         "changes": {
            "href": "https://fabrikam-fiber-inc.visualstudio.com/DefaultCollection/_apis/tfvc/shelvesets/My%20first%20shelveset%3bd6245f20-2af8-44f4-9451-8107cb2767db/changes"
         },
         "workItems": {
            "href": "https://fabrikam-fiber-inc.visualstudio.com/DefaultCollection/_apis/tfvc/shelvesets/My%20first%20shelveset%3bd6245f20-2af8-44f4-9451-8107cb2767db/workitems"
         },
         "owner": {
            "href": "https://fabrikam-fiber-inc.vssps.visualstudio.com/_apis/Identities/d6245f20-2af8-44f4-9451-8107cb2767db"
         }
      }
   }
}