{
   "method": "GET",
   "resourceFormat": "/tfvc/shelvesets?maxCommentLength={maxCommentLength}",
   "requestUrl": "https://fabrikam-fiber-inc.visualstudio.com/DefaultCollection/_apis/tfvc/shelvesets?maxCommentLength=6&api-version=1.0-preview.1",
   "requestHeaders": {
      "Accept": "application/json"
   },
   "statusCode": 200,
   "responseHeaders": {
      "cache-control": "no-cache",
      "pragma": "no-cache",
      "content-type": "application/json; charset=utf-8; api-version=1.0-preview.1",
      "expires": "-1",
      "server": "Microsoft-IIS/8.5",
      "x-tfs-processid": "06f9aaf2-8a6f-48a4-8d9b-0cc56cbe9fc3",
      "strict-transport-security": "max-age=31536000; includeSubDomains",
      "x-frame-options": "SAMEORIGIN",
      "set-cookie": [
         "Tfs-SessionId=8bd98892-e1c7-0000-4daf-e08bc7e1cf01; path=/; secure",
         "Tfs-SessionActive=2014-10-07T22:19:31; path=/; secure"
      ],
      "x-vss-userdata": "8c8c7d32-6b1b-47f4-b2e9-30b477b5ab3d:fabrikamfiber3@hotmail.com",
      "activityid": "78bd40c1-e1c7-0000-e3fe-c378c7e1cf01",
      "x-aspnet-version": "4.0.30319",
      "x-powered-by": "ASP.NET",
      "p3p": "CP=\"CAO DSP COR ADMa DEV CONo TELo CUR PSA PSD TAI IVDo OUR SAMi BUS DEM NAV STA UNI COM INT PHY ONL FIN PUR LOC CNT\"",
      "x-content-type-options": "nosniff",
      "date": "Tue, 07 Oct 2014 22:19:31 GMT",
      "content-length": "2707"
   },
   "responseBody": {
      "count": 4,
      "value": [
         {
            "name": "My first shelveset",
            "id": "My first shelveset;d6245f20-2af8-44f4-9451-8107cb2767db",
            "owner": {
               "id": "d6245f20-2af8-44f4-9451-8107cb2767db",
               "displayName": "Normal Paulk",
               "uniqueName": "fabrikamfiber16@hotmail.com",
               "url": "https://fabrikam-fiber-inc.vssps.visualstudio.com/_apis/Identities/d6245f20-2af8-44f4-9451-8107cb2767db",
               "imageUrl": "https://fabrikam-fiber-inc.visualstudio.com/DefaultCollection/_api/_common/identityImage?id=d6245f20-2af8-44f4-9451-8107cb2767db"
            },
            "createdDate": "2014-07-18T03:37:52.277Z",
            "comment": "Here i",
            "commentTruncated": true,
            "url": "https://fabrikam-fiber-inc.visualstudio.com/DefaultCollection/_apis/tfvc/shelvesets/My%20first%20shelveset%3bd6245f20-2af8-44f4-9451-8107cb2767db"
         },
         {
            "name": "More changes",
            "id": "More changes;d6245f20-2af8-44f4-9451-8107cb2767db",
            "owner": {
               "id": "d6245f20-2af8-44f4-9451-8107cb2767db",
               "displayName": "Normal Paulk",
               "uniqueName": "fabrikamfiber16@hotmail.com",
               "url": "https://fabrikam-fiber-inc.vssps.visualstudio.com/_apis/Identities/d6245f20-2af8-44f4-9451-8107cb2767db",
               "imageUrl": "https://fabrikam-fiber-inc.visualstudio.com/DefaultCollection/_api/_common/identityImage?id=d6245f20-2af8-44f4-9451-8107cb2767db"
            },
            "createdDate": "2014-07-18T03:29:45.91Z",
            "url": "https://fabrikam-fiber-inc.visualstudio.com/DefaultCollection/_apis/tfvc/shelvesets/More%20changes%3bd6245f20-2af8-44f4-9451-8107cb2767db"
         },
         {
            "name": "Doc updates",
            "id": "Doc updates;d6245f20-2af8-44f4-9451-8107cb2767db",
            "owner": {
               "id": "d6245f20-2af8-44f4-9451-8107cb2767db",
               "displayName": "Normal Paulk",
               "uniqueName": "fabrikamfiber16@hotmail.com",
               "url": "https://fabrikam-fiber-inc.vssps.visualstudio.com/_apis/Identities/d6245f20-2af8-44f4-9451-8107cb2767db",
               "imageUrl": "https://fabrikam-fiber-inc.visualstudio.com/DefaultCollection/_api/_common/identityImage?id=d6245f20-2af8-44f4-9451-8107cb2767db"
            },
            "createdDate": "2014-07-18T03:27:25.18Z",
            "url": "https://fabrikam-fiber-inc.visualstudio.com/DefaultCollection/_apis/tfvc/shelvesets/Doc%20updates%3bd6245f20-2af8-44f4-9451-8107cb2767db"
         },
         {
            "name": "Set this aside for now",
            "id": "Set this aside for now;8c8c7d32-6b1b-47f4-b2e9-30b477b5ab3d",
            "owner": {
               "id": "8c8c7d32-6b1b-47f4-b2e9-30b477b5ab3d",
               "displayName": "Chuck Reinhart",
               "uniqueName": "fabrikamfiber3@hotmail.com",
               "url": "https://fabrikam-fiber-inc.vssps.visualstudio.com/_apis/Identities/8c8c7d32-6b1b-47f4-b2e9-30b477b5ab3d",
               "imageUrl": "https://fabrikam-fiber-inc.visualstudio.com/DefaultCollection/_api/_common/identityImage?id=8c8c7d32-6b1b-47f4-b2e9-30b477b5ab3d"
            },
            "createdDate": "2014-03-24T20:32:25.37Z",
            "url": "https://fabrikam-fiber-inc.visualstudio.com/DefaultCollection/_apis/tfvc/shelvesets/Set%20this%20aside%20for%20now%3b8c8c7d32-6b1b-47f4-b2e9-30b477b5ab3d"
         }
      ]
   }
}