{
   "method": "GET",
   "resourceFormat": "/wit/workitemrelationtypes",
   "requestUrl": "https://fabrikam-fiber-inc.visualstudio.com/DefaultCollection/_apis/wit/workitemrelationtypes?api-version=1.0",
   "requestHeaders": {
      "Accept": "application/json"
   },
   "statusCode": 200,
   "responseHeaders": {
      "cache-control": "no-cache",
      "pragma": "no-cache",
      "content-type": "application/json; charset=utf-8; api-version=1.0",
      "expires": "-1",
      "server": "Microsoft-IIS/8.5",
      "x-tfs-processid": "8ec0cdc2-1b6c-4aa0-a483-fd9aa4f66fe1",
      "strict-transport-security": "max-age=31536000; includeSubDomains",
      "x-frame-options": "SAMEORIGIN",
      "set-cookie": [
         "Tfs-SessionId=514366d0-08d3-0004-7a78-4b51d308d001; path=/; secure",
         "Tfs-SessionActive=2014-11-26T21:43:10; path=/; secure"
      ],
      "x-vss-userdata": "d291b0c4-a05c-4ea6-8df1-4b41d5f39eff:fabrikamfiber4@hotmail.com",
      "activityid": "658ec75b-08d3-0000-58b8-9665d308d001",
      "x-aspnet-version": "4.0.30319",
      "x-powered-by": "ASP.NET",
      "p3p": "CP=\"CAO DSP COR ADMa DEV CONo TELo CUR PSA PSD TAI IVDo OUR SAMi BUS DEM NAV STA UNI COM INT PHY ONL FIN PUR LOC CNT\"",
      "x-content-type-options": "nosniff",
      "date": "Wed, 26 Nov 2014 21:43:10 GMT",
      "content-length": "4844"
   },
   "responseBody": {
      "count": 14,
      "value": [
         {
            "attributes": {
               "usage": "workItemLink",
               "editable": true,
               "enabled": true,
               "acyclic": true,
               "directional": true,
               "singleTarget": true,
               "topology": "dependency"
            },
            "referenceName": "Microsoft.VSTS.TestCase.SharedParameterReferencedBy-Forward",
            "name": "Referenced By",
            "url": "https://fabrikam-fiber-inc.visualstudio.com/DefaultCollection/_apis/wit/workItemRelationTypes/Microsoft.VSTS.TestCase.SharedParameterReferencedBy-Forward"
         },
         {
            "attributes": {
               "usage": "workItemLink",
               "editable": true,
               "enabled": true,
               "acyclic": true,
               "directional": true,
               "singleTarget": true,
               "topology": "dependency"
            },
            "referenceName": "Microsoft.VSTS.TestCase.SharedParameterReferencedBy-Reverse",
            "name": "References",
            "url": "https://fabrikam-fiber-inc.visualstudio.com/DefaultCollection/_apis/wit/workItemRelationTypes/Microsoft.VSTS.TestCase.SharedParameterReferencedBy-Reverse"
         },
         {
            "attributes": {
               "usage": "workItemLink",
               "editable": true,
               "enabled": true,
               "acyclic": true,
               "directional": true,
               "singleTarget": true,
               "topology": "dependency"
            },
            "referenceName": "Microsoft.VSTS.Common.TestedBy-Forward",
            "name": "Tested By",
            "url": "https://fabrikam-fiber-inc.visualstudio.com/DefaultCollection/_apis/wit/workItemRelationTypes/Microsoft.VSTS.Common.TestedBy-Forward"
         },
         {
            "attributes": {
               "usage": "workItemLink",
               "editable": true,
               "enabled": true,
               "acyclic": true,
               "directional": true,
               "singleTarget": true,
               "topology": "dependency"
            },
            "referenceName": "Microsoft.VSTS.Common.TestedBy-Reverse",
            "name": "Tests",
            "url": "https://fabrikam-fiber-inc.visualstudio.com/DefaultCollection/_apis/wit/workItemRelationTypes/Microsoft.VSTS.Common.TestedBy-Reverse"
         },
         {
            "attributes": {
               "usage": "workItemLink",
               "editable": true,
               "enabled": true,
               "acyclic": true,
               "directional": true,
               "singleTarget": true,
               "topology": "dependency"
            },
            "referenceName": "Microsoft.VSTS.TestCase.SharedStepReferencedBy-Forward",
            "name": "Test Case",
            "url": "https://fabrikam-fiber-inc.visualstudio.com/DefaultCollection/_apis/wit/workItemRelationTypes/Microsoft.VSTS.TestCase.SharedStepReferencedBy-Forward"
         },
         {
            "attributes": {
               "usage": "workItemLink",
               "editable": true,
               "enabled": true,
               "acyclic": true,
               "directional": true,
               "singleTarget": true,
               "topology": "dependency"
            },
            "referenceName": "Microsoft.VSTS.TestCase.SharedStepReferencedBy-Reverse",
            "name": "Shared Steps",
            "url": "https://fabrikam-fiber-inc.visualstudio.com/DefaultCollection/_apis/wit/workItemRelationTypes/Microsoft.VSTS.TestCase.SharedStepReferencedBy-Reverse"
         },
         {
            "attributes": {
               "usage": "workItemLink",
               "editable": false,
               "enabled": true,
               "acyclic": true,
               "directional": true,
               "singleTarget": true,
               "topology": "dependency"
            },
            "referenceName": "System.LinkTypes.Dependency-Forward",
            "name": "Successor",
            "url": "https://fabrikam-fiber-inc.visualstudio.com/DefaultCollection/_apis/wit/workItemRelationTypes/System.LinkTypes.Dependency-Forward"
         },
         {
            "attributes": {
               "usage": "workItemLink",
               "editable": false,
               "enabled": true,
               "acyclic": true,
               "directional": true,
               "singleTarget": true,
               "topology": "dependency"
            },
            "referenceName": "System.LinkTypes.Dependency-Reverse",
            "name": "Predecessor",
            "url": "https://fabrikam-fiber-inc.visualstudio.com/DefaultCollection/_apis/wit/workItemRelationTypes/System.LinkTypes.Dependency-Reverse"
         },
         {
            "attributes": {
               "usage": "workItemLink",
               "editable": false,
               "enabled": true,
               "acyclic": true,
               "directional": true,
               "singleTarget": false,
               "topology": "tree"
            },
            "referenceName": "System.LinkTypes.Hierarchy-Forward",
            "name": "Child",
            "url": "https://fabrikam-fiber-inc.visualstudio.com/DefaultCollection/_apis/wit/workItemRelationTypes/System.LinkTypes.Hierarchy-Forward"
         },
         {
            "attributes": {
               "usage": "workItemLink",
               "editable": false,
               "enabled": true,
               "acyclic": true,
               "directional": true,
               "singleTarget": false,
               "topology": "tree"
            },
            "referenceName": "System.LinkTypes.Hierarchy-Reverse",
            "name": "Parent",
            "url": "https://fabrikam-fiber-inc.visualstudio.com/DefaultCollection/_apis/wit/workItemRelationTypes/System.LinkTypes.Hierarchy-Reverse"
         },
         {
            "attributes": {
               "usage": "workItemLink",
               "editable": false,
               "enabled": true,
               "acyclic": false,
               "directional": false,
               "singleTarget": true,
               "topology": "network"
            },
            "referenceName": "System.LinkTypes.Related",
            "name": "Related",
            "url": "https://fabrikam-fiber-inc.visualstudio.com/DefaultCollection/_apis/wit/workItemRelationTypes/System.LinkTypes.Related"
         },
         {
            "attributes": {
               "usage": "resourceLink",
               "editable": false,
               "enabled": true
            },
            "referenceName": "AttachedFile",
            "name": "Attached File",
            "url": "https://fabrikam-fiber-inc.visualstudio.com/DefaultCollection/_apis/wit/workItemRelationTypes/AttachedFile"
         },
         {
            "attributes": {
               "usage": "resourceLink",
               "editable": false,
               "enabled": true
            },
            "referenceName": "Hyperlink",
            "name": "Hyperlink",
            "url": "https://fabrikam-fiber-inc.visualstudio.com/DefaultCollection/_apis/wit/workItemRelationTypes/Hyperlink"
         },
         {
            "attributes": {
               "usage": "resourceLink",
               "editable": false,
               "enabled": true
            },
            "referenceName": "ArtifactLink",
            "name": "Artifact Link",
            "url": "https://fabrikam-fiber-inc.visualstudio.com/DefaultCollection/_apis/wit/workItemRelationTypes/ArtifactLink"
         }
      ]
   }
}