{
   "method": "GET",
   "resourceFormat": "/git/repositories/{repositoryId}/pullRequests",
   "requestUrl": "https://fabrikam-fiber-inc.visualstudio.com/DefaultCollection/_apis/git/repositories/278d5cd2-584d-4b63-824a-2ba458937249/pullRequests?api-version=1.0-preview.1",
   "requestHeaders": {
      "Accept": "application/json"
   },
   "statusCode": 200,
   "responseHeaders": {
      "cache-control": "no-cache",
      "pragma": "no-cache",
      "transfer-encoding": "chunked",
      "content-type": "application/json; api-version=1.0-preview.1",
      "expires": "-1",
      "server": "Microsoft-IIS/8.5",
      "x-tfs-processid": "0ea0cf16-53eb-4d11-af74-9f8181edb370",
      "strict-transport-security": "max-age=31536000; includeSubDomains",
      "x-frame-options": "SAMEORIGIN",
      "set-cookie": [
         "Tfs-SessionId=c79a736d-f22e-0004-7983-9bc72ef2cf01; path=/; secure",
         "Tfs-SessionActive=2014-10-28T01:54:43; path=/; secure"
      ],
      "x-vss-userdata": "d6245f20-2af8-44f4-9451-8107cb2767db:fabrikamfiber16@hotmail.com",
      "activityid": "5cd7beb3-f22e-0001-ed9c-d95c2ef2cf01",
      "x-aspnet-version": "4.0.30319",
      "x-powered-by": "ASP.NET",
      "p3p": "CP=\"CAO DSP COR ADMa DEV CONo TELo CUR PSA PSD TAI IVDo OUR SAMi BUS DEM NAV STA UNI COM INT PHY ONL FIN PUR LOC CNT\"",
      "x-content-type-options": "nosniff",
      "date": "Tue, 28 Oct 2014 01:54:43 GMT"
   },
   "responseBody": {
      "value": [
         {
            "repository": {
               "id": "278d5cd2-584d-4b63-824a-2ba458937249",
               "url": "https://fabrikam-fiber-inc.visualstudio.com/DefaultCollection/_apis/git/repositories/278d5cd2-584d-4b63-824a-2ba458937249"
            },
            "pullRequestId": 50,
            "status": "active",
            "createdBy": {
               "id": "d6245f20-2af8-44f4-9451-8107cb2767db",
               "displayName": "Normal Paulk",
               "uniqueName": "fabrikamfiber16@hotmail.com",
               "url": "https://fabrikam-fiber-inc.vssps.visualstudio.com/_apis/Identities/d6245f20-2af8-44f4-9451-8107cb2767db",
               "imageUrl": "https://fabrikam-fiber-inc.visualstudio.com/DefaultCollection/_api/_common/identityImage?id=d6245f20-2af8-44f4-9451-8107cb2767db"
            },
            "creationDate": "2014-10-28T01:54:43.2483677Z",
            "title": "New fix for hello world class",
            "description": "Example pull request showing review and integration of a simple change.",
            "sourceRefName": "refs/heads/npaulk/feature",
            "targetRefName": "refs/heads/master",
            "mergeStatus": "succeeded",
            "mergeId": "bdd92391-1291-45dd-b4bf-6b7e6270e8d0",
            "lastMergeSourceCommit": {
               "commitId": "23d0bc5b128a10056dc68afece360d8a0fabb014",
               "url": "https://fabrikam-fiber-inc.visualstudio.com/DefaultCollection/_apis/git/repositories/278d5cd2-584d-4b63-824a-2ba458937249/commits/23d0bc5b128a10056dc68afece360d8a0fabb014"
            },
            "lastMergeTargetCommit": {
               "commitId": "23d0bc5b128a10056dc68afece360d8a0fabb014",
               "url": "https://fabrikam-fiber-inc.visualstudio.com/DefaultCollection/_apis/git/repositories/278d5cd2-584d-4b63-824a-2ba458937249/commits/23d0bc5b128a10056dc68afece360d8a0fabb014"
            },
            "lastMergeCommit": {
               "commitId": "23d0bc5b128a10056dc68afece360d8a0fabb014",
               "url": "https://fabrikam-fiber-inc.visualstudio.com/DefaultCollection/_apis/git/repositories/278d5cd2-584d-4b63-824a-2ba458937249/commits/23d0bc5b128a10056dc68afece360d8a0fabb014"
            },
            "url": "https://fabrikam-fiber-inc.visualstudio.com/DefaultCollection/_apis/git/repositories/278d5cd2-584d-4b63-824a-2ba458937249/pullRequests/50"
         }
      ],
      "count": 1
   }
}