{
   "method": "GET",
   "resourceFormat": "/git/repositories/{repositoryId}/pullRequests?status=completed",
   "requestUrl": "https://fabrikam-fiber-inc.visualstudio.com/DefaultCollection/_apis/git/repositories/278d5cd2-584d-4b63-824a-2ba458937249/pullRequests?status=completed&api-version=1.0-preview.1",
   "requestHeaders": {
      "Accept": "application/json"
   },
   "statusCode": 200,
   "responseHeaders": {
      "cache-control": "no-cache",
      "pragma": "no-cache",
      "transfer-encoding": "chunked",
      "content-type": "application/json; api-version=1.0-preview.1",
      "expires": "-1",
      "server": "Microsoft-IIS/8.5",
      "x-tfs-processid": "c6d2b449-120f-4bb7-a3c3-809ad144d2f5",
      "strict-transport-security": "max-age=31536000; includeSubDomains",
      "x-frame-options": "SAMEORIGIN",
      "set-cookie": [
         "Tfs-SessionId=c79a736d-f22e-0004-7983-9bc72ef2cf01; path=/; secure",
         "Tfs-SessionActive=2014-10-28T01:54:46; path=/; secure"
      ],
      "x-vss-userdata": "d6245f20-2af8-44f4-9451-8107cb2767db:fabrikamfiber16@hotmail.com",
      "activityid": "e1db558c-f22e-0001-8649-dde12ef2cf01",
      "x-aspnet-version": "4.0.30319",
      "x-powered-by": "ASP.NET",
      "p3p": "CP=\"CAO DSP COR ADMa DEV CONo TELo CUR PSA PSD TAI IVDo OUR SAMi BUS DEM NAV STA UNI COM INT PHY ONL FIN PUR LOC CNT\"",
      "x-content-type-options": "nosniff",
      "date": "Tue, 28 Oct 2014 01:54:46 GMT"
   },
   "responseBody": {
      "value": [
         {
            "repository": {
               "id": "278d5cd2-584d-4b63-824a-2ba458937249",
               "url": "https://fabrikam-fiber-inc.visualstudio.com/DefaultCollection/_apis/git/repositories/278d5cd2-584d-4b63-824a-2ba458937249"
            },
            "pullRequestId": 50,
            "status": "completed",
            "createdBy": {
               "id": "d6245f20-2af8-44f4-9451-8107cb2767db",
               "displayName": "Normal Paulk",
               "uniqueName": "fabrikamfiber16@hotmail.com",
               "url": "https://fabrikam-fiber-inc.vssps.visualstudio.com/_apis/Identities/d6245f20-2af8-44f4-9451-8107cb2767db",
               "imageUrl": "https://fabrikam-fiber-inc.visualstudio.com/DefaultCollection/_api/_common/identityImage?id=d6245f20-2af8-44f4-9451-8107cb2767db"
            },
            "creationDate": "2014-10-28T01:54:43.2483677Z",
            "closedDate": "2014-10-28T01:54:46.6402919Z",
            "title": "New fix for hello world class",
            "description": "Example pull request showing review and integration of a simple change.",
            "sourceRefName": "refs/heads/npaulk/feature",
            "targetRefName": "refs/heads/master",
            "mergeStatus": "succeeded",
            "mergeId": "bdd92391-1291-45dd-b4bf-6b7e6270e8d0",
            "lastMergeSourceCommit": {
               "commitId": "23d0bc5b128a10056dc68afece360d8a0fabb014",
               "url": "https://fabrikam-fiber-inc.visualstudio.com/DefaultCollection/_apis/git/repositories/278d5cd2-584d-4b63-824a-2ba458937249/commits/23d0bc5b128a10056dc68afece360d8a0fabb014"
            },
            "lastMergeTargetCommit": {
               "commitId": "23d0bc5b128a10056dc68afece360d8a0fabb014",
               "url": "https://fabrikam-fiber-inc.visualstudio.com/DefaultCollection/_apis/git/repositories/278d5cd2-584d-4b63-824a-2ba458937249/commits/23d0bc5b128a10056dc68afece360d8a0fabb014"
            },
            "lastMergeCommit": {
               "commitId": "23d0bc5b128a10056dc68afece360d8a0fabb014",
               "url": "https://fabrikam-fiber-inc.visualstudio.com/DefaultCollection/_apis/git/repositories/278d5cd2-584d-4b63-824a-2ba458937249/commits/23d0bc5b128a10056dc68afece360d8a0fabb014"
            },
            "url": "https://fabrikam-fiber-inc.visualstudio.com/DefaultCollection/_apis/git/repositories/278d5cd2-584d-4b63-824a-2ba458937249/pullRequests/50"
         },
         {
            "repository": {
               "id": "278d5cd2-584d-4b63-824a-2ba458937249",
               "url": "https://fabrikam-fiber-inc.visualstudio.com/DefaultCollection/_apis/git/repositories/278d5cd2-584d-4b63-824a-2ba458937249"
            },
            "pullRequestId": 49,
            "status": "completed",
            "createdBy": {
               "id": "d6245f20-2af8-44f4-9451-8107cb2767db",
               "displayName": "Normal Paulk",
               "uniqueName": "fabrikamfiber16@hotmail.com",
               "url": "https://fabrikam-fiber-inc.vssps.visualstudio.com/_apis/Identities/d6245f20-2af8-44f4-9451-8107cb2767db",
               "imageUrl": "https://fabrikam-fiber-inc.visualstudio.com/DefaultCollection/_api/_common/identityImage?id=d6245f20-2af8-44f4-9451-8107cb2767db"
            },
            "creationDate": "2014-10-28T01:54:17.9702728Z",
            "closedDate": "2014-10-28T01:54:24.6107834Z",
            "title": "New fix for hello world class",
            "description": "Example pull request showing review and integration of a simple change.",
            "sourceRefName": "refs/heads/npaulk/feature",
            "targetRefName": "refs/heads/master",
            "mergeStatus": "succeeded",
            "mergeId": "587d8cfb-1397-40e2-96da-77a7fc38df7f",
            "lastMergeSourceCommit": {
               "commitId": "23d0bc5b128a10056dc68afece360d8a0fabb014",
               "url": "https://fabrikam-fiber-inc.visualstudio.com/DefaultCollection/_apis/git/repositories/278d5cd2-584d-4b63-824a-2ba458937249/commits/23d0bc5b128a10056dc68afece360d8a0fabb014"
            },
            "lastMergeTargetCommit": {
               "commitId": "23d0bc5b128a10056dc68afece360d8a0fabb014",
               "url": "https://fabrikam-fiber-inc.visualstudio.com/DefaultCollection/_apis/git/repositories/278d5cd2-584d-4b63-824a-2ba458937249/commits/23d0bc5b128a10056dc68afece360d8a0fabb014"
            },
            "lastMergeCommit": {
               "commitId": "23d0bc5b128a10056dc68afece360d8a0fabb014",
               "url": "https://fabrikam-fiber-inc.visualstudio.com/DefaultCollection/_apis/git/repositories/278d5cd2-584d-4b63-824a-2ba458937249/commits/23d0bc5b128a10056dc68afece360d8a0fabb014"
            },
            "url": "https://fabrikam-fiber-inc.visualstudio.com/DefaultCollection/_apis/git/repositories/278d5cd2-584d-4b63-824a-2ba458937249/pullRequests/49"
         },
         {
            "repository": {
               "id": "278d5cd2-584d-4b63-824a-2ba458937249",
               "url": "https://fabrikam-fiber-inc.visualstudio.com/DefaultCollection/_apis/git/repositories/278d5cd2-584d-4b63-824a-2ba458937249"
            },
            "pullRequestId": 48,
            "status": "completed",
            "createdBy": {
               "id": "8c8c7d32-6b1b-47f4-b2e9-30b477b5ab3d",
               "displayName": "Chuck Reinhart",
               "uniqueName": "fabrikamfiber3@hotmail.com",
               "url": "https://fabrikam-fiber-inc.vssps.visualstudio.com/_apis/Identities/8c8c7d32-6b1b-47f4-b2e9-30b477b5ab3d",
               "imageUrl": "https://fabrikam-fiber-inc.visualstudio.com/DefaultCollection/_api/_common/identityImage?id=8c8c7d32-6b1b-47f4-b2e9-30b477b5ab3d"
            },
            "creationDate": "2014-10-07T22:18:01.9861866Z",
            "closedDate": "2014-10-07T22:18:07.1512934Z",
            "title": "New fix for hello world class",
            "description": "Example pull request showing review and integration of a simple change.",
            "sourceRefName": "refs/heads/npaulk/feature",
            "targetRefName": "refs/heads/master",
            "mergeStatus": "succeeded",
            "mergeId": "d83c35db-622e-4c77-8cac-994d4fc66851",
            "lastMergeSourceCommit": {
               "commitId": "23d0bc5b128a10056dc68afece360d8a0fabb014",
               "url": "https://fabrikam-fiber-inc.visualstudio.com/DefaultCollection/_apis/git/repositories/278d5cd2-584d-4b63-824a-2ba458937249/commits/23d0bc5b128a10056dc68afece360d8a0fabb014"
            },
            "lastMergeTargetCommit": {
               "commitId": "23d0bc5b128a10056dc68afece360d8a0fabb014",
               "url": "https://fabrikam-fiber-inc.visualstudio.com/DefaultCollection/_apis/git/repositories/278d5cd2-584d-4b63-824a-2ba458937249/commits/23d0bc5b128a10056dc68afece360d8a0fabb014"
            },
            "lastMergeCommit": {
               "commitId": "23d0bc5b128a10056dc68afece360d8a0fabb014",
               "url": "https://fabrikam-fiber-inc.visualstudio.com/DefaultCollection/_apis/git/repositories/278d5cd2-584d-4b63-824a-2ba458937249/commits/23d0bc5b128a10056dc68afece360d8a0fabb014"
            },
            "url": "https://fabrikam-fiber-inc.visualstudio.com/DefaultCollection/_apis/git/repositories/278d5cd2-584d-4b63-824a-2ba458937249/pullRequests/48"
         },
         {
            "repository": {
               "id": "278d5cd2-584d-4b63-824a-2ba458937249",
               "url": "https://fabrikam-fiber-inc.visualstudio.com/DefaultCollection/_apis/git/repositories/278d5cd2-584d-4b63-824a-2ba458937249"
            },
            "pullRequestId": 47,
            "status": "completed",
            "createdBy": {
               "id": "8c8c7d32-6b1b-47f4-b2e9-30b477b5ab3d",
               "displayName": "Chuck Reinhart",
               "uniqueName": "fabrikamfiber3@hotmail.com",
               "url": "https://fabrikam-fiber-inc.vssps.visualstudio.com/_apis/Identities/8c8c7d32-6b1b-47f4-b2e9-30b477b5ab3d",
               "imageUrl": "https://fabrikam-fiber-inc.visualstudio.com/DefaultCollection/_api/_common/identityImage?id=8c8c7d32-6b1b-47f4-b2e9-30b477b5ab3d"
            },
            "creationDate": "2014-10-06T22:40:30.0476386Z",
            "closedDate": "2014-10-06T22:40:47.9330415Z",
            "title": "New fix for hello world class",
            "description": "Example pull request showing review and integration of a simple change.",
            "sourceRefName": "refs/heads/npaulk/feature",
            "targetRefName": "refs/heads/master",
            "mergeStatus": "succeeded",
            "mergeId": "920fd401-e562-47c4-8f2b-bfdf0e1d780b",
            "lastMergeSourceCommit": {
               "commitId": "23d0bc5b128a10056dc68afece360d8a0fabb014",
               "url": "https://fabrikam-fiber-inc.visualstudio.com/DefaultCollection/_apis/git/repositories/278d5cd2-584d-4b63-824a-2ba458937249/commits/23d0bc5b128a10056dc68afece360d8a0fabb014"
            },
            "lastMergeTargetCommit": {
               "commitId": "23d0bc5b128a10056dc68afece360d8a0fabb014",
               "url": "https://fabrikam-fiber-inc.visualstudio.com/DefaultCollection/_apis/git/repositories/278d5cd2-584d-4b63-824a-2ba458937249/commits/23d0bc5b128a10056dc68afece360d8a0fabb014"
            },
            "lastMergeCommit": {
               "commitId": "23d0bc5b128a10056dc68afece360d8a0fabb014",
               "url": "https://fabrikam-fiber-inc.visualstudio.com/DefaultCollection/_apis/git/repositories/278d5cd2-584d-4b63-824a-2ba458937249/commits/23d0bc5b128a10056dc68afece360d8a0fabb014"
            },
            "url": "https://fabrikam-fiber-inc.visualstudio.com/DefaultCollection/_apis/git/repositories/278d5cd2-584d-4b63-824a-2ba458937249/pullRequests/47"
         },
         {
            "repository": {
               "id": "278d5cd2-584d-4b63-824a-2ba458937249",
               "url": "https://fabrikam-fiber-inc.visualstudio.com/DefaultCollection/_apis/git/repositories/278d5cd2-584d-4b63-824a-2ba458937249"
            },
            "pullRequestId": 46,
            "status": "completed",
            "createdBy": {
               "id": "8c8c7d32-6b1b-47f4-b2e9-30b477b5ab3d",
               "displayName": "Chuck Reinhart",
               "uniqueName": "fabrikamfiber3@hotmail.com",
               "url": "https://fabrikam-fiber-inc.vssps.visualstudio.com/_apis/Identities/8c8c7d32-6b1b-47f4-b2e9-30b477b5ab3d",
               "imageUrl": "https://fabrikam-fiber-inc.visualstudio.com/DefaultCollection/_api/_common/identityImage?id=8c8c7d32-6b1b-47f4-b2e9-30b477b5ab3d"
            },
            "creationDate": "2014-10-02T18:24:36.9106772Z",
            "closedDate": "2014-10-02T18:24:41.3706678Z",
            "title": "New fix for hello world class",
            "description": "Example pull request showing review and integration of a simple change.",
            "sourceRefName": "refs/heads/npaulk/feature",
            "targetRefName": "refs/heads/master",
            "mergeStatus": "succeeded",
            "mergeId": "281a48c8-8675-4442-9e63-72dabf651147",
            "lastMergeSourceCommit": {
               "commitId": "23d0bc5b128a10056dc68afece360d8a0fabb014",
               "url": "https://fabrikam-fiber-inc.visualstudio.com/DefaultCollection/_apis/git/repositories/278d5cd2-584d-4b63-824a-2ba458937249/commits/23d0bc5b128a10056dc68afece360d8a0fabb014"
            },
            "lastMergeTargetCommit": {
               "commitId": "23d0bc5b128a10056dc68afece360d8a0fabb014",
               "url": "https://fabrikam-fiber-inc.visualstudio.com/DefaultCollection/_apis/git/repositories/278d5cd2-584d-4b63-824a-2ba458937249/commits/23d0bc5b128a10056dc68afece360d8a0fabb014"
            },
            "lastMergeCommit": {
               "commitId": "23d0bc5b128a10056dc68afece360d8a0fabb014",
               "url": "https://fabrikam-fiber-inc.visualstudio.com/DefaultCollection/_apis/git/repositories/278d5cd2-584d-4b63-824a-2ba458937249/commits/23d0bc5b128a10056dc68afece360d8a0fabb014"
            },
            "url": "https://fabrikam-fiber-inc.visualstudio.com/DefaultCollection/_apis/git/repositories/278d5cd2-584d-4b63-824a-2ba458937249/pullRequests/46"
         },
         {
            "repository": {
               "id": "278d5cd2-584d-4b63-824a-2ba458937249",
               "url": "https://fabrikam-fiber-inc.visualstudio.com/DefaultCollection/_apis/git/repositories/278d5cd2-584d-4b63-824a-2ba458937249"
            },
            "pullRequestId": 45,
            "status": "completed",
            "createdBy": {
               "id": "8c8c7d32-6b1b-47f4-b2e9-30b477b5ab3d",
               "displayName": "Chuck Reinhart",
               "uniqueName": "fabrikamfiber3@hotmail.com",
               "url": "https://fabrikam-fiber-inc.vssps.visualstudio.com/_apis/Identities/8c8c7d32-6b1b-47f4-b2e9-30b477b5ab3d",
               "imageUrl": "https://fabrikam-fiber-inc.visualstudio.com/DefaultCollection/_api/_common/identityImage?id=8c8c7d32-6b1b-47f4-b2e9-30b477b5ab3d"
            },
            "creationDate": "2014-10-02T18:10:27.2600938Z",
            "closedDate": "2014-10-02T18:10:32.6898845Z",
            "title": "New fix for hello world class",
            "description": "Example pull request showing review and integration of a simple change.",
            "sourceRefName": "refs/heads/npaulk/feature",
            "targetRefName": "refs/heads/master",
            "mergeStatus": "succeeded",
            "mergeId": "c8bb3a02-9ea1-4f14-9c6b-25ecf2ea7dee",
            "lastMergeSourceCommit": {
               "commitId": "23d0bc5b128a10056dc68afece360d8a0fabb014",
               "url": "https://fabrikam-fiber-inc.visualstudio.com/DefaultCollection/_apis/git/repositories/278d5cd2-584d-4b63-824a-2ba458937249/commits/23d0bc5b128a10056dc68afece360d8a0fabb014"
            },
            "lastMergeTargetCommit": {
               "commitId": "23d0bc5b128a10056dc68afece360d8a0fabb014",
               "url": "https://fabrikam-fiber-inc.visualstudio.com/DefaultCollection/_apis/git/repositories/278d5cd2-584d-4b63-824a-2ba458937249/commits/23d0bc5b128a10056dc68afece360d8a0fabb014"
            },
            "lastMergeCommit": {
               "commitId": "23d0bc5b128a10056dc68afece360d8a0fabb014",
               "url": "https://fabrikam-fiber-inc.visualstudio.com/DefaultCollection/_apis/git/repositories/278d5cd2-584d-4b63-824a-2ba458937249/commits/23d0bc5b128a10056dc68afece360d8a0fabb014"
            },
            "url": "https://fabrikam-fiber-inc.visualstudio.com/DefaultCollection/_apis/git/repositories/278d5cd2-584d-4b63-824a-2ba458937249/pullRequests/45"
         },
         {
            "repository": {
               "id": "278d5cd2-584d-4b63-824a-2ba458937249",
               "url": "https://fabrikam-fiber-inc.visualstudio.com/DefaultCollection/_apis/git/repositories/278d5cd2-584d-4b63-824a-2ba458937249"
            },
            "pullRequestId": 44,
            "status": "completed",
            "createdBy": {
               "id": "8c8c7d32-6b1b-47f4-b2e9-30b477b5ab3d",
               "displayName": "Chuck Reinhart",
               "uniqueName": "fabrikamfiber3@hotmail.com",
               "url": "https://fabrikam-fiber-inc.vssps.visualstudio.com/_apis/Identities/8c8c7d32-6b1b-47f4-b2e9-30b477b5ab3d",
               "imageUrl": "https://fabrikam-fiber-inc.visualstudio.com/DefaultCollection/_api/_common/identityImage?id=8c8c7d32-6b1b-47f4-b2e9-30b477b5ab3d"
            },
            "creationDate": "2014-10-02T18:02:36.5926225Z",
            "closedDate": "2014-10-02T18:02:42.7202086Z",
            "title": "New fix for hello world class",
            "description": "Example pull request showing review and integration of a simple change.",
            "sourceRefName": "refs/heads/npaulk/feature",
            "targetRefName": "refs/heads/master",
            "mergeStatus": "succeeded",
            "mergeId": "7db28c08-7f5e-4c75-848d-352b83f7d223",
            "lastMergeSourceCommit": {
               "commitId": "23d0bc5b128a10056dc68afece360d8a0fabb014",
               "url": "https://fabrikam-fiber-inc.visualstudio.com/DefaultCollection/_apis/git/repositories/278d5cd2-584d-4b63-824a-2ba458937249/commits/23d0bc5b128a10056dc68afece360d8a0fabb014"
            },
            "lastMergeTargetCommit": {
               "commitId": "23d0bc5b128a10056dc68afece360d8a0fabb014",
               "url": "https://fabrikam-fiber-inc.visualstudio.com/DefaultCollection/_apis/git/repositories/278d5cd2-584d-4b63-824a-2ba458937249/commits/23d0bc5b128a10056dc68afece360d8a0fabb014"
            },
            "lastMergeCommit": {
               "commitId": "23d0bc5b128a10056dc68afece360d8a0fabb014",
               "url": "https://fabrikam-fiber-inc.visualstudio.com/DefaultCollection/_apis/git/repositories/278d5cd2-584d-4b63-824a-2ba458937249/commits/23d0bc5b128a10056dc68afece360d8a0fabb014"
            },
            "url": "https://fabrikam-fiber-inc.visualstudio.com/DefaultCollection/_apis/git/repositories/278d5cd2-584d-4b63-824a-2ba458937249/pullRequests/44"
         },
         {
            "repository": {
               "id": "278d5cd2-584d-4b63-824a-2ba458937249",
               "url": "https://fabrikam-fiber-inc.visualstudio.com/DefaultCollection/_apis/git/repositories/278d5cd2-584d-4b63-824a-2ba458937249"
            },
            "pullRequestId": 43,
            "status": "completed",
            "createdBy": {
               "id": "8c8c7d32-6b1b-47f4-b2e9-30b477b5ab3d",
               "displayName": "Chuck Reinhart",
               "uniqueName": "fabrikamfiber3@hotmail.com",
               "url": "https://fabrikam-fiber-inc.vssps.visualstudio.com/_apis/Identities/8c8c7d32-6b1b-47f4-b2e9-30b477b5ab3d",
               "imageUrl": "https://fabrikam-fiber-inc.visualstudio.com/DefaultCollection/_api/_common/identityImage?id=8c8c7d32-6b1b-47f4-b2e9-30b477b5ab3d"
            },
            "creationDate": "2014-10-02T17:32:56.660884Z",
            "closedDate": "2014-10-02T17:33:01.3796711Z",
            "title": "New fix for hello world class",
            "description": "Example pull request showing review and integration of a simple change.",
            "sourceRefName": "refs/heads/npaulk/feature",
            "targetRefName": "refs/heads/master",
            "mergeStatus": "succeeded",
            "mergeId": "c5cbd8ff-7d76-4292-84d2-5bd70df12e56",
            "lastMergeSourceCommit": {
               "commitId": "23d0bc5b128a10056dc68afece360d8a0fabb014",
               "url": "https://fabrikam-fiber-inc.visualstudio.com/DefaultCollection/_apis/git/repositories/278d5cd2-584d-4b63-824a-2ba458937249/commits/23d0bc5b128a10056dc68afece360d8a0fabb014"
            },
            "lastMergeTargetCommit": {
               "commitId": "23d0bc5b128a10056dc68afece360d8a0fabb014",
               "url": "https://fabrikam-fiber-inc.visualstudio.com/DefaultCollection/_apis/git/repositories/278d5cd2-584d-4b63-824a-2ba458937249/commits/23d0bc5b128a10056dc68afece360d8a0fabb014"
            },
            "lastMergeCommit": {
               "commitId": "23d0bc5b128a10056dc68afece360d8a0fabb014",
               "url": "https://fabrikam-fiber-inc.visualstudio.com/DefaultCollection/_apis/git/repositories/278d5cd2-584d-4b63-824a-2ba458937249/commits/23d0bc5b128a10056dc68afece360d8a0fabb014"
            },
            "url": "https://fabrikam-fiber-inc.visualstudio.com/DefaultCollection/_apis/git/repositories/278d5cd2-584d-4b63-824a-2ba458937249/pullRequests/43"
         },
         {
            "repository": {
               "id": "278d5cd2-584d-4b63-824a-2ba458937249",
               "url": "https://fabrikam-fiber-inc.visualstudio.com/DefaultCollection/_apis/git/repositories/278d5cd2-584d-4b63-824a-2ba458937249"
            },
            "pullRequestId": 42,
            "status": "completed",
            "createdBy": {
               "id": "8c8c7d32-6b1b-47f4-b2e9-30b477b5ab3d",
               "displayName": "Chuck Reinhart",
               "uniqueName": "fabrikamfiber3@hotmail.com",
               "url": "https://fabrikam-fiber-inc.vssps.visualstudio.com/_apis/Identities/8c8c7d32-6b1b-47f4-b2e9-30b477b5ab3d",
               "imageUrl": "https://fabrikam-fiber-inc.visualstudio.com/DefaultCollection/_api/_common/identityImage?id=8c8c7d32-6b1b-47f4-b2e9-30b477b5ab3d"
            },
            "creationDate": "2014-10-02T16:37:48.674191Z",
            "closedDate": "2014-10-02T16:37:52.8148711Z",
            "title": "New fix for hello world class",
            "description": "Example pull request showing review and integration of a simple change.",
            "sourceRefName": "refs/heads/npaulk/feature",
            "targetRefName": "refs/heads/master",
            "mergeStatus": "succeeded",
            "mergeId": "43de9c66-e417-4203-b99e-0b3a51e88c8f",
            "lastMergeSourceCommit": {
               "commitId": "23d0bc5b128a10056dc68afece360d8a0fabb014",
               "url": "https://fabrikam-fiber-inc.visualstudio.com/DefaultCollection/_apis/git/repositories/278d5cd2-584d-4b63-824a-2ba458937249/commits/23d0bc5b128a10056dc68afece360d8a0fabb014"
            },
            "lastMergeTargetCommit": {
               "commitId": "23d0bc5b128a10056dc68afece360d8a0fabb014",
               "url": "https://fabrikam-fiber-inc.visualstudio.com/DefaultCollection/_apis/git/repositories/278d5cd2-584d-4b63-824a-2ba458937249/commits/23d0bc5b128a10056dc68afece360d8a0fabb014"
            },
            "lastMergeCommit": {
               "commitId": "23d0bc5b128a10056dc68afece360d8a0fabb014",
               "url": "https://fabrikam-fiber-inc.visualstudio.com/DefaultCollection/_apis/git/repositories/278d5cd2-584d-4b63-824a-2ba458937249/commits/23d0bc5b128a10056dc68afece360d8a0fabb014"
            },
            "url": "https://fabrikam-fiber-inc.visualstudio.com/DefaultCollection/_apis/git/repositories/278d5cd2-584d-4b63-824a-2ba458937249/pullRequests/42"
         },
         {
            "repository": {
               "id": "278d5cd2-584d-4b63-824a-2ba458937249",
               "url": "https://fabrikam-fiber-inc.visualstudio.com/DefaultCollection/_apis/git/repositories/278d5cd2-584d-4b63-824a-2ba458937249"
            },
            "pullRequestId": 41,
            "status": "completed",
            "createdBy": {
               "id": "8c8c7d32-6b1b-47f4-b2e9-30b477b5ab3d",
               "displayName": "Chuck Reinhart",
               "uniqueName": "fabrikamfiber3@hotmail.com",
               "url": "https://fabrikam-fiber-inc.vssps.visualstudio.com/_apis/Identities/8c8c7d32-6b1b-47f4-b2e9-30b477b5ab3d",
               "imageUrl": "https://fabrikam-fiber-inc.visualstudio.com/DefaultCollection/_api/_common/identityImage?id=8c8c7d32-6b1b-47f4-b2e9-30b477b5ab3d"
            },
            "creationDate": "2014-10-02T16:24:56.6074418Z",
            "closedDate": "2014-10-02T16:25:01.8418326Z",
            "title": "New fix for hello world class",
            "description": "Example pull request showing review and integration of a simple change.",
            "sourceRefName": "refs/heads/npaulk/feature",
            "targetRefName": "refs/heads/master",
            "mergeStatus": "succeeded",
            "mergeId": "dabb8751-0c44-4aef-9ea5-f1e0f0ed0d2e",
            "lastMergeSourceCommit": {
               "commitId": "23d0bc5b128a10056dc68afece360d8a0fabb014",
               "url": "https://fabrikam-fiber-inc.visualstudio.com/DefaultCollection/_apis/git/repositories/278d5cd2-584d-4b63-824a-2ba458937249/commits/23d0bc5b128a10056dc68afece360d8a0fabb014"
            },
            "lastMergeTargetCommit": {
               "commitId": "23d0bc5b128a10056dc68afece360d8a0fabb014",
               "url": "https://fabrikam-fiber-inc.visualstudio.com/DefaultCollection/_apis/git/repositories/278d5cd2-584d-4b63-824a-2ba458937249/commits/23d0bc5b128a10056dc68afece360d8a0fabb014"
            },
            "lastMergeCommit": {
               "commitId": "23d0bc5b128a10056dc68afece360d8a0fabb014",
               "url": "https://fabrikam-fiber-inc.visualstudio.com/DefaultCollection/_apis/git/repositories/278d5cd2-584d-4b63-824a-2ba458937249/commits/23d0bc5b128a10056dc68afece360d8a0fabb014"
            },
            "url": "https://fabrikam-fiber-inc.visualstudio.com/DefaultCollection/_apis/git/repositories/278d5cd2-584d-4b63-824a-2ba458937249/pullRequests/41"
         },
         {
            "repository": {
               "id": "278d5cd2-584d-4b63-824a-2ba458937249",
               "url": "https://fabrikam-fiber-inc.visualstudio.com/DefaultCollection/_apis/git/repositories/278d5cd2-584d-4b63-824a-2ba458937249"
            },
            "pullRequestId": 40,
            "status": "completed",
            "createdBy": {
               "id": "8c8c7d32-6b1b-47f4-b2e9-30b477b5ab3d",
               "displayName": "Chuck Reinhart",
               "uniqueName": "fabrikamfiber3@hotmail.com",
               "url": "https://fabrikam-fiber-inc.vssps.visualstudio.com/_apis/Identities/8c8c7d32-6b1b-47f4-b2e9-30b477b5ab3d",
               "imageUrl": "https://fabrikam-fiber-inc.visualstudio.com/DefaultCollection/_api/_common/identityImage?id=8c8c7d32-6b1b-47f4-b2e9-30b477b5ab3d"
            },
            "creationDate": "2014-10-02T16:03:40.0004633Z",
            "closedDate": "2014-10-02T16:03:44.6879623Z",
            "title": "New fix for hello world class",
            "description": "Example pull request showing review and integration of a simple change.",
            "sourceRefName": "refs/heads/npaulk/feature",
            "targetRefName": "refs/heads/master",
            "mergeStatus": "succeeded",
            "mergeId": "a9296a39-edeb-4606-9244-03f418bc40a9",
            "lastMergeSourceCommit": {
               "commitId": "23d0bc5b128a10056dc68afece360d8a0fabb014",
               "url": "https://fabrikam-fiber-inc.visualstudio.com/DefaultCollection/_apis/git/repositories/278d5cd2-584d-4b63-824a-2ba458937249/commits/23d0bc5b128a10056dc68afece360d8a0fabb014"
            },
            "lastMergeTargetCommit": {
               "commitId": "23d0bc5b128a10056dc68afece360d8a0fabb014",
               "url": "https://fabrikam-fiber-inc.visualstudio.com/DefaultCollection/_apis/git/repositories/278d5cd2-584d-4b63-824a-2ba458937249/commits/23d0bc5b128a10056dc68afece360d8a0fabb014"
            },
            "lastMergeCommit": {
               "commitId": "23d0bc5b128a10056dc68afece360d8a0fabb014",
               "url": "https://fabrikam-fiber-inc.visualstudio.com/DefaultCollection/_apis/git/repositories/278d5cd2-584d-4b63-824a-2ba458937249/commits/23d0bc5b128a10056dc68afece360d8a0fabb014"
            },
            "url": "https://fabrikam-fiber-inc.visualstudio.com/DefaultCollection/_apis/git/repositories/278d5cd2-584d-4b63-824a-2ba458937249/pullRequests/40"
         },
         {
            "repository": {
               "id": "278d5cd2-584d-4b63-824a-2ba458937249",
               "url": "https://fabrikam-fiber-inc.visualstudio.com/DefaultCollection/_apis/git/repositories/278d5cd2-584d-4b63-824a-2ba458937249"
            },
            "pullRequestId": 39,
            "status": "completed",
            "createdBy": {
               "id": "8c8c7d32-6b1b-47f4-b2e9-30b477b5ab3d",
               "displayName": "Chuck Reinhart",
               "uniqueName": "fabrikamfiber3@hotmail.com",
               "url": "https://fabrikam-fiber-inc.vssps.visualstudio.com/_apis/Identities/8c8c7d32-6b1b-47f4-b2e9-30b477b5ab3d",
               "imageUrl": "https://fabrikam-fiber-inc.visualstudio.com/DefaultCollection/_api/_common/identityImage?id=8c8c7d32-6b1b-47f4-b2e9-30b477b5ab3d"
            },
            "creationDate": "2014-10-01T23:22:44.8888383Z",
            "closedDate": "2014-10-01T23:22:49.4974055Z",
            "title": "New fix for hello world class",
            "description": "Example pull request showing review and integration of a simple change.",
            "sourceRefName": "refs/heads/npaulk/feature",
            "targetRefName": "refs/heads/master",
            "mergeStatus": "succeeded",
            "mergeId": "86add78f-286a-4578-bbb2-a2817af015b1",
            "lastMergeSourceCommit": {
               "commitId": "23d0bc5b128a10056dc68afece360d8a0fabb014",
               "url": "https://fabrikam-fiber-inc.visualstudio.com/DefaultCollection/_apis/git/repositories/278d5cd2-584d-4b63-824a-2ba458937249/commits/23d0bc5b128a10056dc68afece360d8a0fabb014"
            },
            "lastMergeTargetCommit": {
               "commitId": "23d0bc5b128a10056dc68afece360d8a0fabb014",
               "url": "https://fabrikam-fiber-inc.visualstudio.com/DefaultCollection/_apis/git/repositories/278d5cd2-584d-4b63-824a-2ba458937249/commits/23d0bc5b128a10056dc68afece360d8a0fabb014"
            },
            "lastMergeCommit": {
               "commitId": "23d0bc5b128a10056dc68afece360d8a0fabb014",
               "url": "https://fabrikam-fiber-inc.visualstudio.com/DefaultCollection/_apis/git/repositories/278d5cd2-584d-4b63-824a-2ba458937249/commits/23d0bc5b128a10056dc68afece360d8a0fabb014"
            },
            "url": "https://fabrikam-fiber-inc.visualstudio.com/DefaultCollection/_apis/git/repositories/278d5cd2-584d-4b63-824a-2ba458937249/pullRequests/39"
         },
         {
            "repository": {
               "id": "278d5cd2-584d-4b63-824a-2ba458937249",
               "url": "https://fabrikam-fiber-inc.visualstudio.com/DefaultCollection/_apis/git/repositories/278d5cd2-584d-4b63-824a-2ba458937249"
            },
            "pullRequestId": 38,
            "status": "completed",
            "createdBy": {
               "id": "d6245f20-2af8-44f4-9451-8107cb2767db",
               "displayName": "Normal Paulk",
               "uniqueName": "fabrikamfiber16@hotmail.com",
               "url": "https://fabrikam-fiber-inc.vssps.visualstudio.com/_apis/Identities/d6245f20-2af8-44f4-9451-8107cb2767db",
               "imageUrl": "https://fabrikam-fiber-inc.visualstudio.com/DefaultCollection/_api/_common/identityImage?id=d6245f20-2af8-44f4-9451-8107cb2767db"
            },
            "creationDate": "2014-09-30T20:31:27.298824Z",
            "closedDate": "2014-09-30T20:31:29.5488512Z",
            "title": "New fix for hello world class",
            "description": "Example pull request showing review and integration of a simple change.",
            "sourceRefName": "refs/heads/npaulk/feature",
            "targetRefName": "refs/heads/master",
            "mergeStatus": "succeeded",
            "mergeId": "c0757679-d11b-4cec-ba60-98e6e2b2683f",
            "lastMergeSourceCommit": {
               "commitId": "23d0bc5b128a10056dc68afece360d8a0fabb014",
               "url": "https://fabrikam-fiber-inc.visualstudio.com/DefaultCollection/_apis/git/repositories/278d5cd2-584d-4b63-824a-2ba458937249/commits/23d0bc5b128a10056dc68afece360d8a0fabb014"
            },
            "lastMergeTargetCommit": {
               "commitId": "23d0bc5b128a10056dc68afece360d8a0fabb014",
               "url": "https://fabrikam-fiber-inc.visualstudio.com/DefaultCollection/_apis/git/repositories/278d5cd2-584d-4b63-824a-2ba458937249/commits/23d0bc5b128a10056dc68afece360d8a0fabb014"
            },
            "lastMergeCommit": {
               "commitId": "23d0bc5b128a10056dc68afece360d8a0fabb014",
               "url": "https://fabrikam-fiber-inc.visualstudio.com/DefaultCollection/_apis/git/repositories/278d5cd2-584d-4b63-824a-2ba458937249/commits/23d0bc5b128a10056dc68afece360d8a0fabb014"
            },
            "url": "https://fabrikam-fiber-inc.visualstudio.com/DefaultCollection/_apis/git/repositories/278d5cd2-584d-4b63-824a-2ba458937249/pullRequests/38"
         },
         {
            "repository": {
               "id": "278d5cd2-584d-4b63-824a-2ba458937249",
               "url": "https://fabrikam-fiber-inc.visualstudio.com/DefaultCollection/_apis/git/repositories/278d5cd2-584d-4b63-824a-2ba458937249"
            },
            "pullRequestId": 37,
            "status": "completed",
            "createdBy": {
               "id": "d6245f20-2af8-44f4-9451-8107cb2767db",
               "displayName": "Normal Paulk",
               "uniqueName": "fabrikamfiber16@hotmail.com",
               "url": "https://fabrikam-fiber-inc.vssps.visualstudio.com/_apis/Identities/d6245f20-2af8-44f4-9451-8107cb2767db",
               "imageUrl": "https://fabrikam-fiber-inc.visualstudio.com/DefaultCollection/_api/_common/identityImage?id=d6245f20-2af8-44f4-9451-8107cb2767db"
            },
            "creationDate": "2014-09-30T20:29:59.861867Z",
            "closedDate": "2014-09-30T20:30:02.0024942Z",
            "title": "New fix for hello world class",
            "description": "Example pull request showing review and integration of a simple change.",
            "sourceRefName": "refs/heads/npaulk/feature",
            "targetRefName": "refs/heads/master",
            "mergeStatus": "succeeded",
            "mergeId": "e5565255-857c-427f-8968-a29e8e22dd19",
            "lastMergeSourceCommit": {
               "commitId": "23d0bc5b128a10056dc68afece360d8a0fabb014",
               "url": "https://fabrikam-fiber-inc.visualstudio.com/DefaultCollection/_apis/git/repositories/278d5cd2-584d-4b63-824a-2ba458937249/commits/23d0bc5b128a10056dc68afece360d8a0fabb014"
            },
            "lastMergeTargetCommit": {
               "commitId": "23d0bc5b128a10056dc68afece360d8a0fabb014",
               "url": "https://fabrikam-fiber-inc.visualstudio.com/DefaultCollection/_apis/git/repositories/278d5cd2-584d-4b63-824a-2ba458937249/commits/23d0bc5b128a10056dc68afece360d8a0fabb014"
            },
            "lastMergeCommit": {
               "commitId": "23d0bc5b128a10056dc68afece360d8a0fabb014",
               "url": "https://fabrikam-fiber-inc.visualstudio.com/DefaultCollection/_apis/git/repositories/278d5cd2-584d-4b63-824a-2ba458937249/commits/23d0bc5b128a10056dc68afece360d8a0fabb014"
            },
            "url": "https://fabrikam-fiber-inc.visualstudio.com/DefaultCollection/_apis/git/repositories/278d5cd2-584d-4b63-824a-2ba458937249/pullRequests/37"
         },
         {
            "repository": {
               "id": "278d5cd2-584d-4b63-824a-2ba458937249",
               "url": "https://fabrikam-fiber-inc.visualstudio.com/DefaultCollection/_apis/git/repositories/278d5cd2-584d-4b63-824a-2ba458937249"
            },
            "pullRequestId": 36,
            "status": "completed",
            "createdBy": {
               "id": "d6245f20-2af8-44f4-9451-8107cb2767db",
               "displayName": "Normal Paulk",
               "uniqueName": "fabrikamfiber16@hotmail.com",
               "url": "https://fabrikam-fiber-inc.vssps.visualstudio.com/_apis/Identities/d6245f20-2af8-44f4-9451-8107cb2767db",
               "imageUrl": "https://fabrikam-fiber-inc.visualstudio.com/DefaultCollection/_api/_common/identityImage?id=d6245f20-2af8-44f4-9451-8107cb2767db"
            },
            "creationDate": "2014-09-30T20:27:35.0660785Z",
            "closedDate": "2014-09-30T20:27:37.1911072Z",
            "title": "New fix for hello world class",
            "description": "Example pull request showing review and integration of a simple change.",
            "sourceRefName": "refs/heads/npaulk/feature",
            "targetRefName": "refs/heads/master",
            "mergeStatus": "succeeded",
            "mergeId": "d63985c6-6533-4faa-a456-65150f63e9b0",
            "lastMergeSourceCommit": {
               "commitId": "23d0bc5b128a10056dc68afece360d8a0fabb014",
               "url": "https://fabrikam-fiber-inc.visualstudio.com/DefaultCollection/_apis/git/repositories/278d5cd2-584d-4b63-824a-2ba458937249/commits/23d0bc5b128a10056dc68afece360d8a0fabb014"
            },
            "lastMergeTargetCommit": {
               "commitId": "23d0bc5b128a10056dc68afece360d8a0fabb014",
               "url": "https://fabrikam-fiber-inc.visualstudio.com/DefaultCollection/_apis/git/repositories/278d5cd2-584d-4b63-824a-2ba458937249/commits/23d0bc5b128a10056dc68afece360d8a0fabb014"
            },
            "lastMergeCommit": {
               "commitId": "23d0bc5b128a10056dc68afece360d8a0fabb014",
               "url": "https://fabrikam-fiber-inc.visualstudio.com/DefaultCollection/_apis/git/repositories/278d5cd2-584d-4b63-824a-2ba458937249/commits/23d0bc5b128a10056dc68afece360d8a0fabb014"
            },
            "url": "https://fabrikam-fiber-inc.visualstudio.com/DefaultCollection/_apis/git/repositories/278d5cd2-584d-4b63-824a-2ba458937249/pullRequests/36"
         },
         {
            "repository": {
               "id": "278d5cd2-584d-4b63-824a-2ba458937249",
               "url": "https://fabrikam-fiber-inc.visualstudio.com/DefaultCollection/_apis/git/repositories/278d5cd2-584d-4b63-824a-2ba458937249"
            },
            "pullRequestId": 35,
            "status": "completed",
            "createdBy": {
               "id": "d6245f20-2af8-44f4-9451-8107cb2767db",
               "displayName": "Normal Paulk",
               "uniqueName": "fabrikamfiber16@hotmail.com",
               "url": "https://fabrikam-fiber-inc.vssps.visualstudio.com/_apis/Identities/d6245f20-2af8-44f4-9451-8107cb2767db",
               "imageUrl": "https://fabrikam-fiber-inc.visualstudio.com/DefaultCollection/_api/_common/identityImage?id=d6245f20-2af8-44f4-9451-8107cb2767db"
            },
            "creationDate": "2014-09-30T20:23:53.0793876Z",
            "closedDate": "2014-09-30T20:23:55.501271Z",
            "title": "New fix for hello world class",
            "description": "Example pull request showing review and integration of a simple change.",
            "sourceRefName": "refs/heads/npaulk/feature",
            "targetRefName": "refs/heads/master",
            "mergeStatus": "succeeded",
            "mergeId": "35bc006b-2cc8-4228-87fb-306a5d6f36d3",
            "lastMergeSourceCommit": {
               "commitId": "23d0bc5b128a10056dc68afece360d8a0fabb014",
               "url": "https://fabrikam-fiber-inc.visualstudio.com/DefaultCollection/_apis/git/repositories/278d5cd2-584d-4b63-824a-2ba458937249/commits/23d0bc5b128a10056dc68afece360d8a0fabb014"
            },
            "lastMergeTargetCommit": {
               "commitId": "23d0bc5b128a10056dc68afece360d8a0fabb014",
               "url": "https://fabrikam-fiber-inc.visualstudio.com/DefaultCollection/_apis/git/repositories/278d5cd2-584d-4b63-824a-2ba458937249/commits/23d0bc5b128a10056dc68afece360d8a0fabb014"
            },
            "lastMergeCommit": {
               "commitId": "23d0bc5b128a10056dc68afece360d8a0fabb014",
               "url": "https://fabrikam-fiber-inc.visualstudio.com/DefaultCollection/_apis/git/repositories/278d5cd2-584d-4b63-824a-2ba458937249/commits/23d0bc5b128a10056dc68afece360d8a0fabb014"
            },
            "url": "https://fabrikam-fiber-inc.visualstudio.com/DefaultCollection/_apis/git/repositories/278d5cd2-584d-4b63-824a-2ba458937249/pullRequests/35"
         },
         {
            "repository": {
               "id": "278d5cd2-584d-4b63-824a-2ba458937249",
               "url": "https://fabrikam-fiber-inc.visualstudio.com/DefaultCollection/_apis/git/repositories/278d5cd2-584d-4b63-824a-2ba458937249"
            },
            "pullRequestId": 34,
            "status": "completed",
            "createdBy": {
               "id": "d6245f20-2af8-44f4-9451-8107cb2767db",
               "displayName": "Normal Paulk",
               "uniqueName": "fabrikamfiber16@hotmail.com",
               "url": "https://fabrikam-fiber-inc.vssps.visualstudio.com/_apis/Identities/d6245f20-2af8-44f4-9451-8107cb2767db",
               "imageUrl": "https://fabrikam-fiber-inc.visualstudio.com/DefaultCollection/_api/_common/identityImage?id=d6245f20-2af8-44f4-9451-8107cb2767db"
            },
            "creationDate": "2014-09-30T20:21:45.1241342Z",
            "closedDate": "2014-09-30T20:21:47.2960226Z",
            "title": "New fix for hello world class",
            "description": "Example pull request showing review and integration of a simple change.",
            "sourceRefName": "refs/heads/npaulk/feature",
            "targetRefName": "refs/heads/master",
            "mergeStatus": "succeeded",
            "mergeId": "1f640dc7-d6b4-4cae-a2f3-b2c868492217",
            "lastMergeSourceCommit": {
               "commitId": "23d0bc5b128a10056dc68afece360d8a0fabb014",
               "url": "https://fabrikam-fiber-inc.visualstudio.com/DefaultCollection/_apis/git/repositories/278d5cd2-584d-4b63-824a-2ba458937249/commits/23d0bc5b128a10056dc68afece360d8a0fabb014"
            },
            "lastMergeTargetCommit": {
               "commitId": "23d0bc5b128a10056dc68afece360d8a0fabb014",
               "url": "https://fabrikam-fiber-inc.visualstudio.com/DefaultCollection/_apis/git/repositories/278d5cd2-584d-4b63-824a-2ba458937249/commits/23d0bc5b128a10056dc68afece360d8a0fabb014"
            },
            "lastMergeCommit": {
               "commitId": "23d0bc5b128a10056dc68afece360d8a0fabb014",
               "url": "https://fabrikam-fiber-inc.visualstudio.com/DefaultCollection/_apis/git/repositories/278d5cd2-584d-4b63-824a-2ba458937249/commits/23d0bc5b128a10056dc68afece360d8a0fabb014"
            },
            "url": "https://fabrikam-fiber-inc.visualstudio.com/DefaultCollection/_apis/git/repositories/278d5cd2-584d-4b63-824a-2ba458937249/pullRequests/34"
         },
         {
            "repository": {
               "id": "278d5cd2-584d-4b63-824a-2ba458937249",
               "url": "https://fabrikam-fiber-inc.visualstudio.com/DefaultCollection/_apis/git/repositories/278d5cd2-584d-4b63-824a-2ba458937249"
            },
            "pullRequestId": 33,
            "status": "completed",
            "createdBy": {
               "id": "d6245f20-2af8-44f4-9451-8107cb2767db",
               "displayName": "Normal Paulk",
               "uniqueName": "fabrikamfiber16@hotmail.com",
               "url": "https://fabrikam-fiber-inc.vssps.visualstudio.com/_apis/Identities/d6245f20-2af8-44f4-9451-8107cb2767db",
               "imageUrl": "https://fabrikam-fiber-inc.visualstudio.com/DefaultCollection/_api/_common/identityImage?id=d6245f20-2af8-44f4-9451-8107cb2767db"
            },
            "creationDate": "2014-09-30T20:19:53.4202556Z",
            "closedDate": "2014-09-30T20:19:56.4387207Z",
            "title": "New fix for hello world class",
            "description": "Example pull request showing review and integration of a simple change.",
            "sourceRefName": "refs/heads/npaulk/feature",
            "targetRefName": "refs/heads/master",
            "mergeStatus": "succeeded",
            "mergeId": "c93d13f7-e8d3-43a4-add7-a6aaefeac489",
            "lastMergeSourceCommit": {
               "commitId": "23d0bc5b128a10056dc68afece360d8a0fabb014",
               "url": "https://fabrikam-fiber-inc.visualstudio.com/DefaultCollection/_apis/git/repositories/278d5cd2-584d-4b63-824a-2ba458937249/commits/23d0bc5b128a10056dc68afece360d8a0fabb014"
            },
            "lastMergeTargetCommit": {
               "commitId": "23d0bc5b128a10056dc68afece360d8a0fabb014",
               "url": "https://fabrikam-fiber-inc.visualstudio.com/DefaultCollection/_apis/git/repositories/278d5cd2-584d-4b63-824a-2ba458937249/commits/23d0bc5b128a10056dc68afece360d8a0fabb014"
            },
            "lastMergeCommit": {
               "commitId": "23d0bc5b128a10056dc68afece360d8a0fabb014",
               "url": "https://fabrikam-fiber-inc.visualstudio.com/DefaultCollection/_apis/git/repositories/278d5cd2-584d-4b63-824a-2ba458937249/commits/23d0bc5b128a10056dc68afece360d8a0fabb014"
            },
            "url": "https://fabrikam-fiber-inc.visualstudio.com/DefaultCollection/_apis/git/repositories/278d5cd2-584d-4b63-824a-2ba458937249/pullRequests/33"
         },
         {
            "repository": {
               "id": "278d5cd2-584d-4b63-824a-2ba458937249",
               "url": "https://fabrikam-fiber-inc.visualstudio.com/DefaultCollection/_apis/git/repositories/278d5cd2-584d-4b63-824a-2ba458937249"
            },
            "pullRequestId": 32,
            "status": "completed",
            "createdBy": {
               "id": "d6245f20-2af8-44f4-9451-8107cb2767db",
               "displayName": "Normal Paulk",
               "uniqueName": "fabrikamfiber16@hotmail.com",
               "url": "https://fabrikam-fiber-inc.vssps.visualstudio.com/_apis/Identities/d6245f20-2af8-44f4-9451-8107cb2767db",
               "imageUrl": "https://fabrikam-fiber-inc.visualstudio.com/DefaultCollection/_api/_common/identityImage?id=d6245f20-2af8-44f4-9451-8107cb2767db"
            },
            "creationDate": "2014-09-30T20:19:34.2323527Z",
            "closedDate": "2014-09-30T20:19:36.7479941Z",
            "title": "New fix for hello world class",
            "description": "Example pull request showing review and integration of a simple change.",
            "sourceRefName": "refs/heads/npaulk/feature",
            "targetRefName": "refs/heads/master",
            "mergeStatus": "succeeded",
            "mergeId": "d7ad086e-7c9e-4806-9f01-8201f385cdd0",
            "lastMergeSourceCommit": {
               "commitId": "23d0bc5b128a10056dc68afece360d8a0fabb014",
               "url": "https://fabrikam-fiber-inc.visualstudio.com/DefaultCollection/_apis/git/repositories/278d5cd2-584d-4b63-824a-2ba458937249/commits/23d0bc5b128a10056dc68afece360d8a0fabb014"
            },
            "lastMergeTargetCommit": {
               "commitId": "23d0bc5b128a10056dc68afece360d8a0fabb014",
               "url": "https://fabrikam-fiber-inc.visualstudio.com/DefaultCollection/_apis/git/repositories/278d5cd2-584d-4b63-824a-2ba458937249/commits/23d0bc5b128a10056dc68afece360d8a0fabb014"
            },
            "lastMergeCommit": {
               "commitId": "23d0bc5b128a10056dc68afece360d8a0fabb014",
               "url": "https://fabrikam-fiber-inc.visualstudio.com/DefaultCollection/_apis/git/repositories/278d5cd2-584d-4b63-824a-2ba458937249/commits/23d0bc5b128a10056dc68afece360d8a0fabb014"
            },
            "url": "https://fabrikam-fiber-inc.visualstudio.com/DefaultCollection/_apis/git/repositories/278d5cd2-584d-4b63-824a-2ba458937249/pullRequests/32"
         },
         {
            "repository": {
               "id": "278d5cd2-584d-4b63-824a-2ba458937249",
               "url": "https://fabrikam-fiber-inc.visualstudio.com/DefaultCollection/_apis/git/repositories/278d5cd2-584d-4b63-824a-2ba458937249"
            },
            "pullRequestId": 31,
            "status": "completed",
            "createdBy": {
               "id": "d6245f20-2af8-44f4-9451-8107cb2767db",
               "displayName": "Normal Paulk",
               "uniqueName": "fabrikamfiber16@hotmail.com",
               "url": "https://fabrikam-fiber-inc.vssps.visualstudio.com/_apis/Identities/d6245f20-2af8-44f4-9451-8107cb2767db",
               "imageUrl": "https://fabrikam-fiber-inc.visualstudio.com/DefaultCollection/_api/_common/identityImage?id=d6245f20-2af8-44f4-9451-8107cb2767db"
            },
            "creationDate": "2014-09-30T20:16:38.756207Z",
            "closedDate": "2014-09-30T20:16:41.2755129Z",
            "title": "New fix for hello world class",
            "description": "Example pull request showing review and integration of a simple change.",
            "sourceRefName": "refs/heads/npaulk/feature",
            "targetRefName": "refs/heads/master",
            "mergeStatus": "succeeded",
            "mergeId": "206efb5b-4218-430d-858f-bfc064f6f797",
            "lastMergeSourceCommit": {
               "commitId": "23d0bc5b128a10056dc68afece360d8a0fabb014",
               "url": "https://fabrikam-fiber-inc.visualstudio.com/DefaultCollection/_apis/git/repositories/278d5cd2-584d-4b63-824a-2ba458937249/commits/23d0bc5b128a10056dc68afece360d8a0fabb014"
            },
            "lastMergeTargetCommit": {
               "commitId": "23d0bc5b128a10056dc68afece360d8a0fabb014",
               "url": "https://fabrikam-fiber-inc.visualstudio.com/DefaultCollection/_apis/git/repositories/278d5cd2-584d-4b63-824a-2ba458937249/commits/23d0bc5b128a10056dc68afece360d8a0fabb014"
            },
            "lastMergeCommit": {
               "commitId": "23d0bc5b128a10056dc68afece360d8a0fabb014",
               "url": "https://fabrikam-fiber-inc.visualstudio.com/DefaultCollection/_apis/git/repositories/278d5cd2-584d-4b63-824a-2ba458937249/commits/23d0bc5b128a10056dc68afece360d8a0fabb014"
            },
            "url": "https://fabrikam-fiber-inc.visualstudio.com/DefaultCollection/_apis/git/repositories/278d5cd2-584d-4b63-824a-2ba458937249/pullRequests/31"
         },
         {
            "repository": {
               "id": "278d5cd2-584d-4b63-824a-2ba458937249",
               "url": "https://fabrikam-fiber-inc.visualstudio.com/DefaultCollection/_apis/git/repositories/278d5cd2-584d-4b63-824a-2ba458937249"
            },
            "pullRequestId": 30,
            "status": "completed",
            "createdBy": {
               "id": "d6245f20-2af8-44f4-9451-8107cb2767db",
               "displayName": "Normal Paulk",
               "uniqueName": "fabrikamfiber16@hotmail.com",
               "url": "https://fabrikam-fiber-inc.vssps.visualstudio.com/_apis/Identities/d6245f20-2af8-44f4-9451-8107cb2767db",
               "imageUrl": "https://fabrikam-fiber-inc.visualstudio.com/DefaultCollection/_api/_common/identityImage?id=d6245f20-2af8-44f4-9451-8107cb2767db"
            },
            "creationDate": "2014-09-30T20:15:54.1016663Z",
            "closedDate": "2014-09-30T20:15:57.0861083Z",
            "title": "New fix for hello world class",
            "description": "Example pull request showing review and integration of a simple change.",
            "sourceRefName": "refs/heads/npaulk/feature",
            "targetRefName": "refs/heads/master",
            "mergeStatus": "succeeded",
            "mergeId": "ebf3505c-4972-4bd6-9f0e-a2288153cfa5",
            "lastMergeSourceCommit": {
               "commitId": "23d0bc5b128a10056dc68afece360d8a0fabb014",
               "url": "https://fabrikam-fiber-inc.visualstudio.com/DefaultCollection/_apis/git/repositories/278d5cd2-584d-4b63-824a-2ba458937249/commits/23d0bc5b128a10056dc68afece360d8a0fabb014"
            },
            "lastMergeTargetCommit": {
               "commitId": "23d0bc5b128a10056dc68afece360d8a0fabb014",
               "url": "https://fabrikam-fiber-inc.visualstudio.com/DefaultCollection/_apis/git/repositories/278d5cd2-584d-4b63-824a-2ba458937249/commits/23d0bc5b128a10056dc68afece360d8a0fabb014"
            },
            "lastMergeCommit": {
               "commitId": "23d0bc5b128a10056dc68afece360d8a0fabb014",
               "url": "https://fabrikam-fiber-inc.visualstudio.com/DefaultCollection/_apis/git/repositories/278d5cd2-584d-4b63-824a-2ba458937249/commits/23d0bc5b128a10056dc68afece360d8a0fabb014"
            },
            "url": "https://fabrikam-fiber-inc.visualstudio.com/DefaultCollection/_apis/git/repositories/278d5cd2-584d-4b63-824a-2ba458937249/pullRequests/30"
         },
         {
            "repository": {
               "id": "278d5cd2-584d-4b63-824a-2ba458937249",
               "url": "https://fabrikam-fiber-inc.visualstudio.com/DefaultCollection/_apis/git/repositories/278d5cd2-584d-4b63-824a-2ba458937249"
            },
            "pullRequestId": 29,
            "status": "completed",
            "createdBy": {
               "id": "d6245f20-2af8-44f4-9451-8107cb2767db",
               "displayName": "Normal Paulk",
               "uniqueName": "fabrikamfiber16@hotmail.com",
               "url": "https://fabrikam-fiber-inc.vssps.visualstudio.com/_apis/Identities/d6245f20-2af8-44f4-9451-8107cb2767db",
               "imageUrl": "https://fabrikam-fiber-inc.visualstudio.com/DefaultCollection/_api/_common/identityImage?id=d6245f20-2af8-44f4-9451-8107cb2767db"
            },
            "creationDate": "2014-09-30T20:13:29.7121334Z",
            "closedDate": "2014-09-30T20:13:34.1131432Z",
            "title": "New fix for hello world class",
            "description": "Example pull request showing review and integration of a simple change.",
            "sourceRefName": "refs/heads/npaulk/feature",
            "targetRefName": "refs/heads/master",
            "mergeStatus": "succeeded",
            "mergeId": "4bacf29c-9b60-4c79-9f8a-3cdd9ca1b212",
            "lastMergeSourceCommit": {
               "commitId": "23d0bc5b128a10056dc68afece360d8a0fabb014",
               "url": "https://fabrikam-fiber-inc.visualstudio.com/DefaultCollection/_apis/git/repositories/278d5cd2-584d-4b63-824a-2ba458937249/commits/23d0bc5b128a10056dc68afece360d8a0fabb014"
            },
            "lastMergeTargetCommit": {
               "commitId": "23d0bc5b128a10056dc68afece360d8a0fabb014",
               "url": "https://fabrikam-fiber-inc.visualstudio.com/DefaultCollection/_apis/git/repositories/278d5cd2-584d-4b63-824a-2ba458937249/commits/23d0bc5b128a10056dc68afece360d8a0fabb014"
            },
            "lastMergeCommit": {
               "commitId": "23d0bc5b128a10056dc68afece360d8a0fabb014",
               "url": "https://fabrikam-fiber-inc.visualstudio.com/DefaultCollection/_apis/git/repositories/278d5cd2-584d-4b63-824a-2ba458937249/commits/23d0bc5b128a10056dc68afece360d8a0fabb014"
            },
            "url": "https://fabrikam-fiber-inc.visualstudio.com/DefaultCollection/_apis/git/repositories/278d5cd2-584d-4b63-824a-2ba458937249/pullRequests/29"
         },
         {
            "repository": {
               "id": "278d5cd2-584d-4b63-824a-2ba458937249",
               "url": "https://fabrikam-fiber-inc.visualstudio.com/DefaultCollection/_apis/git/repositories/278d5cd2-584d-4b63-824a-2ba458937249"
            },
            "pullRequestId": 28,
            "status": "completed",
            "createdBy": {
               "id": "d6245f20-2af8-44f4-9451-8107cb2767db",
               "displayName": "Normal Paulk",
               "uniqueName": "fabrikamfiber16@hotmail.com",
               "url": "https://fabrikam-fiber-inc.vssps.visualstudio.com/_apis/Identities/d6245f20-2af8-44f4-9451-8107cb2767db",
               "imageUrl": "https://fabrikam-fiber-inc.visualstudio.com/DefaultCollection/_api/_common/identityImage?id=d6245f20-2af8-44f4-9451-8107cb2767db"
            },
            "creationDate": "2014-09-30T18:59:04.3880393Z",
            "closedDate": "2014-09-30T18:59:07.3114548Z",
            "title": "New fix for hello world class",
            "description": "Example pull request showing review and integration of a simple change.",
            "sourceRefName": "refs/heads/npaulk/feature",
            "targetRefName": "refs/heads/master",
            "mergeStatus": "succeeded",
            "mergeId": "14e99962-e9b6-4658-87e2-7ea402f8aa00",
            "lastMergeSourceCommit": {
               "commitId": "23d0bc5b128a10056dc68afece360d8a0fabb014",
               "url": "https://fabrikam-fiber-inc.visualstudio.com/DefaultCollection/_apis/git/repositories/278d5cd2-584d-4b63-824a-2ba458937249/commits/23d0bc5b128a10056dc68afece360d8a0fabb014"
            },
            "lastMergeTargetCommit": {
               "commitId": "23d0bc5b128a10056dc68afece360d8a0fabb014",
               "url": "https://fabrikam-fiber-inc.visualstudio.com/DefaultCollection/_apis/git/repositories/278d5cd2-584d-4b63-824a-2ba458937249/commits/23d0bc5b128a10056dc68afece360d8a0fabb014"
            },
            "lastMergeCommit": {
               "commitId": "23d0bc5b128a10056dc68afece360d8a0fabb014",
               "url": "https://fabrikam-fiber-inc.visualstudio.com/DefaultCollection/_apis/git/repositories/278d5cd2-584d-4b63-824a-2ba458937249/commits/23d0bc5b128a10056dc68afece360d8a0fabb014"
            },
            "url": "https://fabrikam-fiber-inc.visualstudio.com/DefaultCollection/_apis/git/repositories/278d5cd2-584d-4b63-824a-2ba458937249/pullRequests/28"
         },
         {
            "repository": {
               "id": "278d5cd2-584d-4b63-824a-2ba458937249",
               "url": "https://fabrikam-fiber-inc.visualstudio.com/DefaultCollection/_apis/git/repositories/278d5cd2-584d-4b63-824a-2ba458937249"
            },
            "pullRequestId": 27,
            "status": "completed",
            "createdBy": {
               "id": "d6245f20-2af8-44f4-9451-8107cb2767db",
               "displayName": "Normal Paulk",
               "uniqueName": "fabrikamfiber16@hotmail.com",
               "url": "https://fabrikam-fiber-inc.vssps.visualstudio.com/_apis/Identities/d6245f20-2af8-44f4-9451-8107cb2767db",
               "imageUrl": "https://fabrikam-fiber-inc.visualstudio.com/DefaultCollection/_api/_common/identityImage?id=d6245f20-2af8-44f4-9451-8107cb2767db"
            },
            "creationDate": "2014-09-30T18:58:16.1084937Z",
            "closedDate": "2014-09-30T18:58:18.7491679Z",
            "title": "New fix for hello world class",
            "description": "Example pull request showing review and integration of a simple change.",
            "sourceRefName": "refs/heads/npaulk/feature",
            "targetRefName": "refs/heads/master",
            "mergeStatus": "succeeded",
            "mergeId": "8f74ac43-b931-4788-9976-6e03d628b485",
            "lastMergeSourceCommit": {
               "commitId": "23d0bc5b128a10056dc68afece360d8a0fabb014",
               "url": "https://fabrikam-fiber-inc.visualstudio.com/DefaultCollection/_apis/git/repositories/278d5cd2-584d-4b63-824a-2ba458937249/commits/23d0bc5b128a10056dc68afece360d8a0fabb014"
            },
            "lastMergeTargetCommit": {
               "commitId": "23d0bc5b128a10056dc68afece360d8a0fabb014",
               "url": "https://fabrikam-fiber-inc.visualstudio.com/DefaultCollection/_apis/git/repositories/278d5cd2-584d-4b63-824a-2ba458937249/commits/23d0bc5b128a10056dc68afece360d8a0fabb014"
            },
            "lastMergeCommit": {
               "commitId": "23d0bc5b128a10056dc68afece360d8a0fabb014",
               "url": "https://fabrikam-fiber-inc.visualstudio.com/DefaultCollection/_apis/git/repositories/278d5cd2-584d-4b63-824a-2ba458937249/commits/23d0bc5b128a10056dc68afece360d8a0fabb014"
            },
            "url": "https://fabrikam-fiber-inc.visualstudio.com/DefaultCollection/_apis/git/repositories/278d5cd2-584d-4b63-824a-2ba458937249/pullRequests/27"
         },
         {
            "repository": {
               "id": "278d5cd2-584d-4b63-824a-2ba458937249",
               "url": "https://fabrikam-fiber-inc.visualstudio.com/DefaultCollection/_apis/git/repositories/278d5cd2-584d-4b63-824a-2ba458937249"
            },
            "pullRequestId": 26,
            "status": "completed",
            "createdBy": {
               "id": "d6245f20-2af8-44f4-9451-8107cb2767db",
               "displayName": "Normal Paulk",
               "uniqueName": "fabrikamfiber16@hotmail.com",
               "url": "https://fabrikam-fiber-inc.vssps.visualstudio.com/_apis/Identities/d6245f20-2af8-44f4-9451-8107cb2767db",
               "imageUrl": "https://fabrikam-fiber-inc.visualstudio.com/DefaultCollection/_api/_common/identityImage?id=d6245f20-2af8-44f4-9451-8107cb2767db"
            },
            "creationDate": "2014-09-30T18:58:01.2813664Z",
            "closedDate": "2014-09-30T18:58:04.3696014Z",
            "title": "New fix for hello world class",
            "description": "Example pull request showing review and integration of a simple change.",
            "sourceRefName": "refs/heads/npaulk/feature",
            "targetRefName": "refs/heads/master",
            "mergeStatus": "succeeded",
            "mergeId": "0f85a75c-0541-4868-a4c6-e7fd9e524374",
            "lastMergeSourceCommit": {
               "commitId": "23d0bc5b128a10056dc68afece360d8a0fabb014",
               "url": "https://fabrikam-fiber-inc.visualstudio.com/DefaultCollection/_apis/git/repositories/278d5cd2-584d-4b63-824a-2ba458937249/commits/23d0bc5b128a10056dc68afece360d8a0fabb014"
            },
            "lastMergeTargetCommit": {
               "commitId": "23d0bc5b128a10056dc68afece360d8a0fabb014",
               "url": "https://fabrikam-fiber-inc.visualstudio.com/DefaultCollection/_apis/git/repositories/278d5cd2-584d-4b63-824a-2ba458937249/commits/23d0bc5b128a10056dc68afece360d8a0fabb014"
            },
            "lastMergeCommit": {
               "commitId": "23d0bc5b128a10056dc68afece360d8a0fabb014",
               "url": "https://fabrikam-fiber-inc.visualstudio.com/DefaultCollection/_apis/git/repositories/278d5cd2-584d-4b63-824a-2ba458937249/commits/23d0bc5b128a10056dc68afece360d8a0fabb014"
            },
            "url": "https://fabrikam-fiber-inc.visualstudio.com/DefaultCollection/_apis/git/repositories/278d5cd2-584d-4b63-824a-2ba458937249/pullRequests/26"
         },
         {
            "repository": {
               "id": "278d5cd2-584d-4b63-824a-2ba458937249",
               "url": "https://fabrikam-fiber-inc.visualstudio.com/DefaultCollection/_apis/git/repositories/278d5cd2-584d-4b63-824a-2ba458937249"
            },
            "pullRequestId": 25,
            "status": "completed",
            "createdBy": {
               "id": "d6245f20-2af8-44f4-9451-8107cb2767db",
               "displayName": "Normal Paulk",
               "uniqueName": "fabrikamfiber16@hotmail.com",
               "url": "https://fabrikam-fiber-inc.vssps.visualstudio.com/_apis/Identities/d6245f20-2af8-44f4-9451-8107cb2767db",
               "imageUrl": "https://fabrikam-fiber-inc.visualstudio.com/DefaultCollection/_api/_common/identityImage?id=d6245f20-2af8-44f4-9451-8107cb2767db"
            },
            "creationDate": "2014-09-30T18:57:20.4664106Z",
            "closedDate": "2014-09-30T18:57:22.8726807Z",
            "title": "New fix for hello world class",
            "description": "Example pull request showing review and integration of a simple change.",
            "sourceRefName": "refs/heads/npaulk/feature",
            "targetRefName": "refs/heads/master",
            "mergeStatus": "succeeded",
            "mergeId": "4db38225-9b2f-4828-ba6d-527ce025f944",
            "lastMergeSourceCommit": {
               "commitId": "23d0bc5b128a10056dc68afece360d8a0fabb014",
               "url": "https://fabrikam-fiber-inc.visualstudio.com/DefaultCollection/_apis/git/repositories/278d5cd2-584d-4b63-824a-2ba458937249/commits/23d0bc5b128a10056dc68afece360d8a0fabb014"
            },
            "lastMergeTargetCommit": {
               "commitId": "23d0bc5b128a10056dc68afece360d8a0fabb014",
               "url": "https://fabrikam-fiber-inc.visualstudio.com/DefaultCollection/_apis/git/repositories/278d5cd2-584d-4b63-824a-2ba458937249/commits/23d0bc5b128a10056dc68afece360d8a0fabb014"
            },
            "lastMergeCommit": {
               "commitId": "23d0bc5b128a10056dc68afece360d8a0fabb014",
               "url": "https://fabrikam-fiber-inc.visualstudio.com/DefaultCollection/_apis/git/repositories/278d5cd2-584d-4b63-824a-2ba458937249/commits/23d0bc5b128a10056dc68afece360d8a0fabb014"
            },
            "url": "https://fabrikam-fiber-inc.visualstudio.com/DefaultCollection/_apis/git/repositories/278d5cd2-584d-4b63-824a-2ba458937249/pullRequests/25"
         },
         {
            "repository": {
               "id": "278d5cd2-584d-4b63-824a-2ba458937249",
               "url": "https://fabrikam-fiber-inc.visualstudio.com/DefaultCollection/_apis/git/repositories/278d5cd2-584d-4b63-824a-2ba458937249"
            },
            "pullRequestId": 24,
            "status": "completed",
            "createdBy": {
               "id": "d6245f20-2af8-44f4-9451-8107cb2767db",
               "displayName": "Normal Paulk",
               "uniqueName": "fabrikamfiber16@hotmail.com",
               "url": "https://fabrikam-fiber-inc.vssps.visualstudio.com/_apis/Identities/d6245f20-2af8-44f4-9451-8107cb2767db",
               "imageUrl": "https://fabrikam-fiber-inc.visualstudio.com/DefaultCollection/_api/_common/identityImage?id=d6245f20-2af8-44f4-9451-8107cb2767db"
            },
            "creationDate": "2014-09-30T18:56:49.2212765Z",
            "closedDate": "2014-09-30T18:56:51.4563648Z",
            "title": "New fix for hello world class",
            "description": "Example pull request showing review and integration of a simple change.",
            "sourceRefName": "refs/heads/npaulk/feature",
            "targetRefName": "refs/heads/master",
            "mergeStatus": "succeeded",
            "mergeId": "4f705dcf-a786-45d4-851f-07081a0e2e77",
            "lastMergeSourceCommit": {
               "commitId": "23d0bc5b128a10056dc68afece360d8a0fabb014",
               "url": "https://fabrikam-fiber-inc.visualstudio.com/DefaultCollection/_apis/git/repositories/278d5cd2-584d-4b63-824a-2ba458937249/commits/23d0bc5b128a10056dc68afece360d8a0fabb014"
            },
            "lastMergeTargetCommit": {
               "commitId": "23d0bc5b128a10056dc68afece360d8a0fabb014",
               "url": "https://fabrikam-fiber-inc.visualstudio.com/DefaultCollection/_apis/git/repositories/278d5cd2-584d-4b63-824a-2ba458937249/commits/23d0bc5b128a10056dc68afece360d8a0fabb014"
            },
            "lastMergeCommit": {
               "commitId": "23d0bc5b128a10056dc68afece360d8a0fabb014",
               "url": "https://fabrikam-fiber-inc.visualstudio.com/DefaultCollection/_apis/git/repositories/278d5cd2-584d-4b63-824a-2ba458937249/commits/23d0bc5b128a10056dc68afece360d8a0fabb014"
            },
            "url": "https://fabrikam-fiber-inc.visualstudio.com/DefaultCollection/_apis/git/repositories/278d5cd2-584d-4b63-824a-2ba458937249/pullRequests/24"
         },
         {
            "repository": {
               "id": "278d5cd2-584d-4b63-824a-2ba458937249",
               "url": "https://fabrikam-fiber-inc.visualstudio.com/DefaultCollection/_apis/git/repositories/278d5cd2-584d-4b63-824a-2ba458937249"
            },
            "pullRequestId": 23,
            "status": "completed",
            "createdBy": {
               "id": "d6245f20-2af8-44f4-9451-8107cb2767db",
               "displayName": "Normal Paulk",
               "uniqueName": "fabrikamfiber16@hotmail.com",
               "url": "https://fabrikam-fiber-inc.vssps.visualstudio.com/_apis/Identities/d6245f20-2af8-44f4-9451-8107cb2767db",
               "imageUrl": "https://fabrikam-fiber-inc.visualstudio.com/DefaultCollection/_api/_common/identityImage?id=d6245f20-2af8-44f4-9451-8107cb2767db"
            },
            "creationDate": "2014-09-30T18:55:24.8221428Z",
            "closedDate": "2014-09-30T18:55:28.0096631Z",
            "title": "New fix for hello world class",
            "description": "Example pull request showing review and integration of a simple change.",
            "sourceRefName": "refs/heads/npaulk/feature",
            "targetRefName": "refs/heads/master",
            "mergeStatus": "succeeded",
            "mergeId": "106e5b55-6f02-46f2-988a-78419330d1d7",
            "lastMergeSourceCommit": {
               "commitId": "23d0bc5b128a10056dc68afece360d8a0fabb014",
               "url": "https://fabrikam-fiber-inc.visualstudio.com/DefaultCollection/_apis/git/repositories/278d5cd2-584d-4b63-824a-2ba458937249/commits/23d0bc5b128a10056dc68afece360d8a0fabb014"
            },
            "lastMergeTargetCommit": {
               "commitId": "23d0bc5b128a10056dc68afece360d8a0fabb014",
               "url": "https://fabrikam-fiber-inc.visualstudio.com/DefaultCollection/_apis/git/repositories/278d5cd2-584d-4b63-824a-2ba458937249/commits/23d0bc5b128a10056dc68afece360d8a0fabb014"
            },
            "lastMergeCommit": {
               "commitId": "23d0bc5b128a10056dc68afece360d8a0fabb014",
               "url": "https://fabrikam-fiber-inc.visualstudio.com/DefaultCollection/_apis/git/repositories/278d5cd2-584d-4b63-824a-2ba458937249/commits/23d0bc5b128a10056dc68afece360d8a0fabb014"
            },
            "url": "https://fabrikam-fiber-inc.visualstudio.com/DefaultCollection/_apis/git/repositories/278d5cd2-584d-4b63-824a-2ba458937249/pullRequests/23"
         },
         {
            "repository": {
               "id": "278d5cd2-584d-4b63-824a-2ba458937249",
               "url": "https://fabrikam-fiber-inc.visualstudio.com/DefaultCollection/_apis/git/repositories/278d5cd2-584d-4b63-824a-2ba458937249"
            },
            "pullRequestId": 22,
            "status": "completed",
            "createdBy": {
               "id": "d6245f20-2af8-44f4-9451-8107cb2767db",
               "displayName": "Normal Paulk",
               "uniqueName": "fabrikamfiber16@hotmail.com",
               "url": "https://fabrikam-fiber-inc.vssps.visualstudio.com/_apis/Identities/d6245f20-2af8-44f4-9451-8107cb2767db",
               "imageUrl": "https://fabrikam-fiber-inc.visualstudio.com/DefaultCollection/_api/_common/identityImage?id=d6245f20-2af8-44f4-9451-8107cb2767db"
            },
            "creationDate": "2014-09-30T18:53:39.8169904Z",
            "closedDate": "2014-09-30T18:53:44.9967926Z",
            "title": "New fix for hello world class",
            "description": "Example pull request showing review and integration of a simple change.",
            "sourceRefName": "refs/heads/npaulk/feature",
            "targetRefName": "refs/heads/master",
            "mergeStatus": "succeeded",
            "mergeId": "358f0b6f-f7c1-41b4-b158-900ff55b6775",
            "lastMergeSourceCommit": {
               "commitId": "23d0bc5b128a10056dc68afece360d8a0fabb014",
               "url": "https://fabrikam-fiber-inc.visualstudio.com/DefaultCollection/_apis/git/repositories/278d5cd2-584d-4b63-824a-2ba458937249/commits/23d0bc5b128a10056dc68afece360d8a0fabb014"
            },
            "lastMergeTargetCommit": {
               "commitId": "23d0bc5b128a10056dc68afece360d8a0fabb014",
               "url": "https://fabrikam-fiber-inc.visualstudio.com/DefaultCollection/_apis/git/repositories/278d5cd2-584d-4b63-824a-2ba458937249/commits/23d0bc5b128a10056dc68afece360d8a0fabb014"
            },
            "lastMergeCommit": {
               "commitId": "23d0bc5b128a10056dc68afece360d8a0fabb014",
               "url": "https://fabrikam-fiber-inc.visualstudio.com/DefaultCollection/_apis/git/repositories/278d5cd2-584d-4b63-824a-2ba458937249/commits/23d0bc5b128a10056dc68afece360d8a0fabb014"
            },
            "url": "https://fabrikam-fiber-inc.visualstudio.com/DefaultCollection/_apis/git/repositories/278d5cd2-584d-4b63-824a-2ba458937249/pullRequests/22"
         },
         {
            "repository": {
               "id": "278d5cd2-584d-4b63-824a-2ba458937249",
               "url": "https://fabrikam-fiber-inc.visualstudio.com/DefaultCollection/_apis/git/repositories/278d5cd2-584d-4b63-824a-2ba458937249"
            },
            "pullRequestId": 21,
            "status": "completed",
            "createdBy": {
               "id": "d6245f20-2af8-44f4-9451-8107cb2767db",
               "displayName": "Normal Paulk",
               "uniqueName": "fabrikamfiber16@hotmail.com",
               "url": "https://fabrikam-fiber-inc.vssps.visualstudio.com/_apis/Identities/d6245f20-2af8-44f4-9451-8107cb2767db",
               "imageUrl": "https://fabrikam-fiber-inc.visualstudio.com/DefaultCollection/_api/_common/identityImage?id=d6245f20-2af8-44f4-9451-8107cb2767db"
            },
            "creationDate": "2014-09-30T18:46:50.7744313Z",
            "closedDate": "2014-09-30T18:46:58.6423284Z",
            "title": "New fix for hello world class",
            "description": "Example pull request showing review and integration of a simple change.",
            "sourceRefName": "refs/heads/npaulk/feature",
            "targetRefName": "refs/heads/master",
            "mergeStatus": "succeeded",
            "mergeId": "73c4c912-e557-446f-8030-f9572380bf16",
            "lastMergeSourceCommit": {
               "commitId": "23d0bc5b128a10056dc68afece360d8a0fabb014",
               "url": "https://fabrikam-fiber-inc.visualstudio.com/DefaultCollection/_apis/git/repositories/278d5cd2-584d-4b63-824a-2ba458937249/commits/23d0bc5b128a10056dc68afece360d8a0fabb014"
            },
            "lastMergeTargetCommit": {
               "commitId": "23d0bc5b128a10056dc68afece360d8a0fabb014",
               "url": "https://fabrikam-fiber-inc.visualstudio.com/DefaultCollection/_apis/git/repositories/278d5cd2-584d-4b63-824a-2ba458937249/commits/23d0bc5b128a10056dc68afece360d8a0fabb014"
            },
            "lastMergeCommit": {
               "commitId": "23d0bc5b128a10056dc68afece360d8a0fabb014",
               "url": "https://fabrikam-fiber-inc.visualstudio.com/DefaultCollection/_apis/git/repositories/278d5cd2-584d-4b63-824a-2ba458937249/commits/23d0bc5b128a10056dc68afece360d8a0fabb014"
            },
            "url": "https://fabrikam-fiber-inc.visualstudio.com/DefaultCollection/_apis/git/repositories/278d5cd2-584d-4b63-824a-2ba458937249/pullRequests/21"
         },
         {
            "repository": {
               "id": "278d5cd2-584d-4b63-824a-2ba458937249",
               "url": "https://fabrikam-fiber-inc.visualstudio.com/DefaultCollection/_apis/git/repositories/278d5cd2-584d-4b63-824a-2ba458937249"
            },
            "pullRequestId": 20,
            "status": "completed",
            "createdBy": {
               "id": "8c8c7d32-6b1b-47f4-b2e9-30b477b5ab3d",
               "displayName": "Chuck Reinhart",
               "uniqueName": "fabrikamfiber3@hotmail.com",
               "url": "https://fabrikam-fiber-inc.vssps.visualstudio.com/_apis/Identities/8c8c7d32-6b1b-47f4-b2e9-30b477b5ab3d",
               "imageUrl": "https://fabrikam-fiber-inc.visualstudio.com/DefaultCollection/_api/_common/identityImage?id=8c8c7d32-6b1b-47f4-b2e9-30b477b5ab3d"
            },
            "creationDate": "2014-09-25T17:41:01.9456863Z",
            "closedDate": "2014-09-25T17:41:08.4301443Z",
            "title": "New fix for hello world class",
            "description": "Example pull request showing review and integration of a simple change.",
            "sourceRefName": "refs/heads/npaulk/feature",
            "targetRefName": "refs/heads/master",
            "mergeStatus": "succeeded",
            "mergeId": "e02914de-e59a-481e-9609-dad2ed3b6d9c",
            "lastMergeSourceCommit": {
               "commitId": "23d0bc5b128a10056dc68afece360d8a0fabb014",
               "url": "https://fabrikam-fiber-inc.visualstudio.com/DefaultCollection/_apis/git/repositories/278d5cd2-584d-4b63-824a-2ba458937249/commits/23d0bc5b128a10056dc68afece360d8a0fabb014"
            },
            "lastMergeTargetCommit": {
               "commitId": "23d0bc5b128a10056dc68afece360d8a0fabb014",
               "url": "https://fabrikam-fiber-inc.visualstudio.com/DefaultCollection/_apis/git/repositories/278d5cd2-584d-4b63-824a-2ba458937249/commits/23d0bc5b128a10056dc68afece360d8a0fabb014"
            },
            "lastMergeCommit": {
               "commitId": "23d0bc5b128a10056dc68afece360d8a0fabb014",
               "url": "https://fabrikam-fiber-inc.visualstudio.com/DefaultCollection/_apis/git/repositories/278d5cd2-584d-4b63-824a-2ba458937249/commits/23d0bc5b128a10056dc68afece360d8a0fabb014"
            },
            "url": "https://fabrikam-fiber-inc.visualstudio.com/DefaultCollection/_apis/git/repositories/278d5cd2-584d-4b63-824a-2ba458937249/pullRequests/20"
         },
         {
            "repository": {
               "id": "278d5cd2-584d-4b63-824a-2ba458937249",
               "url": "https://fabrikam-fiber-inc.visualstudio.com/DefaultCollection/_apis/git/repositories/278d5cd2-584d-4b63-824a-2ba458937249"
            },
            "pullRequestId": 19,
            "status": "completed",
            "createdBy": {
               "id": "d6245f20-2af8-44f4-9451-8107cb2767db",
               "displayName": "Normal Paulk",
               "uniqueName": "fabrikamfiber16@hotmail.com",
               "url": "https://fabrikam-fiber-inc.vssps.visualstudio.com/_apis/Identities/d6245f20-2af8-44f4-9451-8107cb2767db",
               "imageUrl": "https://fabrikam-fiber-inc.visualstudio.com/DefaultCollection/_api/_common/identityImage?id=d6245f20-2af8-44f4-9451-8107cb2767db"
            },
            "creationDate": "2014-06-30T18:11:15.2491591Z",
            "closedDate": "2014-06-30T18:11:18.1085341Z",
            "title": "New fix for hello world class",
            "description": "Example pull request showing review and integration of a simple change.",
            "sourceRefName": "refs/heads/npaulk/feature",
            "targetRefName": "refs/heads/master",
            "mergeStatus": "succeeded",
            "mergeId": "4d45d7fd-4c4d-4966-829e-6ccce4f057d9",
            "lastMergeSourceCommit": {
               "commitId": "23d0bc5b128a10056dc68afece360d8a0fabb014",
               "url": "https://fabrikam-fiber-inc.visualstudio.com/DefaultCollection/_apis/git/repositories/278d5cd2-584d-4b63-824a-2ba458937249/commits/23d0bc5b128a10056dc68afece360d8a0fabb014"
            },
            "lastMergeTargetCommit": {
               "commitId": "fe17a84cc2dfe0ea3a2202ab4dbac0706058e41f",
               "url": "https://fabrikam-fiber-inc.visualstudio.com/DefaultCollection/_apis/git/repositories/278d5cd2-584d-4b63-824a-2ba458937249/commits/fe17a84cc2dfe0ea3a2202ab4dbac0706058e41f"
            },
            "lastMergeCommit": {
               "commitId": "23d0bc5b128a10056dc68afece360d8a0fabb014",
               "url": "https://fabrikam-fiber-inc.visualstudio.com/DefaultCollection/_apis/git/repositories/278d5cd2-584d-4b63-824a-2ba458937249/commits/23d0bc5b128a10056dc68afece360d8a0fabb014"
            },
            "url": "https://fabrikam-fiber-inc.visualstudio.com/DefaultCollection/_apis/git/repositories/278d5cd2-584d-4b63-824a-2ba458937249/pullRequests/19"
         },
         {
            "repository": {
               "id": "278d5cd2-584d-4b63-824a-2ba458937249",
               "url": "https://fabrikam-fiber-inc.visualstudio.com/DefaultCollection/_apis/git/repositories/278d5cd2-584d-4b63-824a-2ba458937249"
            },
            "pullRequestId": 18,
            "status": "completed",
            "createdBy": {
               "id": "d6245f20-2af8-44f4-9451-8107cb2767db",
               "displayName": "Normal Paulk",
               "uniqueName": "fabrikamfiber16@hotmail.com",
               "url": "https://fabrikam-fiber-inc.vssps.visualstudio.com/_apis/Identities/d6245f20-2af8-44f4-9451-8107cb2767db",
               "imageUrl": "https://fabrikam-fiber-inc.visualstudio.com/DefaultCollection/_api/_common/identityImage?id=d6245f20-2af8-44f4-9451-8107cb2767db"
            },
            "creationDate": "2014-06-30T17:58:32.348432Z",
            "closedDate": "2014-06-30T17:58:34.1765687Z",
            "title": "New fix for hello world class",
            "description": "Example pull request showing review and integration of a simple change.",
            "sourceRefName": "refs/heads/npaulk/feature",
            "targetRefName": "refs/heads/master",
            "mergeStatus": "succeeded",
            "mergeId": "20d1a573-cb72-40d8-a6bc-8365912d5821",
            "lastMergeSourceCommit": {
               "commitId": "fe17a84cc2dfe0ea3a2202ab4dbac0706058e41f",
               "url": "https://fabrikam-fiber-inc.visualstudio.com/DefaultCollection/_apis/git/repositories/278d5cd2-584d-4b63-824a-2ba458937249/commits/fe17a84cc2dfe0ea3a2202ab4dbac0706058e41f"
            },
            "lastMergeTargetCommit": {
               "commitId": "0360c963d7d86d040e9c33bba836feab14da4ad3",
               "url": "https://fabrikam-fiber-inc.visualstudio.com/DefaultCollection/_apis/git/repositories/278d5cd2-584d-4b63-824a-2ba458937249/commits/0360c963d7d86d040e9c33bba836feab14da4ad3"
            },
            "lastMergeCommit": {
               "commitId": "fe17a84cc2dfe0ea3a2202ab4dbac0706058e41f",
               "url": "https://fabrikam-fiber-inc.visualstudio.com/DefaultCollection/_apis/git/repositories/278d5cd2-584d-4b63-824a-2ba458937249/commits/fe17a84cc2dfe0ea3a2202ab4dbac0706058e41f"
            },
            "url": "https://fabrikam-fiber-inc.visualstudio.com/DefaultCollection/_apis/git/repositories/278d5cd2-584d-4b63-824a-2ba458937249/pullRequests/18"
         },
         {
            "repository": {
               "id": "278d5cd2-584d-4b63-824a-2ba458937249",
               "url": "https://fabrikam-fiber-inc.visualstudio.com/DefaultCollection/_apis/git/repositories/278d5cd2-584d-4b63-824a-2ba458937249"
            },
            "pullRequestId": 14,
            "status": "completed",
            "createdBy": {
               "id": "d6245f20-2af8-44f4-9451-8107cb2767db",
               "displayName": "Normal Paulk",
               "uniqueName": "fabrikamfiber16@hotmail.com",
               "url": "https://fabrikam-fiber-inc.vssps.visualstudio.com/_apis/Identities/d6245f20-2af8-44f4-9451-8107cb2767db",
               "imageUrl": "https://fabrikam-fiber-inc.visualstudio.com/DefaultCollection/_api/_common/identityImage?id=d6245f20-2af8-44f4-9451-8107cb2767db"
            },
            "creationDate": "2014-06-30T17:29:24.6854604Z",
            "closedDate": "2014-06-30T17:48:43.1841701Z",
            "title": "New fix for hello world class",
            "description": "Example pull request showing review and integration of a simple change.",
            "sourceRefName": "refs/heads/npaulk/feature",
            "targetRefName": "refs/heads/master",
            "mergeStatus": "succeeded",
            "mergeId": "356016f4-9e81-44e6-82cc-c3d2e9fe4566",
            "lastMergeSourceCommit": {
               "commitId": "0360c963d7d86d040e9c33bba836feab14da4ad3",
               "url": "https://fabrikam-fiber-inc.visualstudio.com/DefaultCollection/_apis/git/repositories/278d5cd2-584d-4b63-824a-2ba458937249/commits/0360c963d7d86d040e9c33bba836feab14da4ad3"
            },
            "lastMergeTargetCommit": {
               "commitId": "097d82b8aeabe493bf4c3553d320ae2529bba591",
               "url": "https://fabrikam-fiber-inc.visualstudio.com/DefaultCollection/_apis/git/repositories/278d5cd2-584d-4b63-824a-2ba458937249/commits/097d82b8aeabe493bf4c3553d320ae2529bba591"
            },
            "lastMergeCommit": {
               "commitId": "0360c963d7d86d040e9c33bba836feab14da4ad3",
               "url": "https://fabrikam-fiber-inc.visualstudio.com/DefaultCollection/_apis/git/repositories/278d5cd2-584d-4b63-824a-2ba458937249/commits/0360c963d7d86d040e9c33bba836feab14da4ad3"
            },
            "url": "https://fabrikam-fiber-inc.visualstudio.com/DefaultCollection/_apis/git/repositories/278d5cd2-584d-4b63-824a-2ba458937249/pullRequests/14"
         }
      ],
      "count": 34
   }
}