{
   "method": "PATCH",
   "resourceFormat": "/git/repositories/{repositoryId}/pullRequests/{pullRequestId}",
   "requestUrl": "https://fabrikam-fiber-inc.visualstudio.com/DefaultCollection/_apis/git/repositories/278d5cd2-584d-4b63-824a-2ba458937249/pullRequests/50?api-version=1.0-preview.1",
   "requestHeaders": {
      "Accept": "application/json",
      "Content-Type": "application/json",
      "Content-Length": 281
   },
   "requestBody": {
      "status": "completed",
      "lastMergeSourceCommit": {
         "commitId": "23d0bc5b128a10056dc68afece360d8a0fabb014",
         "url": "https://fabrikam-fiber-inc.visualstudio.com/DefaultCollection/_apis/git/repositories/278d5cd2-584d-4b63-824a-2ba458937249/commits/23d0bc5b128a10056dc68afece360d8a0fabb014"
      }
   },
   "statusCode": 200,
   "responseHeaders": {
      "cache-control": "no-cache",
      "pragma": "no-cache",
      "content-type": "application/json; charset=utf-8; api-version=1.0-preview.1",
      "expires": "-1",
      "server": "Microsoft-IIS/8.5",
      "x-tfs-processid": "0ea0cf16-53eb-4d11-af74-9f8181edb370",
      "strict-transport-security": "max-age=31536000; includeSubDomains",
      "x-frame-options": "SAMEORIGIN",
      "set-cookie": [
         "Tfs-SessionId=c79a736d-f22e-0004-7983-9bc72ef2cf01; path=/; secure",
         "Tfs-SessionActive=2014-10-28T01:54:46; path=/; secure"
      ],
      "x-vss-userdata": "d6245f20-2af8-44f4-9451-8107cb2767db:fabrikamfiber16@hotmail.com",
      "activityid": "5cd7beb3-f22e-0000-a8fe-d85c2ef2cf01",
      "x-aspnet-version": "4.0.30319",
      "x-powered-by": "ASP.NET",
      "p3p": "CP=\"CAO DSP COR ADMa DEV CONo TELo CUR PSA PSD TAI IVDo OUR SAMi BUS DEM NAV STA UNI COM INT PHY ONL FIN PUR LOC CNT\"",
      "x-content-type-options": "nosniff",
      "date": "Tue, 28 Oct 2014 01:54:45 GMT",
      "content-length": "3872"
   },
   "responseBody": {
      "repository": {
         "id": "278d5cd2-584d-4b63-824a-2ba458937249",
         "url": "https://fabrikam-fiber-inc.visualstudio.com/DefaultCollection/_apis/git/repositories/278d5cd2-584d-4b63-824a-2ba458937249"
      },
      "pullRequestId": 50,
      "status": "completed",
      "createdBy": {
         "id": "d6245f20-2af8-44f4-9451-8107cb2767db",
         "displayName": "Normal Paulk",
         "uniqueName": "fabrikamfiber16@hotmail.com",
         "url": "https://fabrikam-fiber-inc.vssps.visualstudio.com/_apis/Identities/d6245f20-2af8-44f4-9451-8107cb2767db",
         "imageUrl": "https://fabrikam-fiber-inc.visualstudio.com/DefaultCollection/_api/_common/identityImage?id=d6245f20-2af8-44f4-9451-8107cb2767db"
      },
      "creationDate": "2014-10-28T01:54:43.2483677Z",
      "closedDate": "2014-10-28T01:54:46.6402919Z",
      "title": "New fix for hello world class",
      "description": "Example pull request showing review and integration of a simple change.",
      "sourceRefName": "refs/heads/npaulk/feature",
      "targetRefName": "refs/heads/master",
      "mergeStatus": "succeeded",
      "mergeId": "bdd92391-1291-45dd-b4bf-6b7e6270e8d0",
      "lastMergeSourceCommit": {
         "commitId": "23d0bc5b128a10056dc68afece360d8a0fabb014",
         "url": "https://fabrikam-fiber-inc.visualstudio.com/DefaultCollection/_apis/git/repositories/278d5cd2-584d-4b63-824a-2ba458937249/commits/23d0bc5b128a10056dc68afece360d8a0fabb014"
      },
      "lastMergeTargetCommit": {
         "commitId": "23d0bc5b128a10056dc68afece360d8a0fabb014",
         "url": "https://fabrikam-fiber-inc.visualstudio.com/DefaultCollection/_apis/git/repositories/278d5cd2-584d-4b63-824a-2ba458937249/commits/23d0bc5b128a10056dc68afece360d8a0fabb014"
      },
      "lastMergeCommit": {
         "commitId": "23d0bc5b128a10056dc68afece360d8a0fabb014",
         "url": "https://fabrikam-fiber-inc.visualstudio.com/DefaultCollection/_apis/git/repositories/278d5cd2-584d-4b63-824a-2ba458937249/commits/23d0bc5b128a10056dc68afece360d8a0fabb014"
      },
      "reviewers": [
         {
            "reviewerUrl": null,
            "vote": 10,
            "id": "3b5f0c34-4aec-4bf4-8708-1d36f0dbc468",
            "displayName": "Christie Church",
            "uniqueName": "fabrikamfiber1@hotmail.com",
            "url": "https://fabrikam-fiber-inc.vssps.visualstudio.com/_apis/Identities/3b5f0c34-4aec-4bf4-8708-1d36f0dbc468",
            "imageUrl": "https://fabrikam-fiber-inc.visualstudio.com/DefaultCollection/_api/_common/identityImage?id=3b5f0c34-4aec-4bf4-8708-1d36f0dbc468"
         }
      ],
      "url": "https://fabrikam-fiber-inc.visualstudio.com/DefaultCollection/_apis/git/repositories/278d5cd2-584d-4b63-824a-2ba458937249/pullRequests/50",
      "_links": {
         "self": {
            "href": "https://fabrikam-fiber-inc.visualstudio.com/DefaultCollection/_apis/git/repositories/278d5cd2-584d-4b63-824a-2ba458937249/pullRequests/50"
         },
         "repository": {
            "href": "https://fabrikam-fiber-inc.visualstudio.com/DefaultCollection/_apis/git/repositories/278d5cd2-584d-4b63-824a-2ba458937249"
         },
         "workItems": {
            "href": "https://fabrikam-fiber-inc.visualstudio.com/DefaultCollection/_apis/git/repositories/278d5cd2-584d-4b63-824a-2ba458937249/pullRequests/50/workitems"
         },
         "sourceBranch": {
            "href": "https://fabrikam-fiber-inc.visualstudio.com/DefaultCollection/_apis/git/repositories/278d5cd2-584d-4b63-824a-2ba458937249/refs/refs/heads/npaulk/feature"
         },
         "targetBranch": {
            "href": "https://fabrikam-fiber-inc.visualstudio.com/DefaultCollection/_apis/git/repositories/278d5cd2-584d-4b63-824a-2ba458937249/refs/refs/heads/master"
         },
         "sourceCommit": {
            "href": "https://fabrikam-fiber-inc.visualstudio.com/DefaultCollection/_apis/git/repositories/278d5cd2-584d-4b63-824a-2ba458937249/commits/23d0bc5b128a10056dc68afece360d8a0fabb014"
         },
         "targetCommit": {
            "href": "https://fabrikam-fiber-inc.visualstudio.com/DefaultCollection/_apis/git/repositories/278d5cd2-584d-4b63-824a-2ba458937249/commits/23d0bc5b128a10056dc68afece360d8a0fabb014"
         },
         "mergeCommit": {
            "href": "https://fabrikam-fiber-inc.visualstudio.com/DefaultCollection/_apis/git/repositories/278d5cd2-584d-4b63-824a-2ba458937249/commits/23d0bc5b128a10056dc68afece360d8a0fabb014"
         },
         "createdBy": {
            "href": "https://fabrikam-fiber-inc.vssps.visualstudio.com/_apis/Identities/d6245f20-2af8-44f4-9451-8107cb2767db"
         }
      }
   }
}