{
   "method": "GET",
   "resourceFormat": "/chat/rooms/{roomId}/users/{userId}",
   "requestUrl": "https://fabrikam-fiber-inc.visualstudio.com/DefaultCollection/_apis/chat/rooms/305/users/d6245f20-2af8-44f4-9451-8107cb2767db?api-version=1.0",
   "requestHeaders": {
      "Accept": "application/json"
   },
   "statusCode": 200,
   "responseHeaders": {
      "cache-control": "no-cache",
      "pragma": "no-cache",
      "content-type": "application/json; charset=utf-8; api-version=1.0",
      "expires": "-1",
      "server": "Microsoft-IIS/8.5",
      "x-tfs-processid": "22d188a0-e9b2-4fe1-9277-ba87ed33c387",
      "strict-transport-security": "max-age=31536000; includeSubDomains",
      "x-frame-options": "SAMEORIGIN",
      "set-cookie": [
         "Tfs-SessionId=37e5a78e-ef1d-0005-2d41-ee371defcf01; path=/; secure",
         "Tfs-SessionActive=2014-10-27T16:39:31; path=/; secure"
      ],
      "x-vss-userdata": "d6245f20-2af8-44f4-9451-8107cb2767db:fabrikamfiber16@hotmail.com",
      "activityid": "33bbf347-ef1d-0001-8b89-db331defcf01",
      "x-aspnet-version": "4.0.30319",
      "x-powered-by": "ASP.NET",
      "p3p": "CP=\"CAO DSP COR ADMa DEV CONo TELo CUR PSA PSD TAI IVDo OUR SAMi BUS DEM NAV STA UNI COM INT PHY ONL FIN PUR LOC CNT\"",
      "x-content-type-options": "nosniff",
      "date": "Mon, 27 Oct 2014 16:39:30 GMT",
      "content-length": "447"
   },
   "responseBody": {
      "roomId": 305,
      "user": {
         "id": "d6245f20-2af8-44f4-9451-8107cb2767db",
         "displayName": "Normal Paulk",
         "url": "https://fabrikam-fiber-inc.vssps.visualstudio.com/_apis/Identities/d6245f20-2af8-44f4-9451-8107cb2767db",
         "imageUrl": "https://fabrikam-fiber-inc.visualstudio.com/DefaultCollection/_api/_common/identityImage?id=d6245f20-2af8-44f4-9451-8107cb2767db"
      },
      "lastActivity": "2014-10-27T16:36:02.28Z",
      "joinedDate": "2014-10-27T16:36:02.203Z",
      "isOnline": true
   }
}