{
   "method": "GET",
   "resourceFormat": "/chat/rooms/{roomId}/users",
   "requestUrl": "https://fabrikam-fiber-inc.visualstudio.com/DefaultCollection/_apis/chat/rooms/305/users?api-version=1.0",
   "requestHeaders": {
      "Accept": "application/json"
   },
   "statusCode": 200,
   "responseHeaders": {
      "cache-control": "no-cache",
      "pragma": "no-cache",
      "content-type": "application/json; charset=utf-8; api-version=1.0",
      "expires": "-1",
      "server": "Microsoft-IIS/8.5",
      "x-tfs-processid": "885a135e-c201-415b-930d-541ca36ed4d1",
      "strict-transport-security": "max-age=31536000; includeSubDomains",
      "x-frame-options": "SAMEORIGIN",
      "set-cookie": [
         "Tfs-SessionId=37e5a78e-ef1d-0005-2d41-ee371defcf01; path=/; secure",
         "Tfs-SessionActive=2014-10-27T16:39:30; path=/; secure"
      ],
      "x-vss-userdata": "d6245f20-2af8-44f4-9451-8107cb2767db:fabrikamfiber16@hotmail.com",
      "activityid": "1e364647-ef1d-0002-5173-391e1defcf01",
      "x-aspnet-version": "4.0.30319",
      "x-powered-by": "ASP.NET",
      "p3p": "CP=\"CAO DSP COR ADMa DEV CONo TELo CUR PSA PSD TAI IVDo OUR SAMi BUS DEM NAV STA UNI COM INT PHY ONL FIN PUR LOC CNT\"",
      "x-content-type-options": "nosniff",
      "date": "Mon, 27 Oct 2014 16:39:30 GMT",
      "content-length": "2680"
   },
   "responseBody": {
      "count": 6,
      "value": [
         {
            "roomId": 305,
            "user": {
               "id": "d6245f20-2af8-44f4-9451-8107cb2767db",
               "displayName": "Normal Paulk",
               "url": "https://fabrikam-fiber-inc.vssps.visualstudio.com/_apis/Identities/d6245f20-2af8-44f4-9451-8107cb2767db",
               "imageUrl": "https://fabrikam-fiber-inc.visualstudio.com/DefaultCollection/_api/_common/identityImage?id=d6245f20-2af8-44f4-9451-8107cb2767db"
            },
            "lastActivity": "2014-10-27T16:36:02.28Z",
            "joinedDate": "2014-10-27T16:36:02.203Z",
            "isOnline": true
         },
         {
            "roomId": 305,
            "user": {
               "id": "3b5f0c34-4aec-4bf4-8708-1d36f0dbc468",
               "displayName": "Christie Church",
               "url": "https://fabrikam-fiber-inc.vssps.visualstudio.com/_apis/Identities/3b5f0c34-4aec-4bf4-8708-1d36f0dbc468",
               "imageUrl": "https://fabrikam-fiber-inc.visualstudio.com/DefaultCollection/_api/_common/identityImage?id=3b5f0c34-4aec-4bf4-8708-1d36f0dbc468"
            },
            "lastActivity": "0001-01-01T00:00:00",
            "joinedDate": "0001-01-01T00:00:00",
            "isOnline": false
         },
         {
            "roomId": 305,
            "user": {
               "id": "8c8c7d32-6b1b-47f4-b2e9-30b477b5ab3d",
               "displayName": "Chuck Reinhart",
               "url": "https://fabrikam-fiber-inc.vssps.visualstudio.com/_apis/Identities/8c8c7d32-6b1b-47f4-b2e9-30b477b5ab3d",
               "imageUrl": "https://fabrikam-fiber-inc.visualstudio.com/DefaultCollection/_api/_common/identityImage?id=8c8c7d32-6b1b-47f4-b2e9-30b477b5ab3d"
            },
            "lastActivity": "0001-01-01T00:00:00",
            "joinedDate": "0001-01-01T00:00:00",
            "isOnline": false
         },
         {
            "roomId": 305,
            "user": {
               "id": "e5a5f7f8-6507-4c34-b397-6c4818e002f4",
               "displayName": "Fabrikam Fiber",
               "url": "https://fabrikam-fiber-inc.vssps.visualstudio.com/_apis/Identities/e5a5f7f8-6507-4c34-b397-6c4818e002f4",
               "imageUrl": "https://fabrikam-fiber-inc.visualstudio.com/DefaultCollection/_api/_common/identityImage?id=e5a5f7f8-6507-4c34-b397-6c4818e002f4"
            },
            "lastActivity": "0001-01-01T00:00:00",
            "joinedDate": "0001-01-01T00:00:00",
            "isOnline": false
         },
         {
            "roomId": 305,
            "user": {
               "id": "19d9411e-9a34-45bb-b985-d24d9d87c0c9",
               "displayName": "Johnnie McLeod",
               "url": "https://fabrikam-fiber-inc.vssps.visualstudio.com/_apis/Identities/19d9411e-9a34-45bb-b985-d24d9d87c0c9",
               "imageUrl": "https://fabrikam-fiber-inc.visualstudio.com/DefaultCollection/_api/_common/identityImage?id=19d9411e-9a34-45bb-b985-d24d9d87c0c9"
            },
            "lastActivity": "0001-01-01T00:00:00",
            "joinedDate": "0001-01-01T00:00:00",
            "isOnline": false
         },
         {
            "roomId": 305,
            "user": {
               "id": "d291b0c4-a05c-4ea6-8df1-4b41d5f39eff",
               "displayName": "Jamal Hartnett",
               "url": "https://fabrikam-fiber-inc.vssps.visualstudio.com/_apis/Identities/d291b0c4-a05c-4ea6-8df1-4b41d5f39eff",
               "imageUrl": "https://fabrikam-fiber-inc.visualstudio.com/DefaultCollection/_api/_common/identityImage?id=d291b0c4-a05c-4ea6-8df1-4b41d5f39eff"
            },
            "lastActivity": "0001-01-01T00:00:00",
            "joinedDate": "0001-01-01T00:00:00",
            "isOnline": false
         }
      ]
   }
}