{
   "method": "GET",
   "resourceFormat": "/wit/workItemTypeCategories",
   "requestUrl": "https://fabrikam-fiber-inc.visualstudio.com/DefaultCollection/Fabrikam-Fiber-Git/_apis/wit/workItemTypeCategories?api-version=1.0",
   "requestHeaders": {
      "Accept": "application/json"
   },
   "statusCode": 200,
   "responseHeaders": {
      "cache-control": "no-cache",
      "pragma": "no-cache",
      "content-type": "application/json; charset=utf-8; api-version=1.0",
      "expires": "-1",
      "server": "Microsoft-IIS/8.5",
      "x-tfs-processid": "e6f30287-9191-4066-93c3-66c75fe2fbb4",
      "strict-transport-security": "max-age=31536000; includeSubDomains",
      "x-frame-options": "SAMEORIGIN",
      "set-cookie": [
         "Tfs-SessionId=514366d0-08d3-0004-7a78-4b51d308d001; path=/; secure",
         "Tfs-SessionActive=2014-11-26T21:43:05; path=/; secure"
      ],
      "x-vss-userdata": "d291b0c4-a05c-4ea6-8df1-4b41d5f39eff:fabrikamfiber4@hotmail.com",
      "activityid": "4fffb807-08d3-0004-6301-0850d308d001",
      "x-aspnet-version": "4.0.30319",
      "x-powered-by": "ASP.NET",
      "p3p": "CP=\"CAO DSP COR ADMa DEV CONo TELo CUR PSA PSD TAI IVDo OUR SAMi BUS DEM NAV STA UNI COM INT PHY ONL FIN PUR LOC CNT\"",
      "x-content-type-options": "nosniff",
      "date": "Wed, 26 Nov 2014 21:43:05 GMT",
      "content-length": "10118"
   },
   "responseBody": {
      "count": 14,
      "value": [
         {
            "name": "Bug Category",
            "referenceName": "Microsoft.BugCategory",
            "defaultWorkItemType": {
               "name": "Bug",
               "url": "https://fabrikam-fiber-inc.visualstudio.com/DefaultCollection/6ce954b1-ce1f-45d1-b94d-e6bf2464ba2c/_apis/wit/workItemTypes/Bug"
            },
            "workItemTypes": [
               {
                  "name": "Bug",
                  "url": "https://fabrikam-fiber-inc.visualstudio.com/DefaultCollection/6ce954b1-ce1f-45d1-b94d-e6bf2464ba2c/_apis/wit/workItemTypes/Bug"
               }
            ],
            "url": "https://fabrikam-fiber-inc.visualstudio.com/DefaultCollection/6ce954b1-ce1f-45d1-b94d-e6bf2464ba2c/_apis/wit/workItemTypeCategories/Microsoft.BugCategory"
         },
         {
            "name": "Feature Category",
            "referenceName": "Microsoft.FeatureCategory",
            "defaultWorkItemType": {
               "name": "Feature",
               "url": "https://fabrikam-fiber-inc.visualstudio.com/DefaultCollection/6ce954b1-ce1f-45d1-b94d-e6bf2464ba2c/_apis/wit/workItemTypes/Feature"
            },
            "workItemTypes": [
               {
                  "name": "Feature",
                  "url": "https://fabrikam-fiber-inc.visualstudio.com/DefaultCollection/6ce954b1-ce1f-45d1-b94d-e6bf2464ba2c/_apis/wit/workItemTypes/Feature"
               }
            ],
            "url": "https://fabrikam-fiber-inc.visualstudio.com/DefaultCollection/6ce954b1-ce1f-45d1-b94d-e6bf2464ba2c/_apis/wit/workItemTypeCategories/Microsoft.FeatureCategory"
         },
         {
            "name": "Requirement Category",
            "referenceName": "Microsoft.RequirementCategory",
            "defaultWorkItemType": {
               "name": "Product Backlog Item",
               "url": "https://fabrikam-fiber-inc.visualstudio.com/DefaultCollection/6ce954b1-ce1f-45d1-b94d-e6bf2464ba2c/_apis/wit/workItemTypes/Product%20Backlog%20Item"
            },
            "workItemTypes": [
               {
                  "name": "Product Backlog Item",
                  "url": "https://fabrikam-fiber-inc.visualstudio.com/DefaultCollection/6ce954b1-ce1f-45d1-b94d-e6bf2464ba2c/_apis/wit/workItemTypes/Product%20Backlog%20Item"
               }
            ],
            "url": "https://fabrikam-fiber-inc.visualstudio.com/DefaultCollection/6ce954b1-ce1f-45d1-b94d-e6bf2464ba2c/_apis/wit/workItemTypeCategories/Microsoft.RequirementCategory"
         },
         {
            "name": "Test Case Category",
            "referenceName": "Microsoft.TestCaseCategory",
            "defaultWorkItemType": {
               "name": "Test Case",
               "url": "https://fabrikam-fiber-inc.visualstudio.com/DefaultCollection/6ce954b1-ce1f-45d1-b94d-e6bf2464ba2c/_apis/wit/workItemTypes/Test%20Case"
            },
            "workItemTypes": [
               {
                  "name": "Test Case",
                  "url": "https://fabrikam-fiber-inc.visualstudio.com/DefaultCollection/6ce954b1-ce1f-45d1-b94d-e6bf2464ba2c/_apis/wit/workItemTypes/Test%20Case"
               }
            ],
            "url": "https://fabrikam-fiber-inc.visualstudio.com/DefaultCollection/6ce954b1-ce1f-45d1-b94d-e6bf2464ba2c/_apis/wit/workItemTypeCategories/Microsoft.TestCaseCategory"
         },
         {
            "name": "Shared Step Category",
            "referenceName": "Microsoft.SharedStepCategory",
            "defaultWorkItemType": {
               "name": "Shared Steps",
               "url": "https://fabrikam-fiber-inc.visualstudio.com/DefaultCollection/6ce954b1-ce1f-45d1-b94d-e6bf2464ba2c/_apis/wit/workItemTypes/Shared%20Steps"
            },
            "workItemTypes": [
               {
                  "name": "Shared Steps",
                  "url": "https://fabrikam-fiber-inc.visualstudio.com/DefaultCollection/6ce954b1-ce1f-45d1-b94d-e6bf2464ba2c/_apis/wit/workItemTypes/Shared%20Steps"
               }
            ],
            "url": "https://fabrikam-fiber-inc.visualstudio.com/DefaultCollection/6ce954b1-ce1f-45d1-b94d-e6bf2464ba2c/_apis/wit/workItemTypeCategories/Microsoft.SharedStepCategory"
         },
         {
            "name": "Code Review Request Category",
            "referenceName": "Microsoft.CodeReviewRequestCategory",
            "defaultWorkItemType": {
               "name": "Code Review Request",
               "url": "https://fabrikam-fiber-inc.visualstudio.com/DefaultCollection/6ce954b1-ce1f-45d1-b94d-e6bf2464ba2c/_apis/wit/workItemTypes/Code%20Review%20Request"
            },
            "workItemTypes": [
               {
                  "name": "Code Review Request",
                  "url": "https://fabrikam-fiber-inc.visualstudio.com/DefaultCollection/6ce954b1-ce1f-45d1-b94d-e6bf2464ba2c/_apis/wit/workItemTypes/Code%20Review%20Request"
               }
            ],
            "url": "https://fabrikam-fiber-inc.visualstudio.com/DefaultCollection/6ce954b1-ce1f-45d1-b94d-e6bf2464ba2c/_apis/wit/workItemTypeCategories/Microsoft.CodeReviewRequestCategory"
         },
         {
            "name": "Code Review Response Category",
            "referenceName": "Microsoft.CodeReviewResponseCategory",
            "defaultWorkItemType": {
               "name": "Code Review Response",
               "url": "https://fabrikam-fiber-inc.visualstudio.com/DefaultCollection/6ce954b1-ce1f-45d1-b94d-e6bf2464ba2c/_apis/wit/workItemTypes/Code%20Review%20Response"
            },
            "workItemTypes": [
               {
                  "name": "Code Review Response",
                  "url": "https://fabrikam-fiber-inc.visualstudio.com/DefaultCollection/6ce954b1-ce1f-45d1-b94d-e6bf2464ba2c/_apis/wit/workItemTypes/Code%20Review%20Response"
               }
            ],
            "url": "https://fabrikam-fiber-inc.visualstudio.com/DefaultCollection/6ce954b1-ce1f-45d1-b94d-e6bf2464ba2c/_apis/wit/workItemTypeCategories/Microsoft.CodeReviewResponseCategory"
         },
         {
            "name": "Feedback Request Category",
            "referenceName": "Microsoft.FeedbackRequestCategory",
            "defaultWorkItemType": {
               "name": "Feedback Request",
               "url": "https://fabrikam-fiber-inc.visualstudio.com/DefaultCollection/6ce954b1-ce1f-45d1-b94d-e6bf2464ba2c/_apis/wit/workItemTypes/Feedback%20Request"
            },
            "workItemTypes": [
               {
                  "name": "Feedback Request",
                  "url": "https://fabrikam-fiber-inc.visualstudio.com/DefaultCollection/6ce954b1-ce1f-45d1-b94d-e6bf2464ba2c/_apis/wit/workItemTypes/Feedback%20Request"
               }
            ],
            "url": "https://fabrikam-fiber-inc.visualstudio.com/DefaultCollection/6ce954b1-ce1f-45d1-b94d-e6bf2464ba2c/_apis/wit/workItemTypeCategories/Microsoft.FeedbackRequestCategory"
         },
         {
            "name": "Feedback Response Category",
            "referenceName": "Microsoft.FeedbackResponseCategory",
            "defaultWorkItemType": {
               "name": "Feedback Response",
               "url": "https://fabrikam-fiber-inc.visualstudio.com/DefaultCollection/6ce954b1-ce1f-45d1-b94d-e6bf2464ba2c/_apis/wit/workItemTypes/Feedback%20Response"
            },
            "workItemTypes": [
               {
                  "name": "Feedback Response",
                  "url": "https://fabrikam-fiber-inc.visualstudio.com/DefaultCollection/6ce954b1-ce1f-45d1-b94d-e6bf2464ba2c/_apis/wit/workItemTypes/Feedback%20Response"
               }
            ],
            "url": "https://fabrikam-fiber-inc.visualstudio.com/DefaultCollection/6ce954b1-ce1f-45d1-b94d-e6bf2464ba2c/_apis/wit/workItemTypeCategories/Microsoft.FeedbackResponseCategory"
         },
         {
            "name": "Task Category",
            "referenceName": "Microsoft.TaskCategory",
            "defaultWorkItemType": {
               "name": "Task",
               "url": "https://fabrikam-fiber-inc.visualstudio.com/DefaultCollection/6ce954b1-ce1f-45d1-b94d-e6bf2464ba2c/_apis/wit/workItemTypes/Task"
            },
            "workItemTypes": [
               {
                  "name": "Task",
                  "url": "https://fabrikam-fiber-inc.visualstudio.com/DefaultCollection/6ce954b1-ce1f-45d1-b94d-e6bf2464ba2c/_apis/wit/workItemTypes/Task"
               }
            ],
            "url": "https://fabrikam-fiber-inc.visualstudio.com/DefaultCollection/6ce954b1-ce1f-45d1-b94d-e6bf2464ba2c/_apis/wit/workItemTypeCategories/Microsoft.TaskCategory"
         },
         {
            "name": "Hidden Types Category",
            "referenceName": "Microsoft.HiddenCategory",
            "defaultWorkItemType": {
               "name": "Code Review Request",
               "url": "https://fabrikam-fiber-inc.visualstudio.com/DefaultCollection/6ce954b1-ce1f-45d1-b94d-e6bf2464ba2c/_apis/wit/workItemTypes/Code%20Review%20Request"
            },
            "workItemTypes": [
               {
                  "name": "Code Review Request",
                  "url": "https://fabrikam-fiber-inc.visualstudio.com/DefaultCollection/6ce954b1-ce1f-45d1-b94d-e6bf2464ba2c/_apis/wit/workItemTypes/Code%20Review%20Request"
               },
               {
                  "name": "Code Review Response",
                  "url": "https://fabrikam-fiber-inc.visualstudio.com/DefaultCollection/6ce954b1-ce1f-45d1-b94d-e6bf2464ba2c/_apis/wit/workItemTypes/Code%20Review%20Response"
               },
               {
                  "name": "Feedback Request",
                  "url": "https://fabrikam-fiber-inc.visualstudio.com/DefaultCollection/6ce954b1-ce1f-45d1-b94d-e6bf2464ba2c/_apis/wit/workItemTypes/Feedback%20Request"
               },
               {
                  "name": "Feedback Response",
                  "url": "https://fabrikam-fiber-inc.visualstudio.com/DefaultCollection/6ce954b1-ce1f-45d1-b94d-e6bf2464ba2c/_apis/wit/workItemTypes/Feedback%20Response"
               },
               {
                  "name": "Shared Steps",
                  "url": "https://fabrikam-fiber-inc.visualstudio.com/DefaultCollection/6ce954b1-ce1f-45d1-b94d-e6bf2464ba2c/_apis/wit/workItemTypes/Shared%20Steps"
               },
               {
                  "name": "Shared Parameter",
                  "url": "https://fabrikam-fiber-inc.visualstudio.com/DefaultCollection/6ce954b1-ce1f-45d1-b94d-e6bf2464ba2c/_apis/wit/workItemTypes/Shared%20Parameter"
               },
               {
                  "name": "Test Plan",
                  "url": "https://fabrikam-fiber-inc.visualstudio.com/DefaultCollection/6ce954b1-ce1f-45d1-b94d-e6bf2464ba2c/_apis/wit/workItemTypes/Test%20Plan"
               },
               {
                  "name": "Test Suite",
                  "url": "https://fabrikam-fiber-inc.visualstudio.com/DefaultCollection/6ce954b1-ce1f-45d1-b94d-e6bf2464ba2c/_apis/wit/workItemTypes/Test%20Suite"
               }
            ],
            "url": "https://fabrikam-fiber-inc.visualstudio.com/DefaultCollection/6ce954b1-ce1f-45d1-b94d-e6bf2464ba2c/_apis/wit/workItemTypeCategories/Microsoft.HiddenCategory"
         },
         {
            "name": "Shared Parameter Category",
            "referenceName": "Microsoft.SharedParameterCategory",
            "defaultWorkItemType": {
               "name": "Shared Parameter",
               "url": "https://fabrikam-fiber-inc.visualstudio.com/DefaultCollection/6ce954b1-ce1f-45d1-b94d-e6bf2464ba2c/_apis/wit/workItemTypes/Shared%20Parameter"
            },
            "workItemTypes": [
               {
                  "name": "Shared Parameter",
                  "url": "https://fabrikam-fiber-inc.visualstudio.com/DefaultCollection/6ce954b1-ce1f-45d1-b94d-e6bf2464ba2c/_apis/wit/workItemTypes/Shared%20Parameter"
               }
            ],
            "url": "https://fabrikam-fiber-inc.visualstudio.com/DefaultCollection/6ce954b1-ce1f-45d1-b94d-e6bf2464ba2c/_apis/wit/workItemTypeCategories/Microsoft.SharedParameterCategory"
         },
         {
            "name": "Test Plan Category",
            "referenceName": "Microsoft.TestPlanCategory",
            "defaultWorkItemType": {
               "name": "Test Plan",
               "url": "https://fabrikam-fiber-inc.visualstudio.com/DefaultCollection/6ce954b1-ce1f-45d1-b94d-e6bf2464ba2c/_apis/wit/workItemTypes/Test%20Plan"
            },
            "workItemTypes": [
               {
                  "name": "Test Plan",
                  "url": "https://fabrikam-fiber-inc.visualstudio.com/DefaultCollection/6ce954b1-ce1f-45d1-b94d-e6bf2464ba2c/_apis/wit/workItemTypes/Test%20Plan"
               }
            ],
            "url": "https://fabrikam-fiber-inc.visualstudio.com/DefaultCollection/6ce954b1-ce1f-45d1-b94d-e6bf2464ba2c/_apis/wit/workItemTypeCategories/Microsoft.TestPlanCategory"
         },
         {
            "name": "Test Suite Category",
            "referenceName": "Microsoft.TestSuiteCategory",
            "defaultWorkItemType": {
               "name": "Test Suite",
               "url": "https://fabrikam-fiber-inc.visualstudio.com/DefaultCollection/6ce954b1-ce1f-45d1-b94d-e6bf2464ba2c/_apis/wit/workItemTypes/Test%20Suite"
            },
            "workItemTypes": [
               {
                  "name": "Test Suite",
                  "url": "https://fabrikam-fiber-inc.visualstudio.com/DefaultCollection/6ce954b1-ce1f-45d1-b94d-e6bf2464ba2c/_apis/wit/workItemTypes/Test%20Suite"
               }
            ],
            "url": "https://fabrikam-fiber-inc.visualstudio.com/DefaultCollection/6ce954b1-ce1f-45d1-b94d-e6bf2464ba2c/_apis/wit/workItemTypeCategories/Microsoft.TestSuiteCategory"
         }
      ]
   }
}