{
   "method": "GET",
   "resourceFormat": "/projects",
   "requestUrl": "https://fabrikam-fiber-inc.visualstudio.com/DefaultCollection/_apis/projects?api-version=1.0",
   "requestHeaders": {
      "Accept": "application/json"
   },
   "statusCode": 200,
   "responseHeaders": {
      "cache-control": "no-cache",
      "pragma": "no-cache",
      "content-type": "application/json; charset=utf-8; api-version=1.0",
      "expires": "-1",
      "server": "Microsoft-IIS/8.5",
      "x-tfs-processid": "f1fe12f3-e5ed-48f3-80b2-11fd27ac156d",
      "strict-transport-security": "max-age=31536000; includeSubDomains",
      "x-frame-options": "SAMEORIGIN",
      "set-cookie": [
         "Tfs-SessionId=3029a255-ef1d-0004-fcea-39301defcf01; path=/; secure",
         "Tfs-SessionActive=2014-10-27T15:59:25; path=/; secure"
      ],
      "x-vss-userdata": "d6245f20-2af8-44f4-9451-8107cb2767db:fabrikamfiber16@hotmail.com",
      "activityid": "3029a255-ef1d-0004-fcea-39301defcf01",
      "x-aspnet-version": "4.0.30319",
      "x-powered-by": "ASP.NET",
      "p3p": "CP=\"CAO DSP COR ADMa DEV CONo TELo CUR PSA PSD TAI IVDo OUR SAMi BUS DEM NAV STA UNI COM INT PHY ONL FIN PUR LOC CNT\"",
      "x-content-type-options": "nosniff",
      "date": "Mon, 27 Oct 2014 15:59:25 GMT",
      "content-length": "662"
   },
   "responseBody": {
      "count": 3,
      "value": [
         {
            "id": "eb6e4656-77fc-42a1-9181-4c6d8e9da5d1",
            "name": "Fabrikam-Fiber-TFVC",
            "url": "https://fabrikam-fiber-inc.visualstudio.com/DefaultCollection/_apis/projects/eb6e4656-77fc-42a1-9181-4c6d8e9da5d1",
            "state": "wellFormed"
         },
         {
            "id": "6ce954b1-ce1f-45d1-b94d-e6bf2464ba2c",
            "name": "Fabrikam-Fiber-Git",
            "url": "https://fabrikam-fiber-inc.visualstudio.com/DefaultCollection/_apis/projects/6ce954b1-ce1f-45d1-b94d-e6bf2464ba2c",
            "state": "wellFormed"
         },
         {
            "id": "281f9a5b-af0d-49b4-a1df-fe6f5e5f84d0",
            "name": "TestGit",
            "url": "https://fabrikam-fiber-inc.visualstudio.com/DefaultCollection/_apis/projects/281f9a5b-af0d-49b4-a1df-fe6f5e5f84d0",
            "state": "wellFormed"
         }
      ]
   }
}