{
   "method": "PATCH",
   "resourceFormat": "/projects/{projectId}",
   "requestUrl": "https://fabrikam-fiber-inc.visualstudio.com/DefaultCollection/_apis/projects/eb6e4656-77fc-42a1-9181-4c6d8e9da5d1?api-version=1.0",
   "requestHeaders": {
      "Accept": "application/json",
      "Content-Type": "application/json",
      "Content-Length": 59
   },
   "requestBody": {
      "description": "Team Foundation Version Control projects."
   },
   "statusCode": 200,
   "responseHeaders": {
      "cache-control": "no-cache",
      "pragma": "no-cache",
      "content-type": "application/json; charset=utf-8; api-version=1.0",
      "expires": "-1",
      "server": "Microsoft-IIS/8.5",
      "x-tfs-processid": "27385494-2b60-4699-b8c6-86e18f120c7a",
      "strict-transport-security": "max-age=31536000; includeSubDomains",
      "x-frame-options": "SAMEORIGIN",
      "set-cookie": [
         "Tfs-SessionId=3029a255-ef1d-0004-fcea-39301defcf01; path=/; secure",
         "Tfs-SessionActive=2014-10-27T15:59:29; path=/; secure"
      ],
      "x-vss-userdata": "d6245f20-2af8-44f4-9451-8107cb2767db:fabrikamfiber16@hotmail.com",
      "activityid": "37e5a78e-ef1d-0004-ddb6-f7371defcf01",
      "x-aspnet-version": "4.0.30319",
      "x-powered-by": "ASP.NET",
      "p3p": "CP=\"CAO DSP COR ADMa DEV CONo TELo CUR PSA PSD TAI IVDo OUR SAMi BUS DEM NAV STA UNI COM INT PHY ONL FIN PUR LOC CNT\"",
      "x-content-type-options": "nosniff",
      "date": "Mon, 27 Oct 2014 15:59:29 GMT",
      "content-length": "906"
   },
   "responseBody": {
      "id": "eb6e4656-77fc-42a1-9181-4c6d8e9da5d1",
      "name": "Fabrikam-Fiber-TFVC",
      "url": "https://fabrikam-fiber-inc.visualstudio.com/DefaultCollection/_apis/projects/eb6e4656-77fc-42a1-9181-4c6d8e9da5d1",
      "description": "Team Foundation Version Control projects.",
      "state": "wellFormed",
      "_links": {
         "self": {
            "href": "https://fabrikam-fiber-inc.visualstudio.com/DefaultCollection/_apis/projects/eb6e4656-77fc-42a1-9181-4c6d8e9da5d1"
         },
         "collection": {
            "href": "https://fabrikam-fiber-inc.visualstudio.com/_apis/projectCollections/d81542e4-cdfa-4333-b082-1ae2d6c3ad16"
         },
         "web": {
            "href": "https://fabrikam-fiber-inc.visualstudio.com/DefaultCollection/Fabrikam-Fiber-TFVC"
         }
      },
      "defaultTeam": {
         "id": "66df9be7-3586-467b-9c5f-425b29afedfd",
         "name": "Fabrikam-Fiber-TFVC Team",
         "url": "https://fabrikam-fiber-inc.visualstudio.com/DefaultCollection/_apis/projects/eb6e4656-77fc-42a1-9181-4c6d8e9da5d1/teams/66df9be7-3586-467b-9c5f-425b29afedfd"
      }
   }
}