{
   "method": "GET",
   "resourceFormat": "/tagging/scopes/{scopeId}/tags?includeInactive=true",
   "requestUrl": "https://fabrikam-fiber-inc.visualstudio.com/DefaultCollection/_apis/tagging/scopes/6ce954b1-ce1f-45d1-b94d-e6bf2464ba2c/tags?includeInactive=true&api-version=1.0",
   "requestHeaders": {
      "Accept": "application/json"
   },
   "statusCode": 200,
   "responseHeaders": {
      "cache-control": "no-cache",
      "pragma": "no-cache",
      "content-type": "application/json; charset=utf-8; api-version=1.0-preview.1",
      "expires": "-1",
      "server": "Microsoft-IIS/8.5",
      "x-tfs-processid": "3a53f505-18a5-41ea-9683-f7901dbd7a17",
      "strict-transport-security": "max-age=31536000; includeSubDomains",
      "x-frame-options": "SAMEORIGIN",
      "set-cookie": [
         "Tfs-SessionId=e1db558c-f22e-0000-fe0a-dde12ef2cf01; path=/; secure",
         "Tfs-SessionActive=2014-10-28T03:23:15; path=/; secure"
      ],
      "x-vss-userdata": "d6245f20-2af8-44f4-9451-8107cb2767db:fabrikamfiber16@hotmail.com",
      "activityid": "c79a736d-f22e-0000-a238-9cc72ef2cf01",
      "x-aspnet-version": "4.0.30319",
      "x-powered-by": "ASP.NET",
      "p3p": "CP=\"CAO DSP COR ADMa DEV CONo TELo CUR PSA PSD TAI IVDo OUR SAMi BUS DEM NAV STA UNI COM INT PHY ONL FIN PUR LOC CNT\"",
      "x-content-type-options": "nosniff",
      "date": "Tue, 28 Oct 2014 03:23:14 GMT",
      "content-length": "3012"
   },
   "responseBody": {
      "count": 12,
      "value": [
         {
            "id": "d3b448f5-01ea-4e04-a779-923160a05111",
            "name": "Billing",
            "active": true,
            "url": "https://fabrikam-fiber-inc.visualstudio.com/DefaultCollection/_apis/Tagging/scopes/6ce954b1-ce1f-45d1-b94d-e6bf2464ba2c/tags/d3b448f5-01ea-4e04-a779-923160a05111"
         },
         {
            "id": "e4b2b4cc-c728-42fa-92d7-1e8187dcdaf1",
            "name": "Customer",
            "active": true,
            "url": "https://fabrikam-fiber-inc.visualstudio.com/DefaultCollection/_apis/Tagging/scopes/6ce954b1-ce1f-45d1-b94d-e6bf2464ba2c/tags/e4b2b4cc-c728-42fa-92d7-1e8187dcdaf1"
         },
         {
            "id": "afb5078a-b81a-4f5d-a7a0-38de6a055200",
            "name": "Customer Service",
            "active": true,
            "url": "https://fabrikam-fiber-inc.visualstudio.com/DefaultCollection/_apis/Tagging/scopes/6ce954b1-ce1f-45d1-b94d-e6bf2464ba2c/tags/afb5078a-b81a-4f5d-a7a0-38de6a055200"
         },
         {
            "id": "9dfc2f21-b2aa-4e11-a36a-f3761e9861cb",
            "name": "My Tag",
            "active": true,
            "url": "https://fabrikam-fiber-inc.visualstudio.com/DefaultCollection/_apis/Tagging/scopes/6ce954b1-ce1f-45d1-b94d-e6bf2464ba2c/tags/9dfc2f21-b2aa-4e11-a36a-f3761e9861cb"
         },
         {
            "id": "082d7579-65ae-4401-8768-f11caf29653b",
            "name": "New tag",
            "active": false,
            "url": "https://fabrikam-fiber-inc.visualstudio.com/DefaultCollection/_apis/Tagging/scopes/6ce954b1-ce1f-45d1-b94d-e6bf2464ba2c/tags/082d7579-65ae-4401-8768-f11caf29653b"
         },
         {
            "id": "4cc38671-cbaa-47e3-b5a4-8b6c36edfca8",
            "name": "Tag now inactive",
            "active": false,
            "url": "https://fabrikam-fiber-inc.visualstudio.com/DefaultCollection/_apis/Tagging/scopes/6ce954b1-ce1f-45d1-b94d-e6bf2464ba2c/tags/4cc38671-cbaa-47e3-b5a4-8b6c36edfca8"
         },
         {
            "id": "7339639a-089f-4592-b352-993f0648c877",
            "name": "Tag1",
            "active": true,
            "url": "https://fabrikam-fiber-inc.visualstudio.com/DefaultCollection/_apis/Tagging/scopes/6ce954b1-ce1f-45d1-b94d-e6bf2464ba2c/tags/7339639a-089f-4592-b352-993f0648c877"
         },
         {
            "id": "05d4d487-054e-498e-8d6f-9132ed72c295",
            "name": "Tag2",
            "active": true,
            "url": "https://fabrikam-fiber-inc.visualstudio.com/DefaultCollection/_apis/Tagging/scopes/6ce954b1-ce1f-45d1-b94d-e6bf2464ba2c/tags/05d4d487-054e-498e-8d6f-9132ed72c295"
         },
         {
            "id": "d894c59f-9d24-4cce-9242-515f210eb681",
            "name": "Technician",
            "active": true,
            "url": "https://fabrikam-fiber-inc.visualstudio.com/DefaultCollection/_apis/Tagging/scopes/6ce954b1-ce1f-45d1-b94d-e6bf2464ba2c/tags/d894c59f-9d24-4cce-9242-515f210eb681"
         },
         {
            "id": "3ebd34d1-1796-4f46-8aa4-f430c612ae7f",
            "name": "Urgent",
            "active": false,
            "url": "https://fabrikam-fiber-inc.visualstudio.com/DefaultCollection/_apis/Tagging/scopes/6ce954b1-ce1f-45d1-b94d-e6bf2464ba2c/tags/3ebd34d1-1796-4f46-8aa4-f430c612ae7f"
         },
         {
            "id": "ec448db2-46bc-49a1-a806-54798dde05b3",
            "name": "UX review needed",
            "active": true,
            "url": "https://fabrikam-fiber-inc.visualstudio.com/DefaultCollection/_apis/Tagging/scopes/6ce954b1-ce1f-45d1-b94d-e6bf2464ba2c/tags/ec448db2-46bc-49a1-a806-54798dde05b3"
         },
         {
            "id": "8b3d3191-bc8f-46b4-ad68-35dd14d1f494",
            "name": "zendesk",
            "active": true,
            "url": "https://fabrikam-fiber-inc.visualstudio.com/DefaultCollection/_apis/Tagging/scopes/6ce954b1-ce1f-45d1-b94d-e6bf2464ba2c/tags/8b3d3191-bc8f-46b4-ad68-35dd14d1f494"
         }
      ]
   }
}