{
   "method": "POST",
   "resourceFormat": "/tagging/scopes/{scopeId}/tags",
   "requestUrl": "https://fabrikam-fiber-inc.visualstudio.com/DefaultCollection/_apis/tagging/scopes/6ce954b1-ce1f-45d1-b94d-e6bf2464ba2c/tags?api-version=1.0",
   "requestHeaders": {
      "Accept": "application/json",
      "Content-Type": "application/json",
      "Content-Length": 17
   },
   "requestBody": {
      "name": "My Tag"
   },
   "statusCode": 201,
   "responseHeaders": {
      "cache-control": "no-cache",
      "pragma": "no-cache",
      "content-type": "application/json; charset=utf-8; api-version=1.0-preview.1",
      "expires": "-1",
      "location": "https://fabrikam-fiber-inc.visualstudio.com/DefaultCollection/_apis/Tagging/scopes/6ce954b1-ce1f-45d1-b94d-e6bf2464ba2c/tags/9dfc2f21-b2aa-4e11-a36a-f3761e9861cb",
      "server": "Microsoft-IIS/8.5",
      "x-tfs-processid": "c6d2b449-120f-4bb7-a3c3-809ad144d2f5",
      "strict-transport-security": "max-age=31536000; includeSubDomains",
      "x-frame-options": "SAMEORIGIN",
      "set-cookie": [
         "Tfs-SessionId=e1db558c-f22e-0000-fe0a-dde12ef2cf01; path=/; secure",
         "Tfs-SessionActive=2014-10-28T03:23:12; path=/; secure"
      ],
      "x-vss-userdata": "d6245f20-2af8-44f4-9451-8107cb2767db:fabrikamfiber16@hotmail.com",
      "activityid": "e1db558c-f22e-0000-fe0a-dde12ef2cf01",
      "x-aspnet-version": "4.0.30319",
      "x-powered-by": "ASP.NET",
      "p3p": "CP=\"CAO DSP COR ADMa DEV CONo TELo CUR PSA PSD TAI IVDo OUR SAMi BUS DEM NAV STA UNI COM INT PHY ONL FIN PUR LOC CNT\"",
      "x-content-type-options": "nosniff",
      "date": "Tue, 28 Oct 2014 03:23:11 GMT",
      "content-length": "245"
   },
   "responseBody": {
      "id": "9dfc2f21-b2aa-4e11-a36a-f3761e9861cb",
      "name": "My Tag",
      "active": true,
      "url": "https://fabrikam-fiber-inc.visualstudio.com/DefaultCollection/_apis/Tagging/scopes/6ce954b1-ce1f-45d1-b94d-e6bf2464ba2c/tags/9dfc2f21-b2aa-4e11-a36a-f3761e9861cb"
   }
}