{
   "method": "POST",
   "resourceFormat": "/wit/wiql",
   "requestUrl": "https://fabrikam-fiber-inc.visualstudio.com/DefaultCollection/_apis/wit/wiql?api-version=1.0",
   "requestHeaders": {
      "Accept": "application/json",
      "Content-Type": "application/json",
      "Content-Length": 236
   },
   "requestBody": {
      "query": "Select [System.Id], [System.Title], [System.State] From WorkItems Where [System.WorkItemType] = 'Task' AND [State] <> 'Closed' AND [State] <> 'Removed' order by [Microsoft.VSTS.Common.Priority] asc, [System.CreatedDate] desc"
   },
   "statusCode": 200,
   "responseHeaders": {
      "cache-control": "no-cache",
      "pragma": "no-cache",
      "content-type": "application/json; charset=utf-8; api-version=1.0",
      "expires": "-1",
      "server": "Microsoft-IIS/8.5",
      "x-tfs-processid": "69f0b14c-58dd-45f1-b6f1-124bb305048f",
      "strict-transport-security": "max-age=31536000; includeSubDomains",
      "x-frame-options": "SAMEORIGIN",
      "set-cookie": [
         "Tfs-SessionId=7066e0f8-1bcc-0004-e520-db70cc1bd001; path=/; secure",
         "Tfs-SessionActive=2014-12-29T20:49:34; path=/; secure"
      ],
      "x-vss-userdata": "d291b0c4-a05c-4ea6-8df1-4b41d5f39eff:fabrikamfiber4@hotmail.com",
      "activityid": "7066e0f8-1bcc-0000-60a1-eb70cc1bd001",
      "x-aspnet-version": "4.0.30319",
      "x-powered-by": "ASP.NET",
      "p3p": "CP=\"CAO DSP COR ADMa DEV CONo TELo CUR PSA PSD TAI IVDo OUR SAMi BUS DEM NAV STA UNI COM INT PHY ONL FIN PUR LOC CNT\"",
      "x-content-type-options": "nosniff",
      "date": "Mon, 29 Dec 2014 20:49:34 GMT",
      "content-length": "1871"
   },
   "responseBody": {
      "queryType": "flat",
      "asOf": "2014-12-29T20:49:34.617Z",
      "columns": [
         {
            "referenceName": "System.Id",
            "name": "ID",
            "url": "https://fabrikam-fiber-inc.visualstudio.com/DefaultCollection/_apis/wit/fields/System.Id"
         },
         {
            "referenceName": "System.Title",
            "name": "Title",
            "url": "https://fabrikam-fiber-inc.visualstudio.com/DefaultCollection/_apis/wit/fields/System.Title"
         },
         {
            "referenceName": "System.State",
            "name": "State",
            "url": "https://fabrikam-fiber-inc.visualstudio.com/DefaultCollection/_apis/wit/fields/System.State"
         }
      ],
      "sortColumns": [
         {
            "field": {
               "referenceName": "Microsoft.VSTS.Common.Priority",
               "name": "Priority",
               "url": "https://fabrikam-fiber-inc.visualstudio.com/DefaultCollection/_apis/wit/fields/Microsoft.VSTS.Common.Priority"
            },
            "descending": false
         },
         {
            "field": {
               "referenceName": "System.CreatedDate",
               "name": "Created Date",
               "url": "https://fabrikam-fiber-inc.visualstudio.com/DefaultCollection/_apis/wit/fields/System.CreatedDate"
            },
            "descending": true
         }
      ],
      "workItems": [
         {
            "id": 300,
            "url": "https://fabrikam-fiber-inc.visualstudio.com/DefaultCollection/_apis/wit/workItems/300"
         },
         {
            "id": 299,
            "url": "https://fabrikam-fiber-inc.visualstudio.com/DefaultCollection/_apis/wit/workItems/299"
         },
         {
            "id": 298,
            "url": "https://fabrikam-fiber-inc.visualstudio.com/DefaultCollection/_apis/wit/workItems/298"
         },
         {
            "id": 17,
            "url": "https://fabrikam-fiber-inc.visualstudio.com/DefaultCollection/_apis/wit/workItems/17"
         },
         {
            "id": 16,
            "url": "https://fabrikam-fiber-inc.visualstudio.com/DefaultCollection/_apis/wit/workItems/16"
         },
         {
            "id": 15,
            "url": "https://fabrikam-fiber-inc.visualstudio.com/DefaultCollection/_apis/wit/workItems/15"
         },
         {
            "id": 14,
            "url": "https://fabrikam-fiber-inc.visualstudio.com/DefaultCollection/_apis/wit/workItems/14"
         },
         {
            "id": 9,
            "url": "https://fabrikam-fiber-inc.visualstudio.com/DefaultCollection/_apis/wit/workItems/9"
         },
         {
            "id": 8,
            "url": "https://fabrikam-fiber-inc.visualstudio.com/DefaultCollection/_apis/wit/workItems/8"
         }
      ]
   }
}