{
   "method": "POST",
   "resourceFormat": "/wit/wiql",
   "requestUrl": "https://fabrikam-fiber-inc.visualstudio.com/DefaultCollection/Fabrikam-Fiber-Git/_apis/wit/wiql?api-version=1.0",
   "requestHeaders": {
      "Accept": "application/json",
      "Content-Type": "application/json",
      "Content-Length": 337
   },
   "requestBody": {
      "query": "Select [System.Id], [System.WorkItemType], [System.Title], [System.AssignedTo], [System.State] From WorkItemLinks WHERE (Source.[System.TeamProject] = @project and Source.[System.State] <> 'Removed') and ([System.Links.LinkType] = 'System.LinkTypes.Hierarchy-Forward') and (Target.[System.WorkItemType] <> '') mode(Recursive)"
   },
   "statusCode": 200,
   "responseHeaders": {
      "cache-control": "no-cache",
      "pragma": "no-cache",
      "content-type": "application/json; charset=utf-8; api-version=1.0",
      "expires": "-1",
      "server": "Microsoft-IIS/8.5",
      "x-tfs-processid": "79c99f53-1127-4a7d-848b-a49f5155acac",
      "strict-transport-security": "max-age=31536000; includeSubDomains",
      "x-frame-options": "SAMEORIGIN",
      "set-cookie": [
         "Tfs-SessionId=7066e0f8-1bcc-0004-e520-db70cc1bd001; path=/; secure",
         "Tfs-SessionActive=2014-12-29T20:49:36; path=/; secure"
      ],
      "x-vss-userdata": "d291b0c4-a05c-4ea6-8df1-4b41d5f39eff:fabrikamfiber4@hotmail.com",
      "activityid": "4d43d1aa-1bcc-0004-6c2f-ad4dcc1bd001",
      "x-aspnet-version": "4.0.30319",
      "x-powered-by": "ASP.NET",
      "p3p": "CP=\"CAO DSP COR ADMa DEV CONo TELo CUR PSA PSD TAI IVDo OUR SAMi BUS DEM NAV STA UNI COM INT PHY ONL FIN PUR LOC CNT\"",
      "x-content-type-options": "nosniff",
      "date": "Mon, 29 Dec 2014 20:49:35 GMT",
      "content-length": "6707"
   },
   "responseBody": {
      "queryType": "tree",
      "asOf": "2014-12-29T20:49:35.983Z",
      "columns": [
         {
            "referenceName": "System.Id",
            "name": "ID",
            "url": "https://fabrikam-fiber-inc.visualstudio.com/DefaultCollection/_apis/wit/fields/System.Id"
         },
         {
            "referenceName": "System.WorkItemType",
            "name": "Work Item Type",
            "url": "https://fabrikam-fiber-inc.visualstudio.com/DefaultCollection/_apis/wit/fields/System.WorkItemType"
         },
         {
            "referenceName": "System.Title",
            "name": "Title",
            "url": "https://fabrikam-fiber-inc.visualstudio.com/DefaultCollection/_apis/wit/fields/System.Title"
         },
         {
            "referenceName": "System.AssignedTo",
            "name": "Assigned To",
            "url": "https://fabrikam-fiber-inc.visualstudio.com/DefaultCollection/_apis/wit/fields/System.AssignedTo"
         },
         {
            "referenceName": "System.State",
            "name": "State",
            "url": "https://fabrikam-fiber-inc.visualstudio.com/DefaultCollection/_apis/wit/fields/System.State"
         }
      ],
      "workItemRelations": [
         {
            "target": {
               "id": 4,
               "url": "https://fabrikam-fiber-inc.visualstudio.com/DefaultCollection/_apis/wit/workItems/4"
            }
         },
         {
            "target": {
               "id": 5,
               "url": "https://fabrikam-fiber-inc.visualstudio.com/DefaultCollection/_apis/wit/workItems/5"
            }
         },
         {
            "target": {
               "id": 6,
               "url": "https://fabrikam-fiber-inc.visualstudio.com/DefaultCollection/_apis/wit/workItems/6"
            }
         },
         {
            "target": {
               "id": 7,
               "url": "https://fabrikam-fiber-inc.visualstudio.com/DefaultCollection/_apis/wit/workItems/7"
            }
         },
         {
            "rel": "System.LinkTypes.Hierarchy-Forward",
            "source": {
               "id": 7,
               "url": "https://fabrikam-fiber-inc.visualstudio.com/DefaultCollection/_apis/wit/workItems/7"
            },
            "target": {
               "id": 8,
               "url": "https://fabrikam-fiber-inc.visualstudio.com/DefaultCollection/_apis/wit/workItems/8"
            }
         },
         {
            "rel": "System.LinkTypes.Hierarchy-Forward",
            "source": {
               "id": 7,
               "url": "https://fabrikam-fiber-inc.visualstudio.com/DefaultCollection/_apis/wit/workItems/7"
            },
            "target": {
               "id": 9,
               "url": "https://fabrikam-fiber-inc.visualstudio.com/DefaultCollection/_apis/wit/workItems/9"
            }
         },
         {
            "target": {
               "id": 11,
               "url": "https://fabrikam-fiber-inc.visualstudio.com/DefaultCollection/_apis/wit/workItems/11"
            }
         },
         {
            "target": {
               "id": 12,
               "url": "https://fabrikam-fiber-inc.visualstudio.com/DefaultCollection/_apis/wit/workItems/12"
            }
         },
         {
            "target": {
               "id": 20,
               "url": "https://fabrikam-fiber-inc.visualstudio.com/DefaultCollection/_apis/wit/workItems/20"
            }
         },
         {
            "rel": "System.LinkTypes.Hierarchy-Forward",
            "source": {
               "id": 20,
               "url": "https://fabrikam-fiber-inc.visualstudio.com/DefaultCollection/_apis/wit/workItems/20"
            },
            "target": {
               "id": 1,
               "url": "https://fabrikam-fiber-inc.visualstudio.com/DefaultCollection/_apis/wit/workItems/1"
            }
         },
         {
            "rel": "System.LinkTypes.Hierarchy-Forward",
            "source": {
               "id": 20,
               "url": "https://fabrikam-fiber-inc.visualstudio.com/DefaultCollection/_apis/wit/workItems/20"
            },
            "target": {
               "id": 2,
               "url": "https://fabrikam-fiber-inc.visualstudio.com/DefaultCollection/_apis/wit/workItems/2"
            }
         },
         {
            "rel": "System.LinkTypes.Hierarchy-Forward",
            "source": {
               "id": 20,
               "url": "https://fabrikam-fiber-inc.visualstudio.com/DefaultCollection/_apis/wit/workItems/20"
            },
            "target": {
               "id": 3,
               "url": "https://fabrikam-fiber-inc.visualstudio.com/DefaultCollection/_apis/wit/workItems/3"
            }
         },
         {
            "rel": "System.LinkTypes.Hierarchy-Forward",
            "source": {
               "id": 20,
               "url": "https://fabrikam-fiber-inc.visualstudio.com/DefaultCollection/_apis/wit/workItems/20"
            },
            "target": {
               "id": 10,
               "url": "https://fabrikam-fiber-inc.visualstudio.com/DefaultCollection/_apis/wit/workItems/10"
            }
         },
         {
            "rel": "System.LinkTypes.Hierarchy-Forward",
            "source": {
               "id": 10,
               "url": "https://fabrikam-fiber-inc.visualstudio.com/DefaultCollection/_apis/wit/workItems/10"
            },
            "target": {
               "id": 13,
               "url": "https://fabrikam-fiber-inc.visualstudio.com/DefaultCollection/_apis/wit/workItems/13"
            }
         },
         {
            "rel": "System.LinkTypes.Hierarchy-Forward",
            "source": {
               "id": 10,
               "url": "https://fabrikam-fiber-inc.visualstudio.com/DefaultCollection/_apis/wit/workItems/10"
            },
            "target": {
               "id": 14,
               "url": "https://fabrikam-fiber-inc.visualstudio.com/DefaultCollection/_apis/wit/workItems/14"
            }
         },
         {
            "rel": "System.LinkTypes.Hierarchy-Forward",
            "source": {
               "id": 10,
               "url": "https://fabrikam-fiber-inc.visualstudio.com/DefaultCollection/_apis/wit/workItems/10"
            },
            "target": {
               "id": 15,
               "url": "https://fabrikam-fiber-inc.visualstudio.com/DefaultCollection/_apis/wit/workItems/15"
            }
         },
         {
            "rel": "System.LinkTypes.Hierarchy-Forward",
            "source": {
               "id": 10,
               "url": "https://fabrikam-fiber-inc.visualstudio.com/DefaultCollection/_apis/wit/workItems/10"
            },
            "target": {
               "id": 16,
               "url": "https://fabrikam-fiber-inc.visualstudio.com/DefaultCollection/_apis/wit/workItems/16"
            }
         },
         {
            "rel": "System.LinkTypes.Hierarchy-Forward",
            "source": {
               "id": 10,
               "url": "https://fabrikam-fiber-inc.visualstudio.com/DefaultCollection/_apis/wit/workItems/10"
            },
            "target": {
               "id": 17,
               "url": "https://fabrikam-fiber-inc.visualstudio.com/DefaultCollection/_apis/wit/workItems/17"
            }
         },
         {
            "rel": "System.LinkTypes.Hierarchy-Forward",
            "source": {
               "id": 10,
               "url": "https://fabrikam-fiber-inc.visualstudio.com/DefaultCollection/_apis/wit/workItems/10"
            },
            "target": {
               "id": 18,
               "url": "https://fabrikam-fiber-inc.visualstudio.com/DefaultCollection/_apis/wit/workItems/18"
            }
         },
         {
            "rel": "System.LinkTypes.Hierarchy-Forward",
            "source": {
               "id": 10,
               "url": "https://fabrikam-fiber-inc.visualstudio.com/DefaultCollection/_apis/wit/workItems/10"
            },
            "target": {
               "id": 19,
               "url": "https://fabrikam-fiber-inc.visualstudio.com/DefaultCollection/_apis/wit/workItems/19"
            }
         },
         {
            "target": {
               "id": 21,
               "url": "https://fabrikam-fiber-inc.visualstudio.com/DefaultCollection/_apis/wit/workItems/21"
            }
         },
         {
            "target": {
               "id": 33,
               "url": "https://fabrikam-fiber-inc.visualstudio.com/DefaultCollection/_apis/wit/workItems/33"
            }
         },
         {
            "target": {
               "id": 34,
               "url": "https://fabrikam-fiber-inc.visualstudio.com/DefaultCollection/_apis/wit/workItems/34"
            }
         },
         {
            "target": {
               "id": 46,
               "url": "https://fabrikam-fiber-inc.visualstudio.com/DefaultCollection/_apis/wit/workItems/46"
            }
         },
         {
            "target": {
               "id": 47,
               "url": "https://fabrikam-fiber-inc.visualstudio.com/DefaultCollection/_apis/wit/workItems/47"
            }
         },
         {
            "target": {
               "id": 58,
               "url": "https://fabrikam-fiber-inc.visualstudio.com/DefaultCollection/_apis/wit/workItems/58"
            }
         },
         {
            "target": {
               "id": 59,
               "url": "https://fabrikam-fiber-inc.visualstudio.com/DefaultCollection/_apis/wit/workItems/59"
            }
         },
         {
            "target": {
               "id": 297,
               "url": "https://fabrikam-fiber-inc.visualstudio.com/DefaultCollection/_apis/wit/workItems/297"
            }
         },
         {
            "rel": "System.LinkTypes.Hierarchy-Forward",
            "source": {
               "id": 297,
               "url": "https://fabrikam-fiber-inc.visualstudio.com/DefaultCollection/_apis/wit/workItems/297"
            },
            "target": {
               "id": 299,
               "url": "https://fabrikam-fiber-inc.visualstudio.com/DefaultCollection/_apis/wit/workItems/299"
            }
         },
         {
            "rel": "System.LinkTypes.Hierarchy-Forward",
            "source": {
               "id": 297,
               "url": "https://fabrikam-fiber-inc.visualstudio.com/DefaultCollection/_apis/wit/workItems/297"
            },
            "target": {
               "id": 300,
               "url": "https://fabrikam-fiber-inc.visualstudio.com/DefaultCollection/_apis/wit/workItems/300"
            }
         },
         {
            "target": {
               "id": 298,
               "url": "https://fabrikam-fiber-inc.visualstudio.com/DefaultCollection/_apis/wit/workItems/298"
            }
         }
      ]
   }
}