{
   "method": "POST",
   "resourceFormat": "/wit/wiql",
   "requestUrl": "https://fabrikam-fiber-inc.visualstudio.com/DefaultCollection/Fabrikam-Fiber-Git/_apis/wit/wiql?api-version=1.0",
   "requestHeaders": {
      "Accept": "application/json",
      "Content-Type": "application/json",
      "Content-Length": 534
   },
   "requestBody": {
      "query": "Select [System.WorkItemType],[System.Title],[System.State],[Microsoft.VSTS.Scheduling.Effort],[System.IterationPath] FROM WorkItemLinks WHERE Source.[System.WorkItemType] IN GROUP 'Microsoft.RequirementCategory' AND Target.[System.WorkItemType] IN GROUP 'Microsoft.RequirementCategory' AND Target.[System.State] IN ('New','Approved','Committed') AND [System.Links.LinkType] = 'System.LinkTypes.Hierarchy-Forward' ORDER BY [Microsoft.VSTS.Common.BacklogPriority] ASC,[System.Id] ASC MODE (Recursive, ReturnMatchingChildren)"
   },
   "statusCode": 200,
   "responseHeaders": {
      "cache-control": "no-cache",
      "pragma": "no-cache",
      "content-type": "application/json; charset=utf-8; api-version=1.0",
      "expires": "-1",
      "server": "Microsoft-IIS/8.5",
      "x-tfs-processid": "371bac67-2c46-40f2-9e16-e15ee79a03d9",
      "strict-transport-security": "max-age=31536000; includeSubDomains",
      "x-frame-options": "SAMEORIGIN",
      "set-cookie": [
         "Tfs-SessionId=7066e0f8-1bcc-0004-e520-db70cc1bd001; path=/; secure",
         "Tfs-SessionActive=2014-12-29T20:49:34; path=/; secure"
      ],
      "x-vss-userdata": "d291b0c4-a05c-4ea6-8df1-4b41d5f39eff:fabrikamfiber4@hotmail.com",
      "activityid": "6b1e9b9e-1bcc-0000-e17f-af6bcc1bd001",
      "x-aspnet-version": "4.0.30319",
      "x-powered-by": "ASP.NET",
      "p3p": "CP=\"CAO DSP COR ADMa DEV CONo TELo CUR PSA PSD TAI IVDo OUR SAMi BUS DEM NAV STA UNI COM INT PHY ONL FIN PUR LOC CNT\"",
      "x-content-type-options": "nosniff",
      "date": "Mon, 29 Dec 2014 20:49:33 GMT",
      "content-length": "1909"
   },
   "responseBody": {
      "queryType": "tree",
      "asOf": "2014-12-29T20:49:34.193Z",
      "columns": [
         {
            "referenceName": "System.WorkItemType",
            "name": "Work Item Type",
            "url": "https://fabrikam-fiber-inc.visualstudio.com/DefaultCollection/_apis/wit/fields/System.WorkItemType"
         },
         {
            "referenceName": "System.Title",
            "name": "Title",
            "url": "https://fabrikam-fiber-inc.visualstudio.com/DefaultCollection/_apis/wit/fields/System.Title"
         },
         {
            "referenceName": "System.State",
            "name": "State",
            "url": "https://fabrikam-fiber-inc.visualstudio.com/DefaultCollection/_apis/wit/fields/System.State"
         },
         {
            "referenceName": "Microsoft.VSTS.Scheduling.Effort",
            "name": "Effort",
            "url": "https://fabrikam-fiber-inc.visualstudio.com/DefaultCollection/_apis/wit/fields/Microsoft.VSTS.Scheduling.Effort"
         },
         {
            "referenceName": "System.IterationPath",
            "name": "Iteration Path",
            "url": "https://fabrikam-fiber-inc.visualstudio.com/DefaultCollection/_apis/wit/fields/System.IterationPath"
         }
      ],
      "sortColumns": [
         {
            "field": {
               "referenceName": "Microsoft.VSTS.Common.BacklogPriority",
               "name": "Backlog Priority",
               "url": "https://fabrikam-fiber-inc.visualstudio.com/DefaultCollection/_apis/wit/fields/Microsoft.VSTS.Common.BacklogPriority"
            },
            "descending": false
         },
         {
            "field": {
               "referenceName": "System.Id",
               "name": "ID",
               "url": "https://fabrikam-fiber-inc.visualstudio.com/DefaultCollection/_apis/wit/fields/System.Id"
            },
            "descending": false
         }
      ],
      "workItemRelations": [
         {
            "target": {
               "id": 5,
               "url": "https://fabrikam-fiber-inc.visualstudio.com/DefaultCollection/_apis/wit/workItems/5"
            }
         },
         {
            "target": {
               "id": 47,
               "url": "https://fabrikam-fiber-inc.visualstudio.com/DefaultCollection/_apis/wit/workItems/47"
            }
         },
         {
            "target": {
               "id": 41,
               "url": "https://fabrikam-fiber-inc.visualstudio.com/DefaultCollection/_apis/wit/workItems/41"
            }
         },
         {
            "target": {
               "id": 45,
               "url": "https://fabrikam-fiber-inc.visualstudio.com/DefaultCollection/_apis/wit/workItems/45"
            }
         },
         {
            "target": {
               "id": 297,
               "url": "https://fabrikam-fiber-inc.visualstudio.com/DefaultCollection/_apis/wit/workItems/297"
            }
         }
      ]
   }
}