{
   "method": "GET",
   "resourceFormat": "/git/repositories/{repositoryId}/stats/branches/{name}?baseVersionType={baseVersionType}&baseVersion={baseVersion}",
   "requestUrl": "https://fabrikam-fiber-inc.visualstudio.com/DefaultCollection/_apis/git/repositories/278d5cd2-584d-4b63-824a-2ba458937249/stats/branches/develop?baseVersionType=Commit&baseVersion=67cae2b029dff7eb3dc062b49403aaedca5bad8d&api-version=1.0",
   "requestHeaders": {
      "Accept": "application/json"
   },
   "statusCode": 200,
   "responseHeaders": {
      "cache-control": "no-cache",
      "pragma": "no-cache",
      "content-type": "application/json; charset=utf-8; api-version=1.0",
      "expires": "-1",
      "server": "Microsoft-IIS/8.5",
      "x-tfs-processid": "c6d2b449-120f-4bb7-a3c3-809ad144d2f5",
      "strict-transport-security": "max-age=31536000; includeSubDomains",
      "x-frame-options": "SAMEORIGIN",
      "set-cookie": [
         "Tfs-SessionId=c79a736d-f22e-0000-a0e2-9bc72ef2cf01; path=/; secure",
         "Tfs-SessionActive=2014-10-28T02:15:27; path=/; secure"
      ],
      "x-vss-userdata": "d6245f20-2af8-44f4-9451-8107cb2767db:fabrikamfiber16@hotmail.com",
      "activityid": "e1db558c-f22e-0000-cabb-dce12ef2cf01",
      "x-aspnet-version": "4.0.30319",
      "x-powered-by": "ASP.NET",
      "p3p": "CP=\"CAO DSP COR ADMa DEV CONo TELo CUR PSA PSD TAI IVDo OUR SAMi BUS DEM NAV STA UNI COM INT PHY ONL FIN PUR LOC CNT\"",
      "x-content-type-options": "nosniff",
      "date": "Tue, 28 Oct 2014 02:15:27 GMT",
      "content-length": "652"
   },
   "responseBody": {
      "commit": {
         "parents": [
            "be67f8871a4d2c75f13a51c1d3c30ac0d74d4ef4"
         ],
         "treeId": "f9a2a90cbeac747fff9dadcf77ff5bcd12b65a44",
         "commitId": "67cae2b029dff7eb3dc062b49403aaedca5bad8d",
         "author": {
            "name": "Chuck Reinhart",
            "email": "fabrikamfiber3@hotmail.com",
            "date": "2014-01-29T23:52:56Z"
         },
         "committer": {
            "name": "Chuck Reinhart",
            "email": "fabrikamfiber3@hotmail.com",
            "date": "2014-01-29T23:52:56Z"
         },
         "comment": "home page\n",
         "url": "https://fabrikam-fiber-inc.visualstudio.com/DefaultCollection/_apis/git/repositories/278d5cd2-584d-4b63-824a-2ba458937249/commits/67cae2b029dff7eb3dc062b49403aaedca5bad8d"
      },
      "name": "develop",
      "aheadCount": 0,
      "behindCount": 0,
      "isBaseVersion": true
   }
}