{
   "method": "GET",
   "resourceFormat": "/git/repositories/{repositoryId}/stats/branches",
   "requestUrl": "https://fabrikam-fiber-inc.visualstudio.com/DefaultCollection/_apis/git/repositories/278d5cd2-584d-4b63-824a-2ba458937249/stats/branches?api-version=1.0",
   "requestHeaders": {
      "Accept": "application/json"
   },
   "statusCode": 200,
   "responseHeaders": {
      "cache-control": "no-cache",
      "pragma": "no-cache",
      "content-type": "application/json; charset=utf-8; api-version=1.0",
      "expires": "-1",
      "server": "Microsoft-IIS/8.5",
      "x-tfs-processid": "6af8bb09-a4c2-4549-987e-eaaf4a2ac411",
      "strict-transport-security": "max-age=31536000; includeSubDomains",
      "x-frame-options": "SAMEORIGIN",
      "set-cookie": [
         "Tfs-SessionId=c79a736d-f22e-0000-a0e2-9bc72ef2cf01; path=/; secure",
         "Tfs-SessionActive=2014-10-28T02:15:26; path=/; secure"
      ],
      "x-vss-userdata": "d6245f20-2af8-44f4-9451-8107cb2767db:fabrikamfiber16@hotmail.com",
      "activityid": "13d8cf0d-f22f-0000-bd2b-da132ff2cf01",
      "x-aspnet-version": "4.0.30319",
      "x-powered-by": "ASP.NET",
      "p3p": "CP=\"CAO DSP COR ADMa DEV CONo TELo CUR PSA PSD TAI IVDo OUR SAMi BUS DEM NAV STA UNI COM INT PHY ONL FIN PUR LOC CNT\"",
      "x-content-type-options": "nosniff",
      "date": "Tue, 28 Oct 2014 02:15:27 GMT",
      "content-length": "1925"
   },
   "responseBody": {
      "count": 3,
      "value": [
         {
            "commit": {
               "commitId": "67cae2b029dff7eb3dc062b49403aaedca5bad8d",
               "author": {
                  "name": "Chuck Reinhart",
                  "email": "fabrikamfiber3@hotmail.com",
                  "date": "2014-01-29T23:52:56Z"
               },
               "committer": {
                  "name": "Chuck Reinhart",
                  "email": "fabrikamfiber3@hotmail.com",
                  "date": "2014-01-29T23:52:56Z"
               },
               "comment": "home page",
               "url": "https://fabrikam-fiber-inc.visualstudio.com/DefaultCollection/_apis/git/repositories/278d5cd2-584d-4b63-824a-2ba458937249/commits/67cae2b029dff7eb3dc062b49403aaedca5bad8d"
            },
            "name": "develop",
            "aheadCount": 1,
            "behindCount": 17,
            "isBaseVersion": false
         },
         {
            "commit": {
               "parents": [
                  "fe17a84cc2dfe0ea3a2202ab4dbac0706058e41f"
               ],
               "treeId": "8263e7232a2331c563d737e4fc4e9c66a8286c63",
               "commitId": "23d0bc5b128a10056dc68afece360d8a0fabb014",
               "author": {
                  "name": "Norman Paulk",
                  "email": "Fabrikamfiber16@hotmail.com",
                  "date": "2014-06-30T18:10:55Z"
               },
               "committer": {
                  "name": "Norman Paulk",
                  "email": "Fabrikamfiber16@hotmail.com",
                  "date": "2014-06-30T18:10:55Z"
               },
               "comment": "Better description for hello world\n",
               "url": "https://fabrikam-fiber-inc.visualstudio.com/DefaultCollection/_apis/git/repositories/278d5cd2-584d-4b63-824a-2ba458937249/commits/23d0bc5b128a10056dc68afece360d8a0fabb014"
            },
            "name": "master",
            "aheadCount": 0,
            "behindCount": 0,
            "isBaseVersion": true
         },
         {
            "commit": {
               "parents": [
                  "fe17a84cc2dfe0ea3a2202ab4dbac0706058e41f"
               ],
               "treeId": "8263e7232a2331c563d737e4fc4e9c66a8286c63",
               "commitId": "23d0bc5b128a10056dc68afece360d8a0fabb014",
               "author": {
                  "name": "Norman Paulk",
                  "email": "Fabrikamfiber16@hotmail.com",
                  "date": "2014-06-30T18:10:55Z"
               },
               "committer": {
                  "name": "Norman Paulk",
                  "email": "Fabrikamfiber16@hotmail.com",
                  "date": "2014-06-30T18:10:55Z"
               },
               "comment": "Better description for hello world\n",
               "url": "https://fabrikam-fiber-inc.visualstudio.com/DefaultCollection/_apis/git/repositories/278d5cd2-584d-4b63-824a-2ba458937249/commits/23d0bc5b128a10056dc68afece360d8a0fabb014"
            },
            "name": "npaulk/feature",
            "aheadCount": 0,
            "behindCount": 0,
            "isBaseVersion": true
         }
      ]
   }
}