{
   "method": "GET",
   "resourceFormat": "/projects/{projectId}/teams?$top={top}&$skip={skip}",
   "requestUrl": "https://fabrikam-fiber-inc.visualstudio.com/DefaultCollection/_apis/projects/eb6e4656-77fc-42a1-9181-4c6d8e9da5d1/teams?$top=1&$skip=1&api-version=1.0",
   "requestHeaders": {
      "Accept": "application/json"
   },
   "statusCode": 200,
   "responseHeaders": {
      "cache-control": "no-cache",
      "pragma": "no-cache",
      "transfer-encoding": "chunked",
      "content-type": "application/json; api-version=1.0",
      "expires": "-1",
      "server": "Microsoft-IIS/8.5",
      "x-tfs-processid": "22d188a0-e9b2-4fe1-9277-ba87ed33c387",
      "strict-transport-security": "max-age=31536000; includeSubDomains",
      "x-frame-options": "SAMEORIGIN",
      "set-cookie": [
         "Tfs-SessionId=33bbf347-ef1d-0005-1bc7-c4331defcf01; path=/; secure",
         "Tfs-SessionActive=2014-10-27T15:58:41; path=/; secure"
      ],
      "x-vss-userdata": "d6245f20-2af8-44f4-9451-8107cb2767db:fabrikamfiber16@hotmail.com",
      "activityid": "33bbf347-ef1d-0006-5646-be331defcf01",
      "x-aspnet-version": "4.0.30319",
      "x-powered-by": "ASP.NET",
      "p3p": "CP=\"CAO DSP COR ADMa DEV CONo TELo CUR PSA PSD TAI IVDo OUR SAMi BUS DEM NAV STA UNI COM INT PHY ONL FIN PUR LOC CNT\"",
      "x-content-type-options": "nosniff",
      "date": "Mon, 27 Oct 2014 15:58:41 GMT"
   },
   "responseBody": {
      "value": [
         {
            "id": "66df9be7-3586-467b-9c5f-425b29afedfd",
            "name": "Fabrikam-Fiber-TFVC Team",
            "url": "https://fabrikam-fiber-inc.visualstudio.com/DefaultCollection/_apis/projects/eb6e4656-77fc-42a1-9181-4c6d8e9da5d1/teams/66df9be7-3586-467b-9c5f-425b29afedfd",
            "description": "The default project team.",
            "identityUrl": "https://fabrikam-fiber-inc.vssps.visualstudio.com/_apis/Identities/66df9be7-3586-467b-9c5f-425b29afedfd"
         }
      ],
      "count": 1
   }
}