{
   "method": "GET",
   "resourceFormat": "/projects/{projectId}/teams/{teamId}/members/",
   "requestUrl": "https://fabrikam-fiber-inc.visualstudio.com/DefaultCollection/_apis/projects/eb6e4656-77fc-42a1-9181-4c6d8e9da5d1/teams/564e8204-a90b-4432-883b-d4363c6125ca/members/?api-version=1.0",
   "requestHeaders": {
      "Accept": "application/json"
   },
   "statusCode": 200,
   "responseHeaders": {
      "cache-control": "no-cache",
      "pragma": "no-cache",
      "transfer-encoding": "chunked",
      "content-type": "application/json; api-version=1.0",
      "expires": "-1",
      "server": "Microsoft-IIS/8.5",
      "x-tfs-processid": "f1fe12f3-e5ed-48f3-80b2-11fd27ac156d",
      "strict-transport-security": "max-age=31536000; includeSubDomains",
      "x-frame-options": "SAMEORIGIN",
      "set-cookie": [
         "Tfs-SessionId=33bbf347-ef1d-0005-1bc7-c4331defcf01; path=/; secure",
         "Tfs-SessionActive=2014-10-27T15:58:42; path=/; secure"
      ],
      "x-vss-userdata": "d6245f20-2af8-44f4-9451-8107cb2767db:fabrikamfiber16@hotmail.com",
      "activityid": "3029a255-ef1d-0001-e2ce-49301defcf01",
      "x-aspnet-version": "4.0.30319",
      "x-powered-by": "ASP.NET",
      "p3p": "CP=\"CAO DSP COR ADMa DEV CONo TELo CUR PSA PSD TAI IVDo OUR SAMi BUS DEM NAV STA UNI COM INT PHY ONL FIN PUR LOC CNT\"",
      "x-content-type-options": "nosniff",
      "date": "Mon, 27 Oct 2014 15:58:42 GMT"
   },
   "responseBody": {
      "value": [
         {
            "id": "3b5f0c34-4aec-4bf4-8708-1d36f0dbc468",
            "displayName": "Christie Church",
            "uniqueName": "fabrikamfiber1@hotmail.com",
            "url": "https://fabrikam-fiber-inc.vssps.visualstudio.com/_apis/Identities/3b5f0c34-4aec-4bf4-8708-1d36f0dbc468",
            "imageUrl": "https://fabrikam-fiber-inc.visualstudio.com/DefaultCollection/_api/_common/identityImage?id=3b5f0c34-4aec-4bf4-8708-1d36f0dbc468"
         },
         {
            "id": "8c8c7d32-6b1b-47f4-b2e9-30b477b5ab3d",
            "displayName": "Chuck Reinhart",
            "uniqueName": "fabrikamfiber3@hotmail.com",
            "url": "https://fabrikam-fiber-inc.vssps.visualstudio.com/_apis/Identities/8c8c7d32-6b1b-47f4-b2e9-30b477b5ab3d",
            "imageUrl": "https://fabrikam-fiber-inc.visualstudio.com/DefaultCollection/_api/_common/identityImage?id=8c8c7d32-6b1b-47f4-b2e9-30b477b5ab3d"
         },
         {
            "id": "19d9411e-9a34-45bb-b985-d24d9d87c0c9",
            "displayName": "Johnnie McLeod",
            "uniqueName": "fabrikamfiber2@hotmail.com",
            "url": "https://fabrikam-fiber-inc.vssps.visualstudio.com/_apis/Identities/19d9411e-9a34-45bb-b985-d24d9d87c0c9",
            "imageUrl": "https://fabrikam-fiber-inc.visualstudio.com/DefaultCollection/_api/_common/identityImage?id=19d9411e-9a34-45bb-b985-d24d9d87c0c9"
         }
      ],
      "count": 3
   }
}