{
   "method": "GET",
   "resourceFormat": "/projects/{projectId}/teams/{teamId}",
   "requestUrl": "https://fabrikam-fiber-inc.visualstudio.com/DefaultCollection/_apis/projects/eb6e4656-77fc-42a1-9181-4c6d8e9da5d1/teams/564e8204-a90b-4432-883b-d4363c6125ca?api-version=1.0",
   "requestHeaders": {
      "Accept": "application/json"
   },
   "statusCode": 200,
   "responseHeaders": {
      "cache-control": "no-cache",
      "pragma": "no-cache",
      "content-type": "application/json; charset=utf-8; api-version=1.0",
      "expires": "-1",
      "server": "Microsoft-IIS/8.5",
      "x-tfs-processid": "27385494-2b60-4699-b8c6-86e18f120c7a",
      "strict-transport-security": "max-age=31536000; includeSubDomains",
      "x-frame-options": "SAMEORIGIN",
      "set-cookie": [
         "Tfs-SessionId=33bbf347-ef1d-0005-1bc7-c4331defcf01; path=/; secure",
         "Tfs-SessionActive=2014-10-27T15:58:42; path=/; secure"
      ],
      "x-vss-userdata": "d6245f20-2af8-44f4-9451-8107cb2767db:fabrikamfiber16@hotmail.com",
      "activityid": "37e5a78e-ef1d-0000-a556-fe371defcf01",
      "x-aspnet-version": "4.0.30319",
      "x-powered-by": "ASP.NET",
      "p3p": "CP=\"CAO DSP COR ADMa DEV CONo TELo CUR PSA PSD TAI IVDo OUR SAMi BUS DEM NAV STA UNI COM INT PHY ONL FIN PUR LOC CNT\"",
      "x-content-type-options": "nosniff",
      "date": "Mon, 27 Oct 2014 15:58:42 GMT",
      "content-length": "387"
   },
   "responseBody": {
      "id": "564e8204-a90b-4432-883b-d4363c6125ca",
      "name": "Quality assurance",
      "url": "https://fabrikam-fiber-inc.visualstudio.com/DefaultCollection/_apis/projects/eb6e4656-77fc-42a1-9181-4c6d8e9da5d1/teams/564e8204-a90b-4432-883b-d4363c6125ca",
      "description": "Testing staff",
      "identityUrl": "https://fabrikam-fiber-inc.vssps.visualstudio.com/_apis/Identities/564e8204-a90b-4432-883b-d4363c6125ca"
   }
}