{
   "method": "GET",
   "resourceFormat": "/git/repositories/{repositoryId}/blobs/{objectId}",
   "requestUrl": "https://fabrikam-fiber-inc.visualstudio.com/DefaultCollection/_apis/git/repositories/278d5cd2-584d-4b63-824a-2ba458937249/blobs/61a86fdaa79e5c6f5fb6e4026508489feb6ed92c?api-version=1.0",
   "requestHeaders": {
      "Accept": "application/json"
   },
   "statusCode": 200,
   "responseHeaders": {
      "cache-control": "no-cache",
      "pragma": "no-cache",
      "content-type": "application/json; charset=utf-8; api-version=1.0",
      "expires": "-1",
      "server": "Microsoft-IIS/8.5",
      "x-tfs-processid": "3a53f505-18a5-41ea-9683-f7901dbd7a17",
      "strict-transport-security": "max-age=31536000; includeSubDomains",
      "x-frame-options": "SAMEORIGIN",
      "set-cookie": [
         "Tfs-SessionId=5cd7beb3-f22e-0001-0203-d95c2ef2cf01; path=/; secure",
         "Tfs-SessionActive=2014-10-28T00:31:18; path=/; secure"
      ],
      "x-vss-userdata": "d6245f20-2af8-44f4-9451-8107cb2767db:fabrikamfiber16@hotmail.com",
      "activityid": "c79a736d-f22e-0001-b2d3-9bc72ef2cf01",
      "x-aspnet-version": "4.0.30319",
      "x-powered-by": "ASP.NET",
      "p3p": "CP=\"CAO DSP COR ADMa DEV CONo TELo CUR PSA PSD TAI IVDo OUR SAMi BUS DEM NAV STA UNI COM INT PHY ONL FIN PUR LOC CNT\"",
      "x-content-type-options": "nosniff",
      "date": "Tue, 28 Oct 2014 00:31:18 GMT",
      "content-length": "588"
   },
   "responseBody": {
      "objectId": "61a86fdaa79e5c6f5fb6e4026508489feb6ed92c",
      "size": 1486,
      "url": "https://fabrikam-fiber-inc.visualstudio.com/DefaultCollection/_apis/git/repositories/278d5cd2-584d-4b63-824a-2ba458937249/blobs/61a86fdaa79e5c6f5fb6e4026508489feb6ed92c",
      "_links": {
         "self": {
            "href": "https://fabrikam-fiber-inc.visualstudio.com/DefaultCollection/_apis/git/repositories/278d5cd2-584d-4b63-824a-2ba458937249/blobs/61a86fdaa79e5c6f5fb6e4026508489feb6ed92c"
         },
         "repository": {
            "href": "https://fabrikam-fiber-inc.visualstudio.com/DefaultCollection/_apis/git/repositories/278d5cd2-584d-4b63-824a-2ba458937249"
         }
      }
   }
}