{
   "method": "GET",
   "resourceFormat": "/hooks/publishers/{publisherId}/eventTypes/{eventTypeId}",
   "requestUrl": "https://fabrikam-fiber-inc.visualstudio.com/DefaultCollection/_apis/hooks/publishers/tfs/eventTypes/build.complete?api-version=1.0",
   "requestHeaders": {
      "Accept": "application/json"
   },
   "statusCode": 200,
   "responseHeaders": {
      "cache-control": "no-cache",
      "pragma": "no-cache",
      "content-type": "application/json; charset=utf-8; api-version=1.0",
      "expires": "-1",
      "server": "Microsoft-IIS/8.5",
      "x-tfs-processid": "22d188a0-e9b2-4fe1-9277-ba87ed33c387",
      "strict-transport-security": "max-age=31536000; includeSubDomains",
      "x-frame-options": "SAMEORIGIN",
      "set-cookie": [
         "Tfs-SessionId=37e5a78e-ef1d-0002-80a3-e8371defcf01; path=/; secure",
         "Tfs-SessionActive=2014-10-27T15:37:22; path=/; secure"
      ],
      "x-vss-userdata": "d6245f20-2af8-44f4-9451-8107cb2767db:fabrikamfiber16@hotmail.com",
      "activityid": "33bbf347-ef1d-0000-71bc-d4331defcf01",
      "x-aspnet-version": "4.0.30319",
      "x-powered-by": "ASP.NET",
      "p3p": "CP=\"CAO DSP COR ADMa DEV CONo TELo CUR PSA PSD TAI IVDo OUR SAMi BUS DEM NAV STA UNI COM INT PHY ONL FIN PUR LOC CNT\"",
      "x-content-type-options": "nosniff",
      "date": "Mon, 27 Oct 2014 15:37:22 GMT",
      "content-length": "1234"
   },
   "responseBody": {
      "publisherId": "tfs",
      "id": "build.complete",
      "url": "https://fabrikam-fiber-inc.visualstudio.com/DefaultCollection/_apis/hooks/publishers/tfs/eventTypes/build.complete",
      "name": "Build completed",
      "description": "A build completes",
      "supportedResourceVersions": [
         "1.0-preview.1"
      ],
      "inputDescriptors": [
         {
            "id": "definitionName",
            "name": "Build Definition",
            "description": "Filter events to include only completed builds for the specified definition",
            "inputMode": "combo",
            "isConfidential": false,
            "useInDefaultDescription": false,
            "validation": {
               "dataType": "string"
            },
            "values": {
               "defaultValue": "",
               "possibleValues": [
                  {
                     "value": "",
                     "displayValue": "[Any]"
                  }
               ],
               "isLimitedToPossibleValues": true
            },
            "hasDynamicValueInformation": true
         },
         {
            "id": "buildStatus",
            "name": "Build Status",
            "description": "Filter events to include only completed builds for the specified completion status",
            "inputMode": "combo",
            "isConfidential": false,
            "useInDefaultDescription": false,
            "values": {
               "defaultValue": "",
               "possibleValues": [
                  {
                     "value": "",
                     "displayValue": "[Any]"
                  },
                  {
                     "value": "Succeeded",
                     "displayValue": "Succeeded"
                  },
                  {
                     "value": "PartiallySucceeded",
                     "displayValue": "Partially Succeeded"
                  },
                  {
                     "value": "Failed",
                     "displayValue": "Failed"
                  },
                  {
                     "value": "Stopped",
                     "displayValue": "Stopped"
                  }
               ],
               "isLimitedToPossibleValues": true
            }
         }
      ]
   }
}