{
   "method": "GET",
   "resourceFormat": "/hooks/publishers/{publisherId}/eventTypes",
   "requestUrl": "https://fabrikam-fiber-inc.visualstudio.com/DefaultCollection/_apis/hooks/publishers/tfs/eventTypes?api-version=1.0",
   "requestHeaders": {
      "Accept": "application/json"
   },
   "statusCode": 200,
   "responseHeaders": {
      "cache-control": "no-cache",
      "pragma": "no-cache",
      "content-type": "application/json; charset=utf-8; api-version=1.0",
      "expires": "-1",
      "server": "Microsoft-IIS/8.5",
      "x-tfs-processid": "22d188a0-e9b2-4fe1-9277-ba87ed33c387",
      "strict-transport-security": "max-age=31536000; includeSubDomains",
      "x-frame-options": "SAMEORIGIN",
      "set-cookie": [
         "Tfs-SessionId=37e5a78e-ef1d-0002-80a3-e8371defcf01; path=/; secure",
         "Tfs-SessionActive=2014-10-27T15:37:21; path=/; secure"
      ],
      "x-vss-userdata": "d6245f20-2af8-44f4-9451-8107cb2767db:fabrikamfiber16@hotmail.com",
      "activityid": "33bbf347-ef1d-0001-300c-db331defcf01",
      "x-aspnet-version": "4.0.30319",
      "x-powered-by": "ASP.NET",
      "p3p": "CP=\"CAO DSP COR ADMa DEV CONo TELo CUR PSA PSD TAI IVDo OUR SAMi BUS DEM NAV STA UNI COM INT PHY ONL FIN PUR LOC CNT\"",
      "x-content-type-options": "nosniff",
      "date": "Mon, 27 Oct 2014 15:37:21 GMT",
      "content-length": "11120"
   },
   "responseBody": {
      "count": 9,
      "value": [
         {
            "publisherId": "tfs",
            "id": "build.complete",
            "url": "https://fabrikam-fiber-inc.visualstudio.com/DefaultCollection/_apis/hooks/publishers/tfs/eventTypes/build.complete",
            "name": "Build completed",
            "description": "A build completes",
            "supportedResourceVersions": [
               "1.0-preview.1"
            ],
            "inputDescriptors": [
               {
                  "id": "definitionName",
                  "name": "Build Definition",
                  "description": "Filter events to include only completed builds for the specified definition",
                  "inputMode": "combo",
                  "isConfidential": false,
                  "useInDefaultDescription": false,
                  "validation": {
                     "dataType": "string"
                  },
                  "values": {
                     "defaultValue": "",
                     "possibleValues": [
                        {
                           "value": "",
                           "displayValue": "[Any]"
                        }
                     ],
                     "isLimitedToPossibleValues": true
                  },
                  "hasDynamicValueInformation": true
               },
               {
                  "id": "buildStatus",
                  "name": "Build Status",
                  "description": "Filter events to include only completed builds for the specified completion status",
                  "inputMode": "combo",
                  "isConfidential": false,
                  "useInDefaultDescription": false,
                  "values": {
                     "defaultValue": "",
                     "possibleValues": [
                        {
                           "value": "",
                           "displayValue": "[Any]"
                        },
                        {
                           "value": "Succeeded",
                           "displayValue": "Succeeded"
                        },
                        {
                           "value": "PartiallySucceeded",
                           "displayValue": "Partially Succeeded"
                        },
                        {
                           "value": "Failed",
                           "displayValue": "Failed"
                        },
                        {
                           "value": "Stopped",
                           "displayValue": "Stopped"
                        }
                     ],
                     "isLimitedToPossibleValues": true
                  }
               }
            ]
         },
         {
            "publisherId": "tfs",
            "id": "message.posted",
            "url": "https://fabrikam-fiber-inc.visualstudio.com/DefaultCollection/_apis/hooks/publishers/tfs/eventTypes/message.posted",
            "name": "Team room message posted",
            "description": "Triggers when a message is posted to a team room",
            "supportedResourceVersions": [
               "1.0-preview.1"
            ],
            "inputDescriptors": [
               {
                  "id": "roomId",
                  "name": "Team room",
                  "description": "Filter events to include only messages sent to the specified Team room",
                  "inputMode": "combo",
                  "isConfidential": false,
                  "useInDefaultDescription": false,
                  "validation": {
                     "dataType": "number",
                     "isRequired": true
                  },
                  "values": {
                     "defaultValue": "",
                     "possibleValues": []
                  },
                  "hasDynamicValueInformation": true
               },
               {
                  "id": "messagePattern",
                  "name": "Message contains string",
                  "description": "The string that must be found in the message",
                  "inputMode": "textBox",
                  "isConfidential": false,
                  "useInDefaultDescription": false,
                  "validation": {
                     "dataType": "string",
                     "pattern": "^[^&<>'\"]*$",
                     "patternMismatchErrorMessage": "Value cannot contain any of characters: &, <, >, ' (apostrophe), or \\\" (quote).",
                     "maxLength": 1024
                  },
                  "values": {
                     "defaultValue": "",
                     "possibleValues": []
                  }
               }
            ]
         },
         {
            "publisherId": "tfs",
            "id": "git.pullrequest.created",
            "url": "https://fabrikam-fiber-inc.visualstudio.com/DefaultCollection/_apis/hooks/publishers/tfs/eventTypes/git.pullrequest.created",
            "name": "Pull request created",
            "description": "Pull request is created in a git repository",
            "supportedResourceVersions": [
               "1.0-preview.1"
            ],
            "inputDescriptors": [
               {
                  "id": "repository",
                  "name": "Repository",
                  "description": "The repository that code was pushed to",
                  "inputMode": "combo",
                  "isConfidential": false,
                  "useInDefaultDescription": false,
                  "validation": {
                     "dataType": "guid"
                  },
                  "values": {
                     "possibleValues": [
                        {
                           "value": "",
                           "displayValue": "[Any]"
                        }
                     ],
                     "isLimitedToPossibleValues": true
                  },
                  "hasDynamicValueInformation": true
               },
               {
                  "id": "branch",
                  "name": "Target branch",
                  "description": "The target branch of the pull request",
                  "inputMode": "combo",
                  "isConfidential": false,
                  "useInDefaultDescription": false,
                  "values": {
                     "possibleValues": [
                        {
                           "value": "",
                           "displayValue": "[Any]"
                        }
                     ],
                     "isLimitedToPossibleValues": true
                  },
                  "dependencyInputIds": [
                     "repository"
                  ],
                  "hasDynamicValueInformation": true
               }
            ]
         },
         {
            "publisherId": "tfs",
            "id": "git.pullrequest.updated",
            "url": "https://fabrikam-fiber-inc.visualstudio.com/DefaultCollection/_apis/hooks/publishers/tfs/eventTypes/git.pullrequest.updated",
            "name": "Pull request updated",
            "description": "Pull request is updated – status, review list, reviewer vote changed or the source branch is updated with a push",
            "supportedResourceVersions": [
               "1.0-preview.1"
            ],
            "inputDescriptors": [
               {
                  "id": "repository",
                  "name": "Repository",
                  "description": "The repository that code was pushed to",
                  "inputMode": "combo",
                  "isConfidential": false,
                  "useInDefaultDescription": false,
                  "validation": {
                     "dataType": "guid"
                  },
                  "values": {
                     "possibleValues": [
                        {
                           "value": "",
                           "displayValue": "[Any]"
                        }
                     ],
                     "isLimitedToPossibleValues": true
                  },
                  "hasDynamicValueInformation": true
               },
               {
                  "id": "branch",
                  "name": "Target branch",
                  "description": "The target branch of the pull request",
                  "inputMode": "combo",
                  "isConfidential": false,
                  "useInDefaultDescription": false,
                  "values": {
                     "possibleValues": [
                        {
                           "value": "",
                           "displayValue": "[Any]"
                        }
                     ],
                     "isLimitedToPossibleValues": true
                  },
                  "dependencyInputIds": [
                     "repository"
                  ],
                  "hasDynamicValueInformation": true
               },
               {
                  "id": "notificationType",
                  "name": "Change",
                  "description": "The type of pull request change",
                  "inputMode": "combo",
                  "isConfidential": false,
                  "useInDefaultDescription": false,
                  "validation": {
                     "dataType": "string"
                  },
                  "values": {
                     "defaultValue": "",
                     "possibleValues": [
                        {
                           "value": "",
                           "displayValue": "[Any]"
                        },
                        {
                           "value": "PushNotification",
                           "displayValue": "Source branch updated"
                        },
                        {
                           "value": "ReviewersUpdateNotification",
                           "displayValue": "Reviewers changed"
                        },
                        {
                           "value": "StatusUpdateNotification",
                           "displayValue": "Status changed"
                        },
                        {
                           "value": "ReviewerVoteNotification",
                           "displayValue": "Votes score changed"
                        }
                     ],
                     "isLimitedToPossibleValues": true,
                     "isReadOnly": true
                  }
               }
            ]
         },
         {
            "publisherId": "tfs",
            "id": "git.push",
            "url": "https://fabrikam-fiber-inc.visualstudio.com/DefaultCollection/_apis/hooks/publishers/tfs/eventTypes/git.push",
            "name": "Code pushed",
            "description": "Code is pushed to a git repository",
            "supportedResourceVersions": [
               "1.0-preview.1"
            ],
            "inputDescriptors": [
               {
                  "id": "repository",
                  "name": "Repository",
                  "description": "The repository that code was pushed to",
                  "inputMode": "combo",
                  "isConfidential": false,
                  "useInDefaultDescription": false,
                  "validation": {
                     "dataType": "guid"
                  },
                  "values": {
                     "possibleValues": [
                        {
                           "value": "",
                           "displayValue": "[Any]"
                        }
                     ],
                     "isLimitedToPossibleValues": true
                  },
                  "hasDynamicValueInformation": true
               },
               {
                  "id": "branch",
                  "name": "Branch",
                  "description": "The branch that code was pushed into",
                  "inputMode": "combo",
                  "isConfidential": false,
                  "useInDefaultDescription": false,
                  "values": {
                     "possibleValues": [
                        {
                           "value": "",
                           "displayValue": "[Any]"
                        }
                     ],
                     "isLimitedToPossibleValues": true
                  },
                  "dependencyInputIds": [
                     "repository"
                  ],
                  "hasDynamicValueInformation": true
               }
            ]
         },
         {
            "publisherId": "tfs",
            "id": "tfvc.checkin",
            "url": "https://fabrikam-fiber-inc.visualstudio.com/DefaultCollection/_apis/hooks/publishers/tfs/eventTypes/tfvc.checkin",
            "name": "Code checked in",
            "description": "A changeset is checked into version control.",
            "supportedResourceVersions": [
               "1.0-preview.1"
            ],
            "inputDescriptors": [
               {
                  "id": "path",
                  "name": "Under path",
                  "description": "Filter to checkins that change one or more files under the specified path",
                  "inputMode": "textBox",
                  "isConfidential": false,
                  "useInDefaultDescription": false,
                  "validation": {
                     "dataType": "string",
                     "isRequired": true,
                     "pattern": "^\\$\\/[^&<>'\"]*$"
                  },
                  "values": {
                     "defaultValue": "$/"
                  }
               }
            ]
         },
         {
            "publisherId": "tfs",
            "id": "workitem.created",
            "url": "https://fabrikam-fiber-inc.visualstudio.com/DefaultCollection/_apis/hooks/publishers/tfs/eventTypes/workitem.created",
            "name": "Work item created",
            "description": "Filter events to include only newly created work items.",
            "supportedResourceVersions": [
               "1.0-preview.2",
               "1.0-preview.1"
            ],
            "inputDescriptors": [
               {
                  "id": "areaPath",
                  "name": "Area path",
                  "description": "Filter events to include only work items under the specified area path.",
                  "inputMode": "combo",
                  "isConfidential": false,
                  "useInDefaultDescription": false,
                  "validation": {
                     "dataType": "string"
                  },
                  "values": {
                     "defaultValue": "",
                     "possibleValues": [
                        {
                           "value": "",
                           "displayValue": "[Any]"
                        }
                     ],
                     "isLimitedToPossibleValues": true,
                     "isReadOnly": true
                  },
                  "hasDynamicValueInformation": true
               },
               {
                  "id": "workItemType",
                  "name": "Work item type",
                  "description": "Filter events to include only work items of the specified type.",
                  "inputMode": "combo",
                  "isConfidential": false,
                  "useInDefaultDescription": false,
                  "validation": {
                     "dataType": "string"
                  },
                  "values": {
                     "defaultValue": "",
                     "possibleValues": [
                        {
                           "value": "",
                           "displayValue": "[Any]"
                        }
                     ],
                     "isLimitedToPossibleValues": true,
                     "isReadOnly": true
                  },
                  "hasDynamicValueInformation": true
               }
            ]
         },
         {
            "publisherId": "tfs",
            "id": "workitem.commented",
            "url": "https://fabrikam-fiber-inc.visualstudio.com/DefaultCollection/_apis/hooks/publishers/tfs/eventTypes/workitem.commented",
            "name": "Work item commented on",
            "description": "Filter events to include only work items commented on.",
            "supportedResourceVersions": [
               "1.0-preview.2",
               "1.0-preview.1"
            ],
            "inputDescriptors": [
               {
                  "id": "areaPath",
                  "name": "Area path",
                  "description": "Filter events to include only work items under the specified area path.",
                  "inputMode": "combo",
                  "isConfidential": false,
                  "useInDefaultDescription": false,
                  "validation": {
                     "dataType": "string"
                  },
                  "values": {
                     "defaultValue": "",
                     "possibleValues": [
                        {
                           "value": "",
                           "displayValue": "[Any]"
                        }
                     ],
                     "isLimitedToPossibleValues": true,
                     "isReadOnly": true
                  },
                  "hasDynamicValueInformation": true
               },
               {
                  "id": "workItemType",
                  "name": "Work item type",
                  "description": "Filter events to include only work items of the specified type.",
                  "inputMode": "combo",
                  "isConfidential": false,
                  "useInDefaultDescription": false,
                  "validation": {
                     "dataType": "string"
                  },
                  "values": {
                     "defaultValue": "",
                     "possibleValues": [
                        {
                           "value": "",
                           "displayValue": "[Any]"
                        }
                     ],
                     "isLimitedToPossibleValues": true,
                     "isReadOnly": true
                  },
                  "hasDynamicValueInformation": true
               },
               {
                  "id": "commentPattern",
                  "name": "Contains string",
                  "description": "The string that must be found in the comment.",
                  "inputMode": "textBox",
                  "isConfidential": false,
                  "useInDefaultDescription": false,
                  "validation": {
                     "dataType": "string",
                     "pattern": "^\\s*[^\\s&<>'\"][^&<>'\"]*$",
                     "patternMismatchErrorMessage": "Value should contain at least one non whitespace character and cannot contain any of characters: &, <, >, ' (apostrophe), or \" (quote).",
                     "minLength": 1,
                     "maxLength": 1024
                  },
                  "values": {
                     "defaultValue": "",
                     "possibleValues": []
                  }
               }
            ]
         },
         {
            "publisherId": "tfs",
            "id": "workitem.updated",
            "url": "https://fabrikam-fiber-inc.visualstudio.com/DefaultCollection/_apis/hooks/publishers/tfs/eventTypes/workitem.updated",
            "name": "Work item updated",
            "description": "Filter events to include only changed work items.",
            "supportedResourceVersions": [
               "1.0-preview.2",
               "1.0-preview.1"
            ],
            "inputDescriptors": [
               {
                  "id": "areaPath",
                  "name": "Area path",
                  "description": "Filter events to include only work items under the specified area path.",
                  "inputMode": "combo",
                  "isConfidential": false,
                  "useInDefaultDescription": false,
                  "validation": {
                     "dataType": "string"
                  },
                  "values": {
                     "defaultValue": "",
                     "possibleValues": [
                        {
                           "value": "",
                           "displayValue": "[Any]"
                        }
                     ],
                     "isLimitedToPossibleValues": true,
                     "isReadOnly": true
                  },
                  "hasDynamicValueInformation": true
               },
               {
                  "id": "workItemType",
                  "name": "Work item type",
                  "description": "Filter events to include only work items of the specified type.",
                  "inputMode": "combo",
                  "isConfidential": false,
                  "useInDefaultDescription": false,
                  "validation": {
                     "dataType": "string"
                  },
                  "values": {
                     "defaultValue": "",
                     "possibleValues": [
                        {
                           "value": "",
                           "displayValue": "[Any]"
                        }
                     ],
                     "isLimitedToPossibleValues": true,
                     "isReadOnly": true
                  },
                  "hasDynamicValueInformation": true
               },
               {
                  "id": "changedFields",
                  "name": "Field",
                  "description": "Filter events to include only work items with the specified field(s) changed.",
                  "inputMode": "combo",
                  "isConfidential": false,
                  "useInDefaultDescription": false,
                  "validation": {
                     "dataType": "string"
                  },
                  "values": {
                     "defaultValue": "",
                     "possibleValues": [
                        {
                           "value": "",
                           "displayValue": "[Any]"
                        }
                     ],
                     "isLimitedToPossibleValues": true,
                     "isReadOnly": true
                  },
                  "dependencyInputIds": [
                     "workItemType"
                  ],
                  "hasDynamicValueInformation": true
               }
            ]
         }
      ]
   }
}