{
   "method": "GET",
   "resourceFormat": "/hooks/consumers/{consumerId}/actions",
   "requestUrl": "https://fabrikam-fiber-inc.visualstudio.com/DefaultCollection/_apis/hooks/consumers/zendesk/actions?api-version=1.0",
   "requestHeaders": {
      "Accept": "application/json"
   },
   "statusCode": 200,
   "responseHeaders": {
      "cache-control": "no-cache",
      "pragma": "no-cache",
      "content-type": "application/json; charset=utf-8; api-version=1.0",
      "expires": "-1",
      "server": "Microsoft-IIS/8.5",
      "x-tfs-processid": "885a135e-c201-415b-930d-541ca36ed4d1",
      "strict-transport-security": "max-age=31536000; includeSubDomains",
      "x-frame-options": "SAMEORIGIN",
      "set-cookie": [
         "Tfs-SessionId=37e5a78e-ef1d-0002-80a3-e8371defcf01; path=/; secure",
         "Tfs-SessionActive=2014-10-27T15:37:19; path=/; secure"
      ],
      "x-vss-userdata": "d6245f20-2af8-44f4-9451-8107cb2767db:fabrikamfiber16@hotmail.com",
      "activityid": "1e364647-ef1d-0005-f61e-3e1e1defcf01",
      "x-aspnet-version": "4.0.30319",
      "x-powered-by": "ASP.NET",
      "p3p": "CP=\"CAO DSP COR ADMa DEV CONo TELo CUR PSA PSD TAI IVDo OUR SAMi BUS DEM NAV STA UNI COM INT PHY ONL FIN PUR LOC CNT\"",
      "x-content-type-options": "nosniff",
      "date": "Mon, 27 Oct 2014 15:37:19 GMT",
      "content-length": "511"
   },
   "responseBody": {
      "count": 1,
      "value": [
         {
            "id": "createPrivateComment",
            "consumerId": "zendesk",
            "url": "https://fabrikam-fiber-inc.visualstudio.com/DefaultCollection/_apis/hooks/consumers/zendesk/actions/createPrivateComment",
            "name": "Create a private comment in a ticket",
            "description": "Create a private comment in a ticket. <a href='http://go.microsoft.com/fwlink/?LinkId=396756'>Learn more.</a>",
            "supportedEventTypes": [
               "workitem.commented"
            ],
            "supportedResourceVersions": {
               "workitem.commented": [
                  "1.0-preview.1"
               ]
            },
            "inputDescriptors": []
         }
      ]
   }
}