{
   "method": "GET",
   "resourceFormat": "/hooks/consumers/{consumerId}",
   "requestUrl": "https://fabrikam-fiber-inc.visualstudio.com/DefaultCollection/_apis/hooks/consumers/zendesk?api-version=1.0",
   "requestHeaders": {
      "Accept": "application/json"
   },
   "statusCode": 200,
   "responseHeaders": {
      "cache-control": "no-cache",
      "pragma": "no-cache",
      "content-type": "application/json; charset=utf-8; api-version=1.0",
      "expires": "-1",
      "server": "Microsoft-IIS/8.5",
      "x-tfs-processid": "f1fe12f3-e5ed-48f3-80b2-11fd27ac156d",
      "strict-transport-security": "max-age=31536000; includeSubDomains",
      "x-frame-options": "SAMEORIGIN",
      "set-cookie": [
         "Tfs-SessionId=37e5a78e-ef1d-0002-80a3-e8371defcf01; path=/; secure",
         "Tfs-SessionActive=2014-10-27T15:37:18; path=/; secure"
      ],
      "x-vss-userdata": "d6245f20-2af8-44f4-9451-8107cb2767db:fabrikamfiber16@hotmail.com",
      "activityid": "3029a255-ef1d-0003-519d-2a301defcf01",
      "x-aspnet-version": "4.0.30319",
      "x-powered-by": "ASP.NET",
      "p3p": "CP=\"CAO DSP COR ADMa DEV CONo TELo CUR PSA PSD TAI IVDo OUR SAMi BUS DEM NAV STA UNI COM INT PHY ONL FIN PUR LOC CNT\"",
      "x-content-type-options": "nosniff",
      "date": "Mon, 27 Oct 2014 15:37:17 GMT",
      "content-length": "1789"
   },
   "responseBody": {
      "id": "zendesk",
      "url": "https://fabrikam-fiber-inc.visualstudio.com/DefaultCollection/_apis/hooks/consumers/zendesk",
      "name": "Zendesk",
      "description": "Zendesk is a SaaS suite that offers help desk ticketing, issue tracking, and customer service support.",
      "imageUrl": "",
      "informationUrl": "http://go.microsoft.com/fwlink/?LinkID=396756",
      "authenticationType": "external",
      "inputDescriptors": [
         {
            "id": "accountName",
            "name": "Account name",
            "description": "Zendesk account name like https://<account name>.zendesk.com",
            "inputMode": "textBox",
            "isConfidential": false,
            "useInDefaultDescription": true,
            "validation": {
               "dataType": "string",
               "isRequired": true,
               "pattern": "^([A-Za-z0-9][A-Za-z0-9\\-]{0,61}[A-Za-z0-9]|[A-Za-z0-9]{1,63})$",
               "maxLength": 63
            }
         },
         {
            "id": "username",
            "name": "User name",
            "description": "The Zendesk user name of a user who will update tickets",
            "inputMode": "textBox",
            "isConfidential": false,
            "useInDefaultDescription": false,
            "validation": {
               "dataType": "string",
               "isRequired": true,
               "pattern": "^.+\\@.+\\..+$",
               "maxLength": 254
            }
         },
         {
            "id": "apiToken",
            "name": "API token",
            "description": "The Zendesk API token (can be found in Zendesk app in Admin > Channels > API)",
            "inputMode": "passwordBox",
            "isConfidential": true,
            "useInDefaultDescription": false,
            "validation": {
               "dataType": "string",
               "isRequired": true,
               "maxLength": 100
            }
         }
      ],
      "actions": [
         {
            "id": "createPrivateComment",
            "consumerId": "zendesk",
            "url": "https://fabrikam-fiber-inc.visualstudio.com/DefaultCollection/_apis/hooks/consumers/zendesk/actions/createPrivateComment",
            "name": "Create a private comment in a ticket",
            "description": "Create a private comment in a ticket. <a href='http://go.microsoft.com/fwlink/?LinkId=396756'>Learn more.</a>",
            "supportedEventTypes": [
               "workitem.commented"
            ],
            "supportedResourceVersions": {
               "workitem.commented": [
                  "1.0-preview.1"
               ]
            },
            "inputDescriptors": []
         }
      ]
   }
}