{
   "method": "GET",
   "resourceFormat": "/git/repositories/{repositoryId}/items?scopePath={folderPath}",
   "requestUrl": "https://fabrikam-fiber-inc.visualstudio.com/DefaultCollection/_apis/git/repositories/278d5cd2-584d-4b63-824a-2ba458937249/items?scopePath=/MyWebSite/MyWebSite/Views&api-version=1.0",
   "requestHeaders": {
      "Accept": "application/json"
   },
   "statusCode": 200,
   "responseHeaders": {
      "cache-control": "no-cache",
      "pragma": "no-cache",
      "content-type": "application/json; charset=utf-8; api-version=1.0",
      "expires": "-1",
      "server": "Microsoft-IIS/8.5",
      "x-tfs-processid": "6af8bb09-a4c2-4549-987e-eaaf4a2ac411",
      "strict-transport-security": "max-age=31536000; includeSubDomains",
      "x-frame-options": "SAMEORIGIN",
      "set-cookie": [
         "Tfs-SessionId=c79a736d-f22e-0004-0a7e-9bc72ef2cf01; path=/; secure",
         "Tfs-SessionActive=2014-10-28T01:47:45; path=/; secure"
      ],
      "x-vss-userdata": "d6245f20-2af8-44f4-9451-8107cb2767db:fabrikamfiber16@hotmail.com",
      "activityid": "13d8cf0d-f22f-0005-f68c-d9132ff2cf01",
      "x-aspnet-version": "4.0.30319",
      "x-powered-by": "ASP.NET",
      "p3p": "CP=\"CAO DSP COR ADMa DEV CONo TELo CUR PSA PSD TAI IVDo OUR SAMi BUS DEM NAV STA UNI COM INT PHY ONL FIN PUR LOC CNT\"",
      "x-content-type-options": "nosniff",
      "date": "Tue, 28 Oct 2014 01:47:45 GMT",
      "content-length": "407"
   },
   "responseBody": {
      "count": 1,
      "value": [
         {
            "objectId": "d1d5c2d49045d52bba6419652d6ecb2cd560dc29",
            "gitObjectType": "tree",
            "commitId": "23d0bc5b128a10056dc68afece360d8a0fabb014",
            "path": "/MyWebSite/MyWebSite/Views",
            "isFolder": true,
            "url": "https://fabrikam-fiber-inc.visualstudio.com/DefaultCollection/_apis/git/repositories/278d5cd2-584d-4b63-824a-2ba458937249/items/MyWebSite/MyWebSite/Views?versionType=Branch&versionOptions=None"
         }
      ]
   }
}