{
   "method": "GET",
   "resourceFormat": "/git/repositories/{repositoryId}/items?scopePath={filePath}&download=true",
   "requestUrl": "https://fabrikam-fiber-inc.visualstudio.com/DefaultCollection/_apis/git/repositories/278d5cd2-584d-4b63-824a-2ba458937249/items?scopePath=/MyWebSite/MyWebSite/Views/Home/_Home.cshtml&download=true&api-version=1.0",
   "requestHeaders": {
      "Accept": "application/json"
   },
   "statusCode": 200,
   "responseHeaders": {
      "cache-control": "no-cache",
      "pragma": "no-cache",
      "content-type": "application/json; charset=utf-8; api-version=1.0",
      "expires": "-1",
      "server": "Microsoft-IIS/8.5",
      "x-tfs-processid": "0ea0cf16-53eb-4d11-af74-9f8181edb370",
      "strict-transport-security": "max-age=31536000; includeSubDomains",
      "x-frame-options": "SAMEORIGIN",
      "set-cookie": [
         "Tfs-SessionId=c79a736d-f22e-0004-0a7e-9bc72ef2cf01; path=/; secure",
         "Tfs-SessionActive=2014-10-28T01:47:47; path=/; secure"
      ],
      "x-vss-userdata": "d6245f20-2af8-44f4-9451-8107cb2767db:fabrikamfiber16@hotmail.com",
      "activityid": "5cd7beb3-f22e-0004-a4d0-d85c2ef2cf01",
      "x-aspnet-version": "4.0.30319",
      "x-powered-by": "ASP.NET",
      "p3p": "CP=\"CAO DSP COR ADMa DEV CONo TELo CUR PSA PSD TAI IVDo OUR SAMi BUS DEM NAV STA UNI COM INT PHY ONL FIN PUR LOC CNT\"",
      "x-content-type-options": "nosniff",
      "date": "Tue, 28 Oct 2014 01:47:47 GMT",
      "content-length": "427"
   },
   "responseBody": {
      "count": 1,
      "value": [
         {
            "objectId": "61a86fdaa79e5c6f5fb6e4026508489feb6ed92c",
            "gitObjectType": "blob",
            "commitId": "23d0bc5b128a10056dc68afece360d8a0fabb014",
            "path": "/MyWebSite/MyWebSite/Views/Home/_Home.cshtml",
            "url": "https://fabrikam-fiber-inc.visualstudio.com/DefaultCollection/_apis/git/repositories/278d5cd2-584d-4b63-824a-2ba458937249/items/MyWebSite/MyWebSite/Views/Home/_Home.cshtml?versionType=Branch&versionOptions=None"
         }
      ]
   }
}