{
   "method": "GET",
   "resourceFormat": "/git/repositories/{repositoryId}/items?scopePath={folderPath}&recursionLevel=Full&includeContentMetadata=true",
   "requestUrl": "https://fabrikam-fiber-inc.visualstudio.com/DefaultCollection/_apis/git/repositories/278d5cd2-584d-4b63-824a-2ba458937249/items?scopePath=/MyWebSite/MyWebSite/Views&recursionLevel=Full&includeContentMetadata=true&api-version=1.0",
   "requestHeaders": {
      "Accept": "application/json"
   },
   "statusCode": 200,
   "responseHeaders": {
      "cache-control": "no-cache",
      "pragma": "no-cache",
      "content-type": "application/json; charset=utf-8; api-version=1.0",
      "expires": "-1",
      "server": "Microsoft-IIS/8.5",
      "x-tfs-processid": "3a53f505-18a5-41ea-9683-f7901dbd7a17",
      "strict-transport-security": "max-age=31536000; includeSubDomains",
      "x-frame-options": "SAMEORIGIN",
      "set-cookie": [
         "Tfs-SessionId=c79a736d-f22e-0004-0a7e-9bc72ef2cf01; path=/; secure",
         "Tfs-SessionActive=2014-10-28T01:47:48; path=/; secure"
      ],
      "x-vss-userdata": "d6245f20-2af8-44f4-9451-8107cb2767db:fabrikamfiber16@hotmail.com",
      "activityid": "c79a736d-f22e-0007-df90-9ac72ef2cf01",
      "x-aspnet-version": "4.0.30319",
      "x-powered-by": "ASP.NET",
      "p3p": "CP=\"CAO DSP COR ADMa DEV CONo TELo CUR PSA PSD TAI IVDo OUR SAMi BUS DEM NAV STA UNI COM INT PHY ONL FIN PUR LOC CNT\"",
      "x-content-type-options": "nosniff",
      "date": "Tue, 28 Oct 2014 01:47:48 GMT",
      "content-length": "5339"
   },
   "responseBody": {
      "count": 13,
      "value": [
         {
            "objectId": "d1d5c2d49045d52bba6419652d6ecb2cd560dc29",
            "gitObjectType": "tree",
            "commitId": "23d0bc5b128a10056dc68afece360d8a0fabb014",
            "path": "/MyWebSite/MyWebSite/Views",
            "isFolder": true,
            "contentMetadata": {
               "fileName": "Views"
            },
            "url": "https://fabrikam-fiber-inc.visualstudio.com/DefaultCollection/_apis/git/repositories/278d5cd2-584d-4b63-824a-2ba458937249/items/MyWebSite/MyWebSite/Views?versionType=Branch&versionOptions=None"
         },
         {
            "objectId": "ea6765e1976b9e8a6d4981fd8febebd574a91571",
            "gitObjectType": "tree",
            "commitId": "23d0bc5b128a10056dc68afece360d8a0fabb014",
            "path": "/MyWebSite/MyWebSite/Views/Home",
            "isFolder": true,
            "url": "https://fabrikam-fiber-inc.visualstudio.com/DefaultCollection/_apis/git/repositories/278d5cd2-584d-4b63-824a-2ba458937249/items/MyWebSite/MyWebSite/Views/Home?versionType=Branch&versionOptions=None"
         },
         {
            "objectId": "9093f030aa7dd8c802cad228fae4c6bafae4b32f",
            "gitObjectType": "blob",
            "commitId": "23d0bc5b128a10056dc68afece360d8a0fabb014",
            "path": "/MyWebSite/MyWebSite/Views/Home/Index.cshtml",
            "url": "https://fabrikam-fiber-inc.visualstudio.com/DefaultCollection/_apis/git/repositories/278d5cd2-584d-4b63-824a-2ba458937249/items/MyWebSite/MyWebSite/Views/Home/Index.cshtml?versionType=Branch&versionOptions=None"
         },
         {
            "objectId": "61a86fdaa79e5c6f5fb6e4026508489feb6ed92c",
            "gitObjectType": "blob",
            "commitId": "23d0bc5b128a10056dc68afece360d8a0fabb014",
            "path": "/MyWebSite/MyWebSite/Views/Home/_Home.cshtml",
            "url": "https://fabrikam-fiber-inc.visualstudio.com/DefaultCollection/_apis/git/repositories/278d5cd2-584d-4b63-824a-2ba458937249/items/MyWebSite/MyWebSite/Views/Home/_Home.cshtml?versionType=Branch&versionOptions=None"
         },
         {
            "objectId": "445986f7957f0478686b6def4dcd04d2bad00594",
            "gitObjectType": "blob",
            "commitId": "23d0bc5b128a10056dc68afece360d8a0fabb014",
            "path": "/MyWebSite/MyWebSite/Views/Home/_Login.cshtml",
            "url": "https://fabrikam-fiber-inc.visualstudio.com/DefaultCollection/_apis/git/repositories/278d5cd2-584d-4b63-824a-2ba458937249/items/MyWebSite/MyWebSite/Views/Home/_Login.cshtml?versionType=Branch&versionOptions=None"
         },
         {
            "objectId": "d95a992b555367d1332be5407ba653261543c190",
            "gitObjectType": "blob",
            "commitId": "23d0bc5b128a10056dc68afece360d8a0fabb014",
            "path": "/MyWebSite/MyWebSite/Views/Home/_Manage.cshtml",
            "url": "https://fabrikam-fiber-inc.visualstudio.com/DefaultCollection/_apis/git/repositories/278d5cd2-584d-4b63-824a-2ba458937249/items/MyWebSite/MyWebSite/Views/Home/_Manage.cshtml?versionType=Branch&versionOptions=None"
         },
         {
            "objectId": "8052a02bee6f82ae02c4d408d1b5b98ab1bf56a6",
            "gitObjectType": "blob",
            "commitId": "23d0bc5b128a10056dc68afece360d8a0fabb014",
            "path": "/MyWebSite/MyWebSite/Views/Home/_Register.cshtml",
            "url": "https://fabrikam-fiber-inc.visualstudio.com/DefaultCollection/_apis/git/repositories/278d5cd2-584d-4b63-824a-2ba458937249/items/MyWebSite/MyWebSite/Views/Home/_Register.cshtml?versionType=Branch&versionOptions=None"
         },
         {
            "objectId": "d3ea8b1ffab4736168e4b1d225ebc5aa0ade8cfe",
            "gitObjectType": "blob",
            "commitId": "23d0bc5b128a10056dc68afece360d8a0fabb014",
            "path": "/MyWebSite/MyWebSite/Views/Home/_RegisterExternal.cshtml",
            "url": "https://fabrikam-fiber-inc.visualstudio.com/DefaultCollection/_apis/git/repositories/278d5cd2-584d-4b63-824a-2ba458937249/items/MyWebSite/MyWebSite/Views/Home/_RegisterExternal.cshtml?versionType=Branch&versionOptions=None"
         },
         {
            "objectId": "d1c521e3b401b314d4f9ff17f6cad4652c6a4d14",
            "gitObjectType": "tree",
            "commitId": "23d0bc5b128a10056dc68afece360d8a0fabb014",
            "path": "/MyWebSite/MyWebSite/Views/Shared",
            "isFolder": true,
            "url": "https://fabrikam-fiber-inc.visualstudio.com/DefaultCollection/_apis/git/repositories/278d5cd2-584d-4b63-824a-2ba458937249/items/MyWebSite/MyWebSite/Views/Shared?versionType=Branch&versionOptions=None"
         },
         {
            "objectId": "a89723ddddb14cd956fae1a6f118ba29f1667cf4",
            "gitObjectType": "blob",
            "commitId": "23d0bc5b128a10056dc68afece360d8a0fabb014",
            "path": "/MyWebSite/MyWebSite/Views/Shared/Error.cshtml",
            "url": "https://fabrikam-fiber-inc.visualstudio.com/DefaultCollection/_apis/git/repositories/278d5cd2-584d-4b63-824a-2ba458937249/items/MyWebSite/MyWebSite/Views/Shared/Error.cshtml?versionType=Branch&versionOptions=None"
         },
         {
            "objectId": "86b48073d8ce15039ce18219d8fda43ba7f0c467",
            "gitObjectType": "blob",
            "commitId": "23d0bc5b128a10056dc68afece360d8a0fabb014",
            "path": "/MyWebSite/MyWebSite/Views/Shared/_Layout.cshtml",
            "url": "https://fabrikam-fiber-inc.visualstudio.com/DefaultCollection/_apis/git/repositories/278d5cd2-584d-4b63-824a-2ba458937249/items/MyWebSite/MyWebSite/Views/Shared/_Layout.cshtml?versionType=Branch&versionOptions=None"
         },
         {
            "objectId": "f5dd7df5872eae8c39c9491f67d856dafd609683",
            "gitObjectType": "blob",
            "commitId": "23d0bc5b128a10056dc68afece360d8a0fabb014",
            "path": "/MyWebSite/MyWebSite/Views/Web.config",
            "url": "https://fabrikam-fiber-inc.visualstudio.com/DefaultCollection/_apis/git/repositories/278d5cd2-584d-4b63-824a-2ba458937249/items/MyWebSite/MyWebSite/Views/Web.config?versionType=Branch&versionOptions=None"
         },
         {
            "objectId": "2de62418c07c3ffa833543f484445dbfd0fe68d8",
            "gitObjectType": "blob",
            "commitId": "23d0bc5b128a10056dc68afece360d8a0fabb014",
            "path": "/MyWebSite/MyWebSite/Views/_ViewStart.cshtml",
            "url": "https://fabrikam-fiber-inc.visualstudio.com/DefaultCollection/_apis/git/repositories/278d5cd2-584d-4b63-824a-2ba458937249/items/MyWebSite/MyWebSite/Views/_ViewStart.cshtml?versionType=Branch&versionOptions=None"
         }
      ]
   }
}