{
   "method": "POST",
   "resourceFormat": "/git/repositories/{repositoryId}/itemsBatch",
   "requestUrl": "https://fabrikam-fiber-inc.visualstudio.com/DefaultCollection/_apis/git/repositories/278d5cd2-584d-4b63-824a-2ba458937249/itemsBatch?api-version=1.0",
   "requestHeaders": {
      "Accept": "application/json",
      "Content-Type": "application/json",
      "Content-Length": 908
   },
   "requestBody": {
      "itemDescriptors": [
         {
            "path": "/MyWebSite/MyWebSite/Views",
            "version": "23d0bc5b128a10056dc68afece360d8a0fabb014",
            "versionType": "commit",
            "versionOptions": "none",
            "recursionLevel": "OneLevel"
         },
         {
            "path": "/MyWebSite/MyWebSite/Views/Home",
            "version": "23d0bc5b128a10056dc68afece360d8a0fabb014",
            "versionType": "commit",
            "versionOptions": "none",
            "recursionLevel": "none"
         },
         {
            "path": "/MyWebSite/MyWebSite/Views/Shared",
            "version": "23d0bc5b128a10056dc68afece360d8a0fabb014",
            "versionType": "commit",
            "versionOptions": "none",
            "recursionLevel": "none"
         },
         {
            "path": "/MyWebSite/MyWebSite/Views/Web.config",
            "version": "23d0bc5b128a10056dc68afece360d8a0fabb014",
            "versionType": "commit",
            "versionOptions": "none",
            "recursionLevel": "none"
         },
         {
            "path": "/MyWebSite/MyWebSite/Views/_ViewStart.cshtml",
            "version": "23d0bc5b128a10056dc68afece360d8a0fabb014",
            "versionType": "commit",
            "versionOptions": "none",
            "recursionLevel": "none"
         }
      ],
      "includeContentMetadata": "true"
   },
   "statusCode": 200,
   "responseHeaders": {
      "cache-control": "no-cache",
      "pragma": "no-cache",
      "content-type": "application/json; charset=utf-8; api-version=1.0",
      "expires": "-1",
      "server": "Microsoft-IIS/8.5",
      "x-tfs-processid": "3a53f505-18a5-41ea-9683-f7901dbd7a17",
      "strict-transport-security": "max-age=31536000; includeSubDomains",
      "x-frame-options": "SAMEORIGIN",
      "set-cookie": [
         "Tfs-SessionId=c79a736d-f22e-0004-0a7e-9bc72ef2cf01; path=/; secure",
         "Tfs-SessionActive=2014-10-28T01:47:44; path=/; secure"
      ],
      "x-vss-userdata": "d6245f20-2af8-44f4-9451-8107cb2767db:fabrikamfiber16@hotmail.com",
      "activityid": "c79a736d-f22e-0000-e0c1-9bc72ef2cf01",
      "x-aspnet-version": "4.0.30319",
      "x-powered-by": "ASP.NET",
      "p3p": "CP=\"CAO DSP COR ADMa DEV CONo TELo CUR PSA PSD TAI IVDo OUR SAMi BUS DEM NAV STA UNI COM INT PHY ONL FIN PUR LOC CNT\"",
      "x-content-type-options": "nosniff",
      "date": "Tue, 28 Oct 2014 01:47:43 GMT",
      "content-length": "4407"
   },
   "responseBody": {
      "count": 5,
      "value": [
         [
            {
               "objectId": "d1d5c2d49045d52bba6419652d6ecb2cd560dc29",
               "gitObjectType": "tree",
               "commitId": "23d0bc5b128a10056dc68afece360d8a0fabb014",
               "path": "/MyWebSite/MyWebSite/Views",
               "isFolder": true,
               "contentMetadata": {
                  "fileName": "Views"
               },
               "url": "https://fabrikam-fiber-inc.visualstudio.com/DefaultCollection/_apis/git/repositories/278d5cd2-584d-4b63-824a-2ba458937249/items/MyWebSite/MyWebSite/Views?versionType=Commit&version=23d0bc5b128a10056dc68afece360d8a0fabb014&versionOptions=None"
            },
            {
               "objectId": "ea6765e1976b9e8a6d4981fd8febebd574a91571",
               "gitObjectType": "tree",
               "commitId": "23d0bc5b128a10056dc68afece360d8a0fabb014",
               "path": "/MyWebSite/MyWebSite/Views/Home",
               "isFolder": true,
               "url": "https://fabrikam-fiber-inc.visualstudio.com/DefaultCollection/_apis/git/repositories/278d5cd2-584d-4b63-824a-2ba458937249/items/MyWebSite/MyWebSite/Views/Home?versionType=Commit&version=23d0bc5b128a10056dc68afece360d8a0fabb014&versionOptions=None"
            },
            {
               "objectId": "d1c521e3b401b314d4f9ff17f6cad4652c6a4d14",
               "gitObjectType": "tree",
               "commitId": "23d0bc5b128a10056dc68afece360d8a0fabb014",
               "path": "/MyWebSite/MyWebSite/Views/Shared",
               "isFolder": true,
               "url": "https://fabrikam-fiber-inc.visualstudio.com/DefaultCollection/_apis/git/repositories/278d5cd2-584d-4b63-824a-2ba458937249/items/MyWebSite/MyWebSite/Views/Shared?versionType=Commit&version=23d0bc5b128a10056dc68afece360d8a0fabb014&versionOptions=None"
            },
            {
               "objectId": "f5dd7df5872eae8c39c9491f67d856dafd609683",
               "gitObjectType": "blob",
               "commitId": "23d0bc5b128a10056dc68afece360d8a0fabb014",
               "path": "/MyWebSite/MyWebSite/Views/Web.config",
               "url": "https://fabrikam-fiber-inc.visualstudio.com/DefaultCollection/_apis/git/repositories/278d5cd2-584d-4b63-824a-2ba458937249/items/MyWebSite/MyWebSite/Views/Web.config?versionType=Commit&version=23d0bc5b128a10056dc68afece360d8a0fabb014&versionOptions=None"
            },
            {
               "objectId": "2de62418c07c3ffa833543f484445dbfd0fe68d8",
               "gitObjectType": "blob",
               "commitId": "23d0bc5b128a10056dc68afece360d8a0fabb014",
               "path": "/MyWebSite/MyWebSite/Views/_ViewStart.cshtml",
               "url": "https://fabrikam-fiber-inc.visualstudio.com/DefaultCollection/_apis/git/repositories/278d5cd2-584d-4b63-824a-2ba458937249/items/MyWebSite/MyWebSite/Views/_ViewStart.cshtml?versionType=Commit&version=23d0bc5b128a10056dc68afece360d8a0fabb014&versionOptions=None"
            }
         ],
         [
            {
               "objectId": "ea6765e1976b9e8a6d4981fd8febebd574a91571",
               "gitObjectType": "tree",
               "commitId": "23d0bc5b128a10056dc68afece360d8a0fabb014",
               "path": "/MyWebSite/MyWebSite/Views/Home",
               "isFolder": true,
               "contentMetadata": {
                  "fileName": "Home"
               },
               "url": "https://fabrikam-fiber-inc.visualstudio.com/DefaultCollection/_apis/git/repositories/278d5cd2-584d-4b63-824a-2ba458937249/items/MyWebSite/MyWebSite/Views/Home?versionType=Commit&version=23d0bc5b128a10056dc68afece360d8a0fabb014&versionOptions=None"
            }
         ],
         [
            {
               "objectId": "d1c521e3b401b314d4f9ff17f6cad4652c6a4d14",
               "gitObjectType": "tree",
               "commitId": "23d0bc5b128a10056dc68afece360d8a0fabb014",
               "path": "/MyWebSite/MyWebSite/Views/Shared",
               "isFolder": true,
               "contentMetadata": {
                  "fileName": "Shared"
               },
               "url": "https://fabrikam-fiber-inc.visualstudio.com/DefaultCollection/_apis/git/repositories/278d5cd2-584d-4b63-824a-2ba458937249/items/MyWebSite/MyWebSite/Views/Shared?versionType=Commit&version=23d0bc5b128a10056dc68afece360d8a0fabb014&versionOptions=None"
            }
         ],
         [
            {
               "objectId": "f5dd7df5872eae8c39c9491f67d856dafd609683",
               "gitObjectType": "blob",
               "commitId": "23d0bc5b128a10056dc68afece360d8a0fabb014",
               "path": "/MyWebSite/MyWebSite/Views/Web.config",
               "contentMetadata": {
                  "encoding": 65001,
                  "contentType": "application/xml",
                  "fileName": "Web.config",
                  "extension": "config"
               },
               "url": "https://fabrikam-fiber-inc.visualstudio.com/DefaultCollection/_apis/git/repositories/278d5cd2-584d-4b63-824a-2ba458937249/items/MyWebSite/MyWebSite/Views/Web.config?versionType=Commit&version=23d0bc5b128a10056dc68afece360d8a0fabb014&versionOptions=None"
            }
         ],
         [
            {
               "objectId": "2de62418c07c3ffa833543f484445dbfd0fe68d8",
               "gitObjectType": "blob",
               "commitId": "23d0bc5b128a10056dc68afece360d8a0fabb014",
               "path": "/MyWebSite/MyWebSite/Views/_ViewStart.cshtml",
               "contentMetadata": {
                  "encoding": 65001,
                  "contentType": "application/octet-stream",
                  "fileName": "_ViewStart.cshtml",
                  "extension": "cshtml"
               },
               "url": "https://fabrikam-fiber-inc.visualstudio.com/DefaultCollection/_apis/git/repositories/278d5cd2-584d-4b63-824a-2ba458937249/items/MyWebSite/MyWebSite/Views/_ViewStart.cshtml?versionType=Commit&version=23d0bc5b128a10056dc68afece360d8a0fabb014&versionOptions=None"
            }
         ]
      ]
   }
}