{
   "method": "GET",
   "resourceFormat": "/TestService/TestResult/{api-version}/{testRunId}/testMessageCount?keylist={KeyNamesCsv}",
   "requestUrl": "https://af6f3429f-8f33-414e-af7a-79ec4c98ab3c.vsclt.visualstudio.com/testservice/testresult/1.3/854a7b79-efd3-4e48-b6b2-6b99b1adc731/testmessagecount?keylist=Status%20messages,All%20test%20errors",
   "requestHeaders": {
      "Cookie": "",
      "Accept": "application/json",
      "Accept-Language": "en-US",
      "User-Agent": "VSServices/12.0.21005.1 (devenv.exe ,Ultimate, SKU:17)",
      "X-TFS-FedAuthRedirect": "Suppress",
      "X-TFS-Session": "f15354a0-5013-49fe-9666-039dba045675",
      "X-VSS-Agent": "IDE:c72621ad0a06453b92b6e6255bcbfc7a",
      "Host": "af6f3429f-8f33-414e-af7a-79ec4c98ab3c.vsclt.visualstudio.com"
   },
   "statusCode": 200,
   "responseHeaders": {
      "cache-control": "no-cache",
      "pragma": "no-cache",
      "content-type": "application/json; charset=utf-8",
      "expires": "-1",
      "vary": "Accept-Encoding",
      "server": "Microsoft-IIS/8.0",
      "x-tfs-processid": "2eb4fb85-b4bb-4f90-9258-f7cf9c1af044",
      "activityid": "7d3b61c0-dc5e-0000-7bd5-577d5edcce01",
      "x-aspnet-version": "4.0.30319",
      "x-powered-by": "ASP.NET",
      "date": "Mon, 18 Nov 2013 10:22:28 GMT",
      "content-length": "1759"
   },
   "responseBody": [
       {"key":"Status messages","count":4,"queryStringParams":null,"children":null},{"key":"All test errors","count":1,"queryStringParams":"?type=&subtype=&count=1000","children":[{"key":"HttpError","count":1,"queryStringParams":"?type=HttpError&subtype=&count=1000","children":[{"key":"503 - ServiceUnavailable","count":1,"queryStringParams":"?type=HttpError&subtype=503 - ServiceUnavailable&count=1000","children":null}]}]}
   ]
}
