{
   "method": "GET",
   "resourceFormat": "/TestService/TestResult/{api-version}/{testRunId}/samples?counterIds={counterIdsCsv}&fromMarker={fromMarker}&tillMarker={tillMarker}",
   "requestUrl": "https://af6f3429f-8f33-414e-af7a-79ec4c98ab3c.vsclt.visualstudio.com/testservice/testresult/1.3/854a7b79-efd3-4e48-b6b2-6b99b1adc731/samples?counterIds=-2020039322,-1543222480,-1854500553,-1828439162&fromMarker=9&tillMarker=509",
   "requestHeaders": {
      "Cookie": "",
      "Accept": "application/json",
      "Accept-Language": "en-US",
      "User-Agent": "VSServices/12.0.21005.1 (devenv.exe ,Ultimate, SKU:17)",
      "X-TFS-FedAuthRedirect": "Suppress",
      "X-TFS-Session": "f15354a0-5013-49fe-9666-039dba045675",
      "X-VSS-Agent": "IDE:c72621ad0a06453b92b6e6255bcbfc7a",
      "Host": "af6f3429f-8f33-414e-af7a-79ec4c98ab3c.vsclt.visualstudio.com"
   },
   "statusCode": 200,
   "responseHeaders": {
      "cache-control": "no-cache",
      "pragma": "no-cache",
      "content-type": "application/json; charset=utf-8",
      "expires": "-1",
      "vary": "Accept-Encoding",
      "server": "Microsoft-IIS/8.0",
      "x-tfs-processid": "2eb4fb85-b4bb-4f90-9258-f7cf9c1af044",
      "activityid": "7d3b61c0-dc5e-0000-7bd5-577d5edcce01",
      "x-aspnet-version": "4.0.30319",
      "x-powered-by": "ASP.NET",
      "date": "Mon, 18 Nov 2013 10:22:28 GMT"
   },
   "responseBody": [
        {"instanceId":-2020039322,"intervalNumber":9,"intervalEndTime":"2013-11-18T10:24:24.3","rawValue":8202700000,"baseValue":11765,"counterFrequency":10000000,"systemFrequency":10000000,"timeStamp":450000000,"timeStamp100nSec":450000000,"counterType":"AverageTimer32","computedValue":0.07770083},
        {"instanceId":-1543222480,"intervalNumber":9,"intervalEndTime":"2013-11-18T10:24:24.3","rawValue":7800580000,"baseValue":11765,"counterFrequency":10000000,"systemFrequency":10000000,"timeStamp":450000000,"timeStamp100nSec":450000000,"counterType":"AverageTimer32","computedValue":0.0729925},
        {"instanceId":-1543222480,"intervalNumber":10,"intervalEndTime":"2013-11-18T10:24:29.3","rawValue":8582870000,"baseValue":13519,"counterFrequency":10000000,"systemFrequency":10000000,"timeStamp":500000000,"timeStamp100nSec":500000000,"counterType":"AverageTimer32","computedValue":0.05613406},
        {"instanceId":-1854500553,"intervalNumber":9,"intervalEndTime":"2013-11-18T10:24:24.3","rawValue":7792120000,"baseValue":14925,"counterFrequency":10000000,"systemFrequency":10000000,"timeStamp":450000000,"timeStamp100nSec":450000000,"counterType":"AverageTimer32","computedValue":0.0525534861},
        {"instanceId":-1854500553,"intervalNumber":10,"intervalEndTime":"2013-11-18T10:24:29.3","rawValue":8574410000,"baseValue":16679,"counterFrequency":10000000,"systemFrequency":10000000,"timeStamp":500000000,"timeStamp100nSec":500000000,"counterType":"AverageTimer32","computedValue":0.04460034},
        {"instanceId":-1828439162,"intervalNumber":9,"intervalEndTime":"2013-11-18T10:24:24.3","rawValue":25,"baseValue":0,"counterFrequency":10000000,"systemFrequency":10000000,"timeStamp":450000000,"timeStamp100nSec":450000000,"counterType":"NumberOfItems32","computedValue":25.0},
        {"instanceId":-1828439162,"intervalNumber":10,"intervalEndTime":"2013-11-18T10:24:29.3","rawValue":25,"baseValue":0,"counterFrequency":10000000,"systemFrequency":10000000,"timeStamp":500000000,"timeStamp100nSec":500000000,"counterType":"NumberOfItems32","computedValue":25.0}
   ]
}
