{
   "method": "GET",
   "resourceFormat": "/_apis/clt/TestRuns/{testRunId}/results",
   "requestUrl": "https://fabrikam.vsclt.visualstudio.com/_apis/clt/TestRuns/2150fbd4-e71c-42fd-8b90-95222a556d87/results",
   "requestHeaders": {
      "Cookie": "",
      "Accept": "application/json",
      "Accept-Language": "en-US",
      "User-Agent": "VSServices/12.0.21005.1 (devenv.exe ,Ultimate, SKU:17)",
      "X-TFS-FedAuthRedirect": "Suppress",
      "X-TFS-Session": "f15354a0-5013-49fe-9666-039dba045675",
      "X-VSS-Agent": "IDE:c72621ad0a06453b92b6e6255bcbfc7a",
      "Host": "af6f3429f-8f33-414e-af7a-79ec4c98ab3c.vsclt.visualstudio.com"
   },
   "statusCode": 200,
   "responseHeaders": {
      "cache-control": "no-cache",
      "pragma": "no-cache",
      "content-type": "application/json; charset=utf-8",
      "expires": "-1",
      "vary": "Accept-Encoding",
      "server": "Microsoft-IIS/8.0",
      "x-tfs-processid": "2eb4fb85-b4bb-4f90-9258-f7cf9c1af044",
      "activityid": "7d3b61c0-dc5e-0000-7bd5-577d5edcce01",
      "x-aspnet-version": "4.0.30319",
      "x-powered-by": "ASP.NET",
      "date": "Mon, 18 Nov 2013 10:22:28 GMT",
      "content-length": "542"
   },
   "responseBody": {
       "resultsUrl": "http://127.0.0.1:10000/devstoreaccount1/ets-containerfor-aeee0697-d734-43d7-956e-e662252c265c/2150fbd4-e71c-42fd-8b90-95222a556d87/TestResult/LoadTest.ltrar.zip?sv=2012-02-12&se=2014-06-03T05%3A05%3A39Z&sr=b&si=sas_tenant_policyaeee0697-d734-43d7-956e-e662252c265c&sig=n1Tj%2BsCtiOqQu9UtcXsl%2Bn3ixP%2FVebHCKDJvfD5Tr%2FE%3D",
        "counterGroups":{
            "count": 3,
            "value": [
                {"groupName":"Performance","url":"https://fabrikam.vsclt.visualstudio.com/_apis/clt/testRuns/5c9dc626-44aa-410b-8f75-2929dd330397/CounterInstances?groupNames=Performance"},
                {"groupName":"Throughput","url":"https://fabrikam.vsclt.visualstudio.com/_apis/clt/testRuns/5c9dc626-44aa-410b-8f75-2929dd330397/CounterInstances?groupNames=Throughput"},
                {"groupName":"Application","url":"https://fabrikam.vsclt.visualstudio.com/_apis/clt/testRuns/5c9dc626-44aa-410b-8f75-2929dd330397/CounterInstances?groupNames=Application"}
            ]
        }
    }
}

