{
   "method": "GET",
   "resourceFormat": "/tfvc/items?scopePath={folder}",
   "requestUrl": "https://fabrikam-fiber-inc.visualstudio.com/DefaultCollection/_apis/tfvc/items?scopePath=$/Fabrikam-Fiber-TFVC/AuthSample&api-version=1.0-preview.1",
   "requestHeaders": {
      "Accept": "application/json"
   },
   "statusCode": 200,
   "responseHeaders": {
      "cache-control": "no-cache",
      "pragma": "no-cache",
      "transfer-encoding": "chunked",
      "content-type": "application/json; api-version=1.0-preview.1",
      "expires": "-1",
      "server": "Microsoft-IIS/8.5",
      "x-tfs-processid": "fd23a2e1-b5ce-4879-acb4-e3e1f685ba91",
      "strict-transport-security": "max-age=31536000; includeSubDomains",
      "x-frame-options": "SAMEORIGIN",
      "set-cookie": [
         "Tfs-SessionId=8bd98892-e1c7-0000-32af-e08bc7e1cf01; path=/; secure",
         "Tfs-SessionActive=2014-10-07T22:19:25; path=/; secure"
      ],
      "x-vss-userdata": "8c8c7d32-6b1b-47f4-b2e9-30b477b5ab3d:fabrikamfiber3@hotmail.com",
      "activityid": "75c99434-e1c7-0006-8d9d-cb75c7e1cf01",
      "x-aspnet-version": "4.0.30319",
      "x-powered-by": "ASP.NET",
      "p3p": "CP=\"CAO DSP COR ADMa DEV CONo TELo CUR PSA PSD TAI IVDo OUR SAMi BUS DEM NAV STA UNI COM INT PHY ONL FIN PUR LOC CNT\"",
      "x-content-type-options": "nosniff",
      "date": "Tue, 07 Oct 2014 22:19:24 GMT"
   },
   "responseBody": {
      "value": [
         {
            "version": 5,
            "isBranch": true,
            "changeDate": "2014-03-19T17:23:59.697Z",
            "path": "$/Fabrikam-Fiber-TFVC/AuthSample",
            "isFolder": true,
            "url": "https://fabrikam-fiber-inc.visualstudio.com/DefaultCollection/_apis/tfvc/items/%24/Fabrikam-Fiber-TFVC/AuthSample?versionType=Changeset&version=5"
         },
         {
            "version": 9,
            "changeDate": "2014-03-21T19:32:02.213Z",
            "path": "$/Fabrikam-Fiber-TFVC/AuthSample/AuthSample.sln",
            "url": "https://fabrikam-fiber-inc.visualstudio.com/DefaultCollection/_apis/tfvc/items/%24/Fabrikam-Fiber-TFVC/AuthSample/AuthSample.sln?versionType=Changeset&version=9"
         },
         {
            "version": 5,
            "changeDate": "2014-03-19T17:23:59.697Z",
            "path": "$/Fabrikam-Fiber-TFVC/AuthSample/AuthSample.vssscc",
            "url": "https://fabrikam-fiber-inc.visualstudio.com/DefaultCollection/_apis/tfvc/items/%24/Fabrikam-Fiber-TFVC/AuthSample/AuthSample.vssscc?versionType=Changeset&version=5"
         },
         {
            "version": 9,
            "changeDate": "2014-03-21T19:32:02.213Z",
            "path": "$/Fabrikam-Fiber-TFVC/AuthSample/Code",
            "isFolder": true,
            "url": "https://fabrikam-fiber-inc.visualstudio.com/DefaultCollection/_apis/tfvc/items/%24/Fabrikam-Fiber-TFVC/AuthSample/Code?versionType=Changeset&version=9"
         }
      ],
      "count": 4
   }
}