{
   "method": "POST",
   "resourceFormat": "/wit/attachments?fileName={textFile}",
   "requestUrl": "https://fabrikam-fiber-inc.visualstudio.com/DefaultCollection/_apis/wit/attachments?fileName=textAsFileAttachment.txt&api-version=1.0",
   "requestHeaders": {
      "Accept": "application/json",
      "Content-Type": "application/json",
      "Content-Length": 27
   },
   "requestBody": "User text content to upload",
   "statusCode": 201,
   "responseHeaders": {
      "cache-control": "no-cache",
      "pragma": "no-cache",
      "content-type": "application/json; charset=utf-8; api-version=1.0",
      "expires": "-1",
      "server": "Microsoft-IIS/8.5",
      "x-tfs-processid": "8ec0cdc2-1b6c-4aa0-a483-fd9aa4f66fe1",
      "strict-transport-security": "max-age=31536000; includeSubDomains",
      "x-frame-options": "SAMEORIGIN",
      "set-cookie": [
         "Tfs-SessionId=658ec75b-08d3-0004-8028-9665d308d001; path=/; secure",
         "Tfs-SessionActive=2014-11-26T21:44:10; path=/; secure"
      ],
      "x-vss-userdata": "d291b0c4-a05c-4ea6-8df1-4b41d5f39eff:fabrikamfiber4@hotmail.com",
      "activityid": "658ec75b-08d3-0004-8028-9665d308d001",
      "x-aspnet-version": "4.0.30319",
      "x-powered-by": "ASP.NET",
      "p3p": "CP=\"CAO DSP COR ADMa DEV CONo TELo CUR PSA PSD TAI IVDo OUR SAMi BUS DEM NAV STA UNI COM INT PHY ONL FIN PUR LOC CNT\"",
      "x-content-type-options": "nosniff",
      "date": "Wed, 26 Nov 2014 21:44:10 GMT",
      "content-length": "208"
   },
   "responseBody": {
      "id": "6b2266bf-a155-4582-a475-ca4da68193ef",
      "url": "https://fabrikam-fiber-inc.visualstudio.com/DefaultCollection/_apis/wit/attachments/6b2266bf-a155-4582-a475-ca4da68193ef?fileName=textAsFileAttachment.txt"
   }
}