{
   "method": "POST",
   "resourceFormat": "/wit/attachments?fileName={binaryFile}",
   "requestUrl": "https://fabrikam-fiber-inc.visualstudio.com/DefaultCollection/_apis/wit/attachments?fileName=imageAsFileAttachment.png&api-version=1.0",
   "requestHeaders": {
      "Accept": "application/json",
      "Content-Type": "application/json",
      "Content-Length": 210
   },
   "requestBody": {
      "0": 137,
      "1": 80,
      "2": 78,
      "3": 71,
      "4": 13,
      "5": 10,
      "6": 26,
      "7": 10,
      "8": 0,
      "9": 0,
      "10": 0,
      "11": 13,
      "12": 73,
      "13": 72,
      "14": 68,
      "15": 82,
      "16": 0,
      "17": 0,
      "18": 0,
      "19": 24,
      "20": 0,
      "21": 0,
      "22": 0,
      "23": 24,
      "24": 8,
      "25": 2,
      "26": 0,
      "27": 0,
      "28": 0,
      "29": 111,
      "30": 21,
      "31": 170,
      "32": 175,
      "33": 0,
      "34": 0,
      "35": 0,
      "36": 1,
      "37": 115,
      "38": 82,
      "39": 71,
      "40": 66,
      "41": 0,
      "42": 174,
      "43": 206,
      "44": 28,
      "45": 233,
      "46": 0,
      "47": 0,
      "48": 0,
      "49": 4,
      "50": 103,
      "51": 65,
      "52": 77,
      "53": 65,
      "54": 0,
      "55": 0,
      "56": 177,
      "57": 143,
      "58": 11,
      "59": 252,
      "60": 97,
      "61": 5,
      "62": 0,
      "63": 0,
      "64": 0,
      "65": 9,
      "66": 112,
      "67": 72,
      "68": 89,
      "69": 115,
      "70": 0,
      "71": 0,
      "72": 14,
      "73": 195,
      "74": 0,
      "75": 0,
      "76": 14,
      "77": 195,
      "78": 1,
      "79": 199,
      "80": 111,
      "81": 168,
      "82": 100,
      "83": 0,
      "84": 0,
      "85": 0,
      "86": 101,
      "87": 73,
      "88": 68,
      "89": 65,
      "90": 84,
      "91": 56,
      "92": 79,
      "93": 237,
      "94": 204,
      "95": 65,
      "96": 10,
      "97": 192,
      "98": 32,
      "99": 12,
      "100": 68,
      "101": 81,
      "102": 239,
      "103": 127,
      "104": 105,
      "105": 27,
      "106": 240,
      "107": 167,
      "108": 24,
      "109": 146,
      "110": 52,
      "111": 22,
      "112": 138,
      "113": 80,
      "114": 240,
      "115": 237,
      "116": 156,
      "117": 140,
      "118": 211,
      "119": 250,
      "120": 71,
      "121": 206,
      "122": 80,
      "123": 109,
      "124": 227,
      "125": 80,
      "126": 83,
      "127": 188,
      "128": 19,
      "129": 213,
      "130": 217,
      "131": 34,
      "132": 141,
      "133": 164,
      "134": 55,
      "135": 190,
      "136": 70,
      "137": 104,
      "138": 88,
      "139": 73,
      "140": 90,
      "141": 161,
      "142": 55,
      "143": 137,
      "144": 162,
      "145": 53,
      "146": 180,
      "147": 213,
      "148": 198,
      "149": 33,
      "150": 210,
      "151": 60,
      "152": 31,
      "153": 130,
      "154": 33,
      "155": 65,
      "156": 87,
      "157": 249,
      "158": 68,
      "159": 140,
      "160": 230,
      "161": 109,
      "162": 105,
      "163": 200,
      "164": 163,
      "165": 55,
      "166": 249,
      "167": 203,
      "168": 144,
      "169": 224,
      "170": 71,
      "171": 132,
      "172": 134,
      "173": 149,
      "174": 14,
      "175": 9,
      "176": 254,
      "177": 89,
      "178": 220,
      "179": 156,
      "180": 167,
      "181": 161,
      "182": 87,
      "183": 206,
      "184": 80,
      "185": 165,
      "186": 247,
      "187": 11,
      "188": 116,
      "189": 99,
      "190": 71,
      "191": 0,
      "192": 204,
      "193": 122,
      "194": 63,
      "195": 206,
      "196": 0,
      "197": 0,
      "198": 0,
      "199": 0,
      "200": 73,
      "201": 69,
      "202": 78,
      "203": 68,
      "204": 174,
      "205": 66,
      "206": 96,
      "207": 130,
      "208": 0,
      "209": 0,
      "BYTES_PER_ELEMENT": 1,
      "buffer": {
         "0": 137,
         "1": 80,
         "2": 78,
         "3": 71,
         "4": 13,
         "5": 10,
         "6": 26,
         "7": 10,
         "8": 0,
         "9": 0,
         "10": 0,
         "11": 13,
         "12": 73,
         "13": 72,
         "14": 68,
         "15": 82,
         "16": 0,
         "17": 0,
         "18": 0,
         "19": 24,
         "20": 0,
         "21": 0,
         "22": 0,
         "23": 24,
         "24": 8,
         "25": 2,
         "26": 0,
         "27": 0,
         "28": 0,
         "29": 111,
         "30": 21,
         "31": 170,
         "32": 175,
         "33": 0,
         "34": 0,
         "35": 0,
         "36": 1,
         "37": 115,
         "38": 82,
         "39": 71,
         "40": 66,
         "41": 0,
         "42": 174,
         "43": 206,
         "44": 28,
         "45": 233,
         "46": 0,
         "47": 0,
         "48": 0,
         "49": 4,
         "50": 103,
         "51": 65,
         "52": 77,
         "53": 65,
         "54": 0,
         "55": 0,
         "56": 177,
         "57": 143,
         "58": 11,
         "59": 252,
         "60": 97,
         "61": 5,
         "62": 0,
         "63": 0,
         "64": 0,
         "65": 9,
         "66": 112,
         "67": 72,
         "68": 89,
         "69": 115,
         "70": 0,
         "71": 0,
         "72": 14,
         "73": 195,
         "74": 0,
         "75": 0,
         "76": 14,
         "77": 195,
         "78": 1,
         "79": 199,
         "80": 111,
         "81": 168,
         "82": 100,
         "83": 0,
         "84": 0,
         "85": 0,
         "86": 101,
         "87": 73,
         "88": 68,
         "89": 65,
         "90": 84,
         "91": 56,
         "92": 79,
         "93": 237,
         "94": 204,
         "95": 65,
         "96": 10,
         "97": 192,
         "98": 32,
         "99": 12,
         "100": 68,
         "101": 81,
         "102": 239,
         "103": 127,
         "104": 105,
         "105": 27,
         "106": 240,
         "107": 167,
         "108": 24,
         "109": 146,
         "110": 52,
         "111": 22,
         "112": 138,
         "113": 80,
         "114": 240,
         "115": 237,
         "116": 156,
         "117": 140,
         "118": 211,
         "119": 250,
         "120": 71,
         "121": 206,
         "122": 80,
         "123": 109,
         "124": 227,
         "125": 80,
         "126": 83,
         "127": 188,
         "128": 19,
         "129": 213,
         "130": 217,
         "131": 34,
         "132": 141,
         "133": 164,
         "134": 55,
         "135": 190,
         "136": 70,
         "137": 104,
         "138": 88,
         "139": 73,
         "140": 90,
         "141": 161,
         "142": 55,
         "143": 137,
         "144": 162,
         "145": 53,
         "146": 180,
         "147": 213,
         "148": 198,
         "149": 33,
         "150": 210,
         "151": 60,
         "152": 31,
         "153": 130,
         "154": 33,
         "155": 65,
         "156": 87,
         "157": 249,
         "158": 68,
         "159": 140,
         "160": 230,
         "161": 109,
         "162": 105,
         "163": 200,
         "164": 163,
         "165": 55,
         "166": 249,
         "167": 203,
         "168": 144,
         "169": 224,
         "170": 71,
         "171": 132,
         "172": 134,
         "173": 149,
         "174": 14,
         "175": 9,
         "176": 254,
         "177": 89,
         "178": 220,
         "179": 156,
         "180": 167,
         "181": 161,
         "182": 87,
         "183": 206,
         "184": 80,
         "185": 165,
         "186": 247,
         "187": 11,
         "188": 116,
         "189": 99,
         "190": 71,
         "191": 0,
         "192": 204,
         "193": 122,
         "194": 63,
         "195": 206,
         "196": 0,
         "197": 0,
         "198": 0,
         "199": 0,
         "200": 73,
         "201": 69,
         "202": 78,
         "203": 68,
         "204": 174,
         "205": 66,
         "206": 96,
         "207": 130,
         "208": 0,
         "209": 0,
         "byteLength": 210
      },
      "length": 210,
      "byteOffset": 0,
      "byteLength": 210
   },
   "statusCode": 201,
   "responseHeaders": {
      "cache-control": "no-cache",
      "pragma": "no-cache",
      "content-type": "application/json; charset=utf-8; api-version=1.0",
      "expires": "-1",
      "server": "Microsoft-IIS/8.5",
      "x-tfs-processid": "e6f30287-9191-4066-93c3-66c75fe2fbb4",
      "strict-transport-security": "max-age=31536000; includeSubDomains",
      "x-frame-options": "SAMEORIGIN",
      "set-cookie": [
         "Tfs-SessionId=658ec75b-08d3-0004-8028-9665d308d001; path=/; secure",
         "Tfs-SessionActive=2014-11-26T21:44:11; path=/; secure"
      ],
      "x-vss-userdata": "d291b0c4-a05c-4ea6-8df1-4b41d5f39eff:fabrikamfiber4@hotmail.com",
      "activityid": "4fffb807-08d3-0004-4e03-0850d308d001",
      "x-aspnet-version": "4.0.30319",
      "x-powered-by": "ASP.NET",
      "p3p": "CP=\"CAO DSP COR ADMa DEV CONo TELo CUR PSA PSD TAI IVDo OUR SAMi BUS DEM NAV STA UNI COM INT PHY ONL FIN PUR LOC CNT\"",
      "x-content-type-options": "nosniff",
      "date": "Wed, 26 Nov 2014 21:44:11 GMT",
      "content-length": "209"
   },
   "responseBody": {
      "id": "a5cedde4-2dd5-4fcf-befe-fd0977dd3433",
      "url": "https://fabrikam-fiber-inc.visualstudio.com/DefaultCollection/_apis/wit/attachments/a5cedde4-2dd5-4fcf-befe-fd0977dd3433?fileName=imageAsFileAttachment.png"
   }
}