{
   "method": "GET",
   "resourceFormat": "/wit/WorkItems?ids={ids}&fields={columns}&asOf={asof}",
   "requestUrl": "https://fabrikam-fiber-inc.visualstudio.com/DefaultCollection/_apis/wit/WorkItems?ids=4,5,6,7,8,9,11,12,20,1,2,3,10,13,14,15,16,17,18,19,21,33,34,46,47,58,59,297,299,300,298&fields=System.Id,System.WorkItemType,System.Title,System.AssignedTo,System.State&asOf=2014-12-29T20:49:35.983Z&api-version=1.0",
   "requestHeaders": {
      "Accept": "application/json"
   },
   "statusCode": 200,
   "responseHeaders": {
      "cache-control": "no-cache",
      "pragma": "no-cache",
      "content-type": "application/json; charset=utf-8; api-version=1.0",
      "expires": "-1",
      "server": "Microsoft-IIS/8.5",
      "x-tfs-processid": "69f0b14c-58dd-45f1-b6f1-124bb305048f",
      "strict-transport-security": "max-age=31536000; includeSubDomains",
      "x-frame-options": "SAMEORIGIN",
      "set-cookie": [
         "Tfs-SessionId=7066e0f8-1bcc-0004-e520-db70cc1bd001; path=/; secure",
         "Tfs-SessionActive=2014-12-29T20:49:36; path=/; secure"
      ],
      "x-vss-userdata": "d291b0c4-a05c-4ea6-8df1-4b41d5f39eff:fabrikamfiber4@hotmail.com",
      "activityid": "7066e0f8-1bcc-0000-6da1-eb70cc1bd001",
      "x-aspnet-version": "4.0.30319",
      "x-powered-by": "ASP.NET",
      "p3p": "CP=\"CAO DSP COR ADMa DEV CONo TELo CUR PSA PSD TAI IVDo OUR SAMi BUS DEM NAV STA UNI COM INT PHY ONL FIN PUR LOC CNT\"",
      "x-content-type-options": "nosniff",
      "date": "Mon, 29 Dec 2014 20:49:35 GMT",
      "content-length": "8948"
   },
   "responseBody": {
      "count": 31,
      "value": [
         {
            "id": 1,
            "rev": 5,
            "fields": {
               "System.Id": 1,
               "System.WorkItemType": "Product Backlog Item",
               "System.State": "Done",
               "System.Title": "Technician can check on parts orders on Windows Phone"
            },
            "url": "https://fabrikam-fiber-inc.visualstudio.com/DefaultCollection/_apis/wit/workItems/1"
         },
         {
            "id": 2,
            "rev": 5,
            "fields": {
               "System.Id": 2,
               "System.WorkItemType": "Product Backlog Item",
               "System.State": "Done",
               "System.Title": "Technician can look for closest hardware store from Windows Phone"
            },
            "url": "https://fabrikam-fiber-inc.visualstudio.com/DefaultCollection/_apis/wit/workItems/2"
         },
         {
            "id": 3,
            "rev": 5,
            "fields": {
               "System.Id": 3,
               "System.WorkItemType": "Product Backlog Item",
               "System.State": "Done",
               "System.Title": "Technician can submit invoices on Windows Phone"
            },
            "url": "https://fabrikam-fiber-inc.visualstudio.com/DefaultCollection/_apis/wit/workItems/3"
         },
         {
            "id": 4,
            "rev": 7,
            "fields": {
               "System.Id": 4,
               "System.WorkItemType": "Product Backlog Item",
               "System.State": "Done",
               "System.Title": "Service rep can view service ticket details from the dashboard"
            },
            "url": "https://fabrikam-fiber-inc.visualstudio.com/DefaultCollection/_apis/wit/workItems/4"
         },
         {
            "id": 5,
            "rev": 6,
            "fields": {
               "System.Id": 5,
               "System.WorkItemType": "Product Backlog Item",
               "System.State": "New",
               "System.Title": "Customer can view service invoices online"
            },
            "url": "https://fabrikam-fiber-inc.visualstudio.com/DefaultCollection/_apis/wit/workItems/5"
         },
         {
            "id": 6,
            "rev": 6,
            "fields": {
               "System.Id": 6,
               "System.WorkItemType": "Product Backlog Item",
               "System.State": "Done",
               "System.Title": "Customer can pay invoices online"
            },
            "url": "https://fabrikam-fiber-inc.visualstudio.com/DefaultCollection/_apis/wit/workItems/6"
         },
         {
            "id": 7,
            "rev": 6,
            "fields": {
               "System.Id": 7,
               "System.WorkItemType": "Product Backlog Item",
               "System.State": "Done",
               "System.Title": "Customer can opt-in/opt-out of paper billing"
            },
            "url": "https://fabrikam-fiber-inc.visualstudio.com/DefaultCollection/_apis/wit/workItems/7"
         },
         {
            "id": 8,
            "rev": 3,
            "fields": {
               "System.Id": 8,
               "System.WorkItemType": "Task",
               "System.State": "Done",
               "System.AssignedTo": "Christie Church <fabrikamfiber1@hotmail.com>",
               "System.Title": "Create UI for logging in with Live ID"
            },
            "url": "https://fabrikam-fiber-inc.visualstudio.com/DefaultCollection/_apis/wit/workItems/8"
         },
         {
            "id": 9,
            "rev": 2,
            "fields": {
               "System.Id": 9,
               "System.WorkItemType": "Task",
               "System.State": "Done",
               "System.AssignedTo": "Chuck Reinhart <fabrikamfiber3@hotmail.com>",
               "System.Title": "Get unit tests working in the cloud"
            },
            "url": "https://fabrikam-fiber-inc.visualstudio.com/DefaultCollection/_apis/wit/workItems/9"
         },
         {
            "id": 10,
            "rev": 8,
            "fields": {
               "System.Id": 10,
               "System.WorkItemType": "Product Backlog Item",
               "System.State": "Done",
               "System.AssignedTo": "Jamal Hartnett <fabrikamfiber4@hotmail.com>",
               "System.Title": "Technician can send GPS location from Windows Phone"
            },
            "url": "https://fabrikam-fiber-inc.visualstudio.com/DefaultCollection/_apis/wit/workItems/10"
         },
         {
            "id": 11,
            "rev": 11,
            "fields": {
               "System.Id": 11,
               "System.WorkItemType": "Bug",
               "System.State": "Approved",
               "System.AssignedTo": "Johnnie McLeod <fabrikamfiber2@hotmail.com>",
               "System.Title": "Customers with Canadian addresses not displaying properly"
            },
            "url": "https://fabrikam-fiber-inc.visualstudio.com/DefaultCollection/_apis/wit/workItems/11"
         },
         {
            "id": 12,
            "rev": 6,
            "fields": {
               "System.Id": 12,
               "System.WorkItemType": "Bug",
               "System.State": "Done",
               "System.AssignedTo": "Johnnie McLeod <fabrikamfiber2@hotmail.com>",
               "System.Title": "Header image missing from deployment folder"
            },
            "url": "https://fabrikam-fiber-inc.visualstudio.com/DefaultCollection/_apis/wit/workItems/12"
         },
         {
            "id": 13,
            "rev": 3,
            "fields": {
               "System.Id": 13,
               "System.WorkItemType": "Task",
               "System.State": "Removed",
               "System.AssignedTo": "Jamal Hartnett <fabrikamfiber4@hotmail.com>",
               "System.Title": "Review application design with technicians"
            },
            "url": "https://fabrikam-fiber-inc.visualstudio.com/DefaultCollection/_apis/wit/workItems/13"
         },
         {
            "id": 14,
            "rev": 5,
            "fields": {
               "System.Id": 14,
               "System.WorkItemType": "Task",
               "System.State": "Done",
               "System.AssignedTo": "Jamal Hartnett <fabrikamfiber4@hotmail.com>",
               "System.Title": "Design application workflow"
            },
            "url": "https://fabrikam-fiber-inc.visualstudio.com/DefaultCollection/_apis/wit/workItems/14"
         },
         {
            "id": 15,
            "rev": 4,
            "fields": {
               "System.Id": 15,
               "System.WorkItemType": "Task",
               "System.State": "In Progress",
               "System.AssignedTo": "Raisa Pokrovskaya <fabrikamfiber5@hotmail.com>",
               "System.Title": "UI Implementation"
            },
            "url": "https://fabrikam-fiber-inc.visualstudio.com/DefaultCollection/_apis/wit/workItems/15"
         },
         {
            "id": 16,
            "rev": 4,
            "fields": {
               "System.Id": 16,
               "System.WorkItemType": "Task",
               "System.State": "In Progress",
               "System.AssignedTo": "Johnnie McLeod <fabrikamfiber2@hotmail.com>",
               "System.Title": "Write code to get GPS location and resolve to address"
            },
            "url": "https://fabrikam-fiber-inc.visualstudio.com/DefaultCollection/_apis/wit/workItems/16"
         },
         {
            "id": 17,
            "rev": 4,
            "fields": {
               "System.Id": 17,
               "System.WorkItemType": "Task",
               "System.State": "In Progress",
               "System.AssignedTo": "Jamal Hartnett <fabrikamfiber4@hotmail.com>",
               "System.Title": "Unit testing for feature"
            },
            "url": "https://fabrikam-fiber-inc.visualstudio.com/DefaultCollection/_apis/wit/workItems/17"
         },
         {
            "id": 18,
            "rev": 2,
            "fields": {
               "System.Id": 18,
               "System.WorkItemType": "Task",
               "System.State": "Removed",
               "System.AssignedTo": "Christie Church <fabrikamfiber1@hotmail.com>",
               "System.Title": "Review feature with technician early adopters"
            },
            "url": "https://fabrikam-fiber-inc.visualstudio.com/DefaultCollection/_apis/wit/workItems/18"
         },
         {
            "id": 19,
            "rev": 3,
            "fields": {
               "System.Id": 19,
               "System.WorkItemType": "Task",
               "System.State": "Removed",
               "System.AssignedTo": "Johnnie McLeod <fabrikamfiber2@hotmail.com>",
               "System.Title": "Automated functional testing"
            },
            "url": "https://fabrikam-fiber-inc.visualstudio.com/DefaultCollection/_apis/wit/workItems/19"
         },
         {
            "id": 20,
            "rev": 3,
            "fields": {
               "System.Id": 20,
               "System.WorkItemType": "Feature",
               "System.State": "In Progress",
               "System.Title": "Windows Phone Technician App"
            },
            "url": "https://fabrikam-fiber-inc.visualstudio.com/DefaultCollection/_apis/wit/workItems/20"
         },
         {
            "id": 21,
            "rev": 1,
            "fields": {
               "System.Id": 21,
               "System.WorkItemType": "Feature",
               "System.State": "New",
               "System.Title": "Modern Windows end user application"
            },
            "url": "https://fabrikam-fiber-inc.visualstudio.com/DefaultCollection/_apis/wit/workItems/21"
         },
         {
            "id": 33,
            "rev": 5,
            "fields": {
               "System.Id": 33,
               "System.WorkItemType": "Bug",
               "System.State": "Committed",
               "System.AssignedTo": "Chuck Reinhart <fabrikamfiber3@hotmail.com>",
               "System.Title": "Issue with web.config; parameter not set properly"
            },
            "url": "https://fabrikam-fiber-inc.visualstudio.com/DefaultCollection/_apis/wit/workItems/33"
         },
         {
            "id": 34,
            "rev": 2,
            "fields": {
               "System.Id": 34,
               "System.WorkItemType": "Impediment",
               "System.State": "Closed",
               "System.Title": "testing"
            },
            "url": "https://fabrikam-fiber-inc.visualstudio.com/DefaultCollection/_apis/wit/workItems/34"
         },
         {
            "id": 46,
            "rev": 1,
            "fields": {
               "System.Id": 46,
               "System.WorkItemType": "Bug",
               "System.State": "New",
               "System.Title": "Chuck Reinhart, here is the test ticket you requested"
            },
            "url": "https://fabrikam-fiber-inc.visualstudio.com/DefaultCollection/_apis/wit/workItems/46"
         },
         {
            "id": 47,
            "rev": 3,
            "fields": {
               "System.Id": 47,
               "System.WorkItemType": "Product Backlog Item",
               "System.State": "New",
               "System.Title": "Investigate feedback issues reported from Trello"
            },
            "url": "https://fabrikam-fiber-inc.visualstudio.com/DefaultCollection/_apis/wit/workItems/47"
         },
         {
            "id": 58,
            "rev": 1,
            "fields": {
               "System.Id": 58,
               "System.WorkItemType": "Test Plan",
               "System.State": "Active",
               "System.AssignedTo": "Fabrikam Fiber <fabrikamfiber1@outlook.com>",
               "System.Title": "NewPlan"
            },
            "url": "https://fabrikam-fiber-inc.visualstudio.com/DefaultCollection/_apis/wit/workItems/58"
         },
         {
            "id": 59,
            "rev": 1,
            "fields": {
               "System.Id": 59,
               "System.WorkItemType": "Test Suite",
               "System.State": "In Progress",
               "System.AssignedTo": "[DefaultCollection]\\Project Collection Service Accounts <d81542e4-cdfa-4333-b082-1ae2d6c3ad16>",
               "System.Title": "NewPlan"
            },
            "url": "https://fabrikam-fiber-inc.visualstudio.com/DefaultCollection/_apis/wit/workItems/59"
         },
         {
            "id": 297,
            "rev": 1,
            "fields": {
               "System.Id": 297,
               "System.WorkItemType": "Product Backlog Item",
               "System.State": "New",
               "System.Title": "Customer can sign in using their Microsoft Account"
            },
            "url": "https://fabrikam-fiber-inc.visualstudio.com/DefaultCollection/_apis/wit/workItems/297"
         },
         {
            "id": 298,
            "rev": 1,
            "fields": {
               "System.Id": 298,
               "System.WorkItemType": "Task",
               "System.State": "To Do",
               "System.Title": "JavaScript implementation for Microsoft Account"
            },
            "url": "https://fabrikam-fiber-inc.visualstudio.com/DefaultCollection/_apis/wit/workItems/298"
         },
         {
            "id": 299,
            "rev": 7,
            "fields": {
               "System.Id": 299,
               "System.WorkItemType": "Task",
               "System.State": "To Do",
               "System.AssignedTo": "Johnnie McLeod <fabrikamfiber2@hotmail.com>",
               "System.Title": "JavaScript implementation for Microsoft Account"
            },
            "url": "https://fabrikam-fiber-inc.visualstudio.com/DefaultCollection/_apis/wit/workItems/299"
         },
         {
            "id": 300,
            "rev": 1,
            "fields": {
               "System.Id": 300,
               "System.WorkItemType": "Task",
               "System.State": "To Do",
               "System.Title": "Unit Testing for MSA login"
            },
            "url": "https://fabrikam-fiber-inc.visualstudio.com/DefaultCollection/_apis/wit/workItems/300"
         }
      ]
   }
}