{
   "method": "PATCH",
   "resourceFormat": "/wit/workitems/{taskId}",
   "requestUrl": "https://fabrikam-fiber-inc.visualstudio.com/DefaultCollection/_apis/wit/workitems/299?api-version=1.0",
   "requestHeaders": {
      "Accept": "application/json",
      "Content-Type": "application/json-patch+json",
      "Content-Length": 208
   },
   "requestBody": [
      {
         "op": "test",
         "path": "/rev",
         "value": 1
      },
      {
         "op": "add",
         "path": "/fields/System.AreaPath",
         "value": "Fabrikam-Fiber-Git\\Website"
      },
      {
         "op": "add",
         "path": "/fields/System.History",
         "value": "Moving to the right area path"
      }
   ],
   "statusCode": 200,
   "responseHeaders": {
      "cache-control": "no-cache",
      "pragma": "no-cache",
      "content-type": "application/json; charset=utf-8; api-version=1.0",
      "expires": "-1",
      "server": "Microsoft-IIS/8.5",
      "x-tfs-processid": "371bac67-2c46-40f2-9e16-e15ee79a03d9",
      "strict-transport-security": "max-age=31536000; includeSubDomains",
      "x-frame-options": "SAMEORIGIN",
      "set-cookie": [
         "Tfs-SessionId=7066e0f8-1bcc-0004-e520-db70cc1bd001; path=/; secure",
         "Tfs-SessionActive=2014-12-29T20:49:23; path=/; secure"
      ],
      "x-vss-userdata": "d291b0c4-a05c-4ea6-8df1-4b41d5f39eff:fabrikamfiber4@hotmail.com",
      "activityid": "6b1e9b9e-1bcc-0005-c3af-536bcc1bd001",
      "x-aspnet-version": "4.0.30319",
      "x-powered-by": "ASP.NET",
      "p3p": "CP=\"CAO DSP COR ADMa DEV CONo TELo CUR PSA PSD TAI IVDo OUR SAMi BUS DEM NAV STA UNI COM INT PHY ONL FIN PUR LOC CNT\"",
      "x-content-type-options": "nosniff",
      "date": "Mon, 29 Dec 2014 20:49:23 GMT",
      "content-length": "1864"
   },
   "responseBody": {
      "id": 299,
      "rev": 2,
      "fields": {
         "System.AreaPath": "Fabrikam-Fiber-Git\\Website",
         "System.TeamProject": "Fabrikam-Fiber-Git",
         "System.IterationPath": "Fabrikam-Fiber-Git",
         "System.WorkItemType": "Task",
         "System.State": "To Do",
         "System.Reason": "New task",
         "System.CreatedDate": "2014-12-29T20:49:21.617Z",
         "System.CreatedBy": "Jamal Hartnett <fabrikamfiber4@hotmail.com>",
         "System.ChangedDate": "2014-12-29T20:49:23.933Z",
         "System.ChangedBy": "Jamal Hartnett <fabrikamfiber4@hotmail.com>",
         "System.Title": "JavaScript implementation for Microsoft Account",
         "Microsoft.VSTS.Scheduling.RemainingWork": 4,
         "System.Description": "Follow the code samples from MSDN",
         "System.History": "Moving to the right area path"
      },
      "relations": [
         {
            "rel": "System.LinkTypes.Hierarchy-Reverse",
            "url": "https://fabrikam-fiber-inc.visualstudio.com/DefaultCollection/_apis/wit/workItems/297",
            "attributes": {
               "isLocked": false,
               "comment": "decomposition of work"
            }
         }
      ],
      "_links": {
         "self": {
            "href": "https://fabrikam-fiber-inc.visualstudio.com/DefaultCollection/_apis/wit/workItems/299"
         },
         "workItemUpdates": {
            "href": "https://fabrikam-fiber-inc.visualstudio.com/DefaultCollection/_apis/wit/workItems/299/updates"
         },
         "workItemRevisions": {
            "href": "https://fabrikam-fiber-inc.visualstudio.com/DefaultCollection/_apis/wit/workItems/299/revisions"
         },
         "workItemHistory": {
            "href": "https://fabrikam-fiber-inc.visualstudio.com/DefaultCollection/_apis/wit/workItems/299/history"
         },
         "html": {
            "href": "https://fabrikam-fiber-inc.visualstudio.com/web/wi.aspx?pcguid=d81542e4-cdfa-4333-b082-1ae2d6c3ad16&id=299"
         },
         "workItemType": {
            "href": "https://fabrikam-fiber-inc.visualstudio.com/DefaultCollection/6ce954b1-ce1f-45d1-b94d-e6bf2464ba2c/_apis/wit/workItemTypes/Task"
         },
         "fields": {
            "href": "https://fabrikam-fiber-inc.visualstudio.com/DefaultCollection/_apis/wit/fields"
         }
      },
      "url": "https://fabrikam-fiber-inc.visualstudio.com/DefaultCollection/_apis/wit/workItems/299"
   }
}