{
   "method": "GET",
   "resourceFormat": "/_apis/clt/TestRuns?name={name}&status={status}&requestedBy={requestedBy}&modified={timespan}&runIds={runIdsCsv}&detailed={boolean}",
   "requestUrl": "https://fabrikam.vsclt.visualstudio.com/_apis/clt/TestRuns?detailed=true",
   "requestHeaders": {
      "Cookie": "",
      "Accept": "application/json",
      "Accept-Language": "en-US",
      "User-Agent": "VSServices/12.0.21005.1 (devenv.exe ,Ultimate, SKU:17)",
      "X-TFS-FedAuthRedirect": "Suppress",
      "X-TFS-Session": "f15354a0-5013-49fe-9666-039dba045675",
      "X-VSS-Agent": "IDE:c72621ad0a06453b92b6e6255bcbfc7a",
      "Host": "af6f3429f-8f33-414e-af7a-79ec4c98ab3c.vsclt.visualstudio.com"
   },
   "statusCode": 200,
   "responseHeaders": {
      "cache-control": "no-cache",
      "pragma": "no-cache",
      "content-type": "application/json; charset=utf-8",
      "expires": "-1",
      "vary": "Accept-Encoding",
      "server": "Microsoft-IIS/8.0",
      "x-tfs-processid": "2eb4fb85-b4bb-4f90-9258-f7cf9c1af044",
      "activityid": "7d3b61c0-dc5e-0000-7bd5-577d5edcce01",
      "x-aspnet-version": "4.0.30319",
      "x-powered-by": "ASP.NET",
      "date": "Mon, 18 Nov 2013 10:22:28 GMT",
      "content-length": "3806"
   },
   "responseBody": [
        {"tenantId":"aeee0697-d734-43d7-956e-e662252c265c","id":"271d47eb-81a8-43d3-8a71-a480de1b5ccc","name":"LoadTest8.loadtest","createdDate":"2014-05-14T12:17:41.8009459Z","finishedDate":"2014-05-14T13:07:45.3374762Z","runSpecificDetails":{"duration":300,"virtualUserCount":25,"coreCount":1,"samplingInterval":15},"createdBy":{"id":"311f6b5f-8d9c-43d3-91db-bd6f6e978eaa","displayName":"dialogcompliantbd153a95-710a-4d43-a146-b5dc033039b4"},"state":"aborted","url":"https://fabrikam.vsclt.visualstudio.com/_apis/clt/TestRuns/271d47eb-81a8-43d3-8a71-a480de1b5ccc"}

   ]
}
