 {
   "method": "GET",
   "resourceFormat": "_apis/clt/TestRuns",
   "requestUrl": "https://fabrikam.vsclt.visualstudio.com/_apis/clt/TestRuns",
   "requestHeaders": {
      "Cookie": "",
      "Accept": "application/json",
      "Accept-Language": "en-US",
      "User-Agent": "VSServices/12.0.21005.1 (devenv.exe ,Ultimate, SKU:17)",
      "X-TFS-FedAuthRedirect": "Suppress",
      "X-TFS-Session": "f15354a0-5013-49fe-9666-039dba045675",
      "X-VSS-Agent": "IDE:c72621ad0a06453b92b6e6255bcbfc7a",
      "Host": "af6f3429f-8f33-414e-af7a-79ec4c98ab3c.vsclt.visualstudio.com"
   },
   "statusCode": 200,
   "responseHeaders": {
      "cache-control": "no-cache",
      "pragma": "no-cache",
      "content-type": "application/json; charset=utf-8",
      "expires": "-1",
      "vary": "Accept-Encoding",
      "server": "Microsoft-IIS/8.0",
      "x-tfs-processid": "2eb4fb85-b4bb-4f90-9258-f7cf9c1af044",
      "activityid": "7d3b61c0-dc5e-0000-7bd5-577d5edcce01",
      "x-aspnet-version": "4.0.30319",
      "x-powered-by": "ASP.NET",
      "date": "Mon, 18 Nov 2013 10:22:28 GMT",
      "content-length": "43"
   },
   "responseBody":{
       "count": 9,
       "value": [
       {"tenantId":"aeee0697-d734-43d7-956e-e662252c265c","id":"271d47eb-81a8-43d3-8a71-a480de1b5ccc","name":"LoadTest8.loadtest","createdDate":"2014-05-14T12:17:41.8009459Z","finishedDate":"2014-05-14T13:07:45.3374762Z","runSpecificDetails":{"duration":300,"virtualUserCount":25,"coreCount":1,"samplingInterval":15},"createdBy":{"id":"311f6b5f-8d9c-43d3-91db-bd6f6e978eaa","displayName":"dialogcompliantbd153a95-710a-4d43-a146-b5dc033039b4"},"state":"aborted","url":"https://fabrikam.vsclt.visualstudio.com/_apis/clt/TestRuns/271d47eb-81a8-43d3-8a71-a480de1b5ccc"},
       {"tenantId":"aeee0697-d734-43d7-956e-e662252c265c","id":"28fec23a-91f9-4983-8bc6-1d58cc1b79f1","name":"MultipleAutTestWithAPI.loadtest","createdDate":"2014-05-15T04:34:58.0690808Z","finishedDate":"2014-05-15T04:58:47.4253024Z","runSpecificDetails":{"duration":600,"warmUpDuration":30,"virtualUserCount":50,"coreCount":2,"samplingInterval":15},"createdBy":{"id":"311f6b5f-8d9c-43d3-91db-bd6f6e978eaa","displayName":"dialogcompliantbd153a95-710a-4d43-a146-b5dc033039b4"},"state":"completed","url":"https://fabrikam.vsclt.visualstudio.com/_apis/clt/TestRuns/28fec23a-91f9-4983-8bc6-1d58cc1b79f1"},
       {"tenantId":"aeee0697-d734-43d7-956e-e662252c265c","id":"3efaa761-4100-4a0e-b540-76e2bf28ca96","name":"LoadTest7.loadtest","createdDate":"2014-04-07T08:30:23.9960355Z","finishedDate":"2014-04-08T07:41:24.2359878Z","runSpecificDetails":{"duration":600,"virtualUserCount":25,"coreCount":1,"samplingInterval":15},"createdBy":{"id":"311f6b5f-8d9c-43d3-91db-bd6f6e978eaa","displayName":"dialogcompliantbd153a95-710a-4d43-a146-b5dc033039b4"},"state":"error","url":"https://fabrikam.vsclt.visualstudio.com/_apis/clt/TestRuns/3efaa761-4100-4a0e-b540-76e2bf28ca96"},
       {"tenantId":"aeee0697-d734-43d7-956e-e662252c265c","id":"42262245-4bec-4f1a-9c3d-9a2f29b85978","name":"MultipleAutTest.loadtest","createdDate":"2014-05-13T11:01:58.8594086Z","finishedDate":"2014-05-13T11:50:27.4071761Z","runSpecificDetails":{"duration":600,"warmUpDuration":30,"virtualUserCount":50,"coreCount":2,"samplingInterval":15},"createdBy":{"id":"311f6b5f-8d9c-43d3-91db-bd6f6e978eaa","displayName":"dialogcompliantbd153a95-710a-4d43-a146-b5dc033039b4"},"state":"aborted","url":"https://fabrikam.vsclt.visualstudio.com/_apis/clt/TestRuns/42262245-4bec-4f1a-9c3d-9a2f29b85978"},
       {"tenantId":"aeee0697-d734-43d7-956e-e662252c265c","id":"53c850e2-6e35-426e-996e-209d0c54ef15","name":"LoadTest7.loadtest","createdDate":"2014-04-08T08:02:15.0415045Z","finishedDate":"2014-04-08T08:16:40.9993146Z","runSpecificDetails":{"duration":600,"virtualUserCount":25,"coreCount":1,"samplingInterval":15},"createdBy":{"id":"311f6b5f-8d9c-43d3-91db-bd6f6e978eaa","displayName":"dialogcompliantbd153a95-710a-4d43-a146-b5dc033039b4"},"state":"completed","url":"https://fabrikam.vsclt.visualstudio.com/_apis/clt/TestRuns/53c850e2-6e35-426e-996e-209d0c54ef15"},
       {"tenantId":"aeee0697-d734-43d7-956e-e662252c265c","id":"5ad068f6-730f-49fd-a01c-3daf9699cb88","name":"MultipleAutTestWithAPI.loadtest","createdDate":"2014-05-14T05:08:14.2438993Z","finishedDate":"2014-05-14T09:10:03.6308026Z","runSpecificDetails":{"duration":600,"warmUpDuration":30,"virtualUserCount":50,"coreCount":2,"samplingInterval":15},"createdBy":{"id":"311f6b5f-8d9c-43d3-91db-bd6f6e978eaa","displayName":"dialogcompliantbd153a95-710a-4d43-a146-b5dc033039b4"},"state":"completed","url":"https://fabrikam.vsclt.visualstudio.com/_apis/clt/TestRuns/5ad068f6-730f-49fd-a01c-3daf9699cb88"},
       {"tenantId":"aeee0697-d734-43d7-956e-e662252c265c","id":"5cb6a0e7-85a0-4f0e-8fba-079c4634d838","name":"LoadTest1.loadtest","createdDate":"2014-03-26T07:45:24.3989786Z","finishedDate":"2014-03-26T07:53:41.9821876Z","runSpecificDetails":{"duration":300,"virtualUserCount":25,"coreCount":1,"samplingInterval":5},"createdBy":{"id":"311f6b5f-8d9c-43d3-91db-bd6f6e978eaa","displayName":"dialogcompliantbd153a95-710a-4d43-a146-b5dc033039b4"},"state":"completed","url":"https://fabrikam.vsclt.visualstudio.com/_apis/clt/TestRuns/5cb6a0e7-85a0-4f0e-8fba-079c4634d838"},
       {"tenantId":"aeee0697-d734-43d7-956e-e662252c265c","id":"6b3f71f9-e251-49c2-8948-c1ef7e6f75cd","name":"MultipleAutTestWithAPI.loadtest","createdDate":"2014-05-14T10:32:26.5406252Z","finishedDate":"2014-05-14T10:55:21.4858862Z","runSpecificDetails":{"duration":600,"warmUpDuration":30,"virtualUserCount":50,"coreCount":2,"samplingInterval":15},"createdBy":{"id":"311f6b5f-8d9c-43d3-91db-bd6f6e978eaa","displayName":"dialogcompliantbd153a95-710a-4d43-a146-b5dc033039b4"},"state":"completed","url":"https://fabrikam.vsclt.visualstudio.com/_apis/clt/TestRuns/6b3f71f9-e251-49c2-8948-c1ef7e6f75cd"},
       {"tenantId":"aeee0697-d734-43d7-956e-e662252c265c","id":"6e784516-6296-4b44-ab30-c9dc13ed23ea","name":"LoadTest7.loadtest","createdDate":"2014-04-07T07:59:48.6333108Z","finishedDate":"2014-04-07T08:00:46.2694534Z","runSpecificDetails":{"duration":600,"virtualUserCount":25,"coreCount":1,"samplingInterval":15},"createdBy":{"id":"311f6b5f-8d9c-43d3-91db-bd6f6e978eaa","displayName":"dialogcompliantbd153a95-710a-4d43-a146-b5dc033039b4"},"state":"aborted","url":"https://fabrikam.vsclt.visualstudio.com/_apis/clt/TestRuns/6e784516-6296-4b44-ab30-c9dc13ed23ea"}
   ]

   }
}

