{
   "method": "POST",
   "resourceFormat": "/_apis/clt/TestRuns/",
   "requestUrl": "https://fabrikam.vsclt.visualstudio.com/_apis/clt/TestRuns",
   "requestHeaders": {
      "Cookie": "",
      "Accept": "application/json",
      "Accept-Language": "en-US",
      "User-Agent": "VSServices/12.0.21005.1 (devenv.exe ,Ultimate, SKU:17)",
      "X-TFS-FedAuthRedirect": "Suppress",
      "X-TFS-Session": "f15354a0-5013-49fe-9666-039dba045675",
      "X-VSS-Agent": "IDE:c72621ad0a06453b92b6e6255bcbfc7a",
      "Host": "af6f3429f-8f33-414e-af7a-79ec4c98ab3c.vsclt.visualstudio.com",
	  "Content-Length": "751"
   },
   "requestBody": {
      "name":"IBuySpy.loadtest",
      "description":"nightly loadtest",
      "testSettings":{
          "cleanupCommand":"",
          "hostProcessPlatform":"x86",
          "setupCommand":""
      },
      "testDrop":{
          "id":"ed45ed32-dafb-4178-ba7e-ad25755348f8"
      }
   },
   "statusCode": 200,
   "responseHeaders": {
      "cache-control": "no-cache",
      "pragma": "no-cache",
      "content-type": "application/json; charset=utf-8",
      "expires": "-1",
      "vary": "Accept-Encoding",
      "server": "Microsoft-IIS/8.0",
      "x-tfs-processid": "2eb4fb85-b4bb-4f90-9258-f7cf9c1af044",
      "activityid": "7d3b61c0-dc5e-0000-7bd5-577d5edcce01",
      "x-aspnet-version": "4.0.30319",
      "x-powered-by": "ASP.NET",
      "date": "Mon, 18 Nov 2013 10:22:28 GMT",
      "content-length": "1609"
   },
   "responseBody": {
       "id":"a5e0d4b9-d387-4b3e-9566-163da9c39b67",
       "name":"IBuySpy.loadtest",
       "createdDate":"2014-06-23T06:13:38.0965365Z",
       "state":"pending",
       "subState":"none",
       "testSettings":{
           "cleanupCommand":"",
           "hostProcessPlatform": "x86",
           "setupCommand":""
       },
       "testDrop":{
           "id":"ed45ed32-dafb-4178-ba7e-ad25755348f8",
           "url":"https://fabrikam.vsclt.visualstudio.com/_apis/clt/TestDrops/ed45ed32-dafb-4178-ba7e-ad25755348f8"
       },
       "runSpecificDetails":{
           "duration":180,
           "virtualUserCount":250,
           "samplingInterval":15
       },
       "createdBy":{
           "id":"76cabfe4-0e20-4f5b-862e-9693a68232f1",
           "displayName":"clttester@live.com"
       },
       "url":"https://fabrikam.vsclt.visualstudio.com/_apis/clt/TestRuns/a5e0d4b9-d387-4b3e-9566-163da9c39b67"
   }
}
