{
   "method": "GET",
   "resourceFormat": "/wit/workitems/{taskId}/history",
   "requestUrl": "https://fabrikam-fiber-inc.visualstudio.com/DefaultCollection/_apis/wit/workitems/299/history?api-version=1.0",
   "requestHeaders": {
      "Accept": "application/json"
   },
   "statusCode": 200,
   "responseHeaders": {
      "cache-control": "no-cache",
      "pragma": "no-cache",
      "content-type": "application/json; charset=utf-8; api-version=1.0",
      "expires": "-1",
      "server": "Microsoft-IIS/8.5",
      "x-tfs-processid": "79c99f53-1127-4a7d-848b-a49f5155acac",
      "strict-transport-security": "max-age=31536000; includeSubDomains",
      "x-frame-options": "SAMEORIGIN",
      "set-cookie": [
         "Tfs-SessionId=7066e0f8-1bcc-0004-e520-db70cc1bd001; path=/; secure",
         "Tfs-SessionActive=2014-12-29T20:49:33; path=/; secure"
      ],
      "x-vss-userdata": "d291b0c4-a05c-4ea6-8df1-4b41d5f39eff:fabrikamfiber4@hotmail.com",
      "activityid": "4d43d1aa-1bcc-0004-602f-ad4dcc1bd001",
      "x-aspnet-version": "4.0.30319",
      "x-powered-by": "ASP.NET",
      "p3p": "CP=\"CAO DSP COR ADMa DEV CONo TELo CUR PSA PSD TAI IVDo OUR SAMi BUS DEM NAV STA UNI COM INT PHY ONL FIN PUR LOC CNT\"",
      "x-content-type-options": "nosniff",
      "date": "Mon, 29 Dec 2014 20:49:32 GMT",
      "content-length": "2130"
   },
   "responseBody": {
      "count": 5,
      "value": [
         {
            "rev": 1,
            "value": "Jim has the most context around this.",
            "revisedBy": {
               "id": "d291b0c4-a05c-4ea6-8df1-4b41d5f39eff",
               "name": "Jamal Hartnett <fabrikamfiber4@hotmail.com>",
               "url": "https://fabrikam-fiber-inc.vssps.visualstudio.com/_apis/Identities/d291b0c4-a05c-4ea6-8df1-4b41d5f39eff"
            },
            "revisedDate": "2014-12-29T20:49:23.933Z",
            "url": "https://fabrikam-fiber-inc.visualstudio.com/DefaultCollection/_apis/wit/workItems/299/history/1"
         },
         {
            "rev": 2,
            "value": "Moving to the right area path",
            "revisedBy": {
               "id": "d291b0c4-a05c-4ea6-8df1-4b41d5f39eff",
               "name": "Jamal Hartnett <fabrikamfiber4@hotmail.com>",
               "url": "https://fabrikam-fiber-inc.vssps.visualstudio.com/_apis/Identities/d291b0c4-a05c-4ea6-8df1-4b41d5f39eff"
            },
            "revisedDate": "2014-12-29T20:49:24.67Z",
            "url": "https://fabrikam-fiber-inc.visualstudio.com/DefaultCollection/_apis/wit/workItems/299/history/2"
         },
         {
            "rev": 3,
            "value": "Johnnie is going to take this work over.",
            "revisedBy": {
               "id": "d291b0c4-a05c-4ea6-8df1-4b41d5f39eff",
               "name": "Jamal Hartnett <fabrikamfiber4@hotmail.com>",
               "url": "https://fabrikam-fiber-inc.vssps.visualstudio.com/_apis/Identities/d291b0c4-a05c-4ea6-8df1-4b41d5f39eff"
            },
            "revisedDate": "2014-12-29T20:49:26.99Z",
            "url": "https://fabrikam-fiber-inc.visualstudio.com/DefaultCollection/_apis/wit/workItems/299/history/3"
         },
         {
            "rev": 4,
            "value": "Adding the necessary spec",
            "revisedBy": {
               "id": "d291b0c4-a05c-4ea6-8df1-4b41d5f39eff",
               "name": "Jamal Hartnett <fabrikamfiber4@hotmail.com>",
               "url": "https://fabrikam-fiber-inc.vssps.visualstudio.com/_apis/Identities/d291b0c4-a05c-4ea6-8df1-4b41d5f39eff"
            },
            "revisedDate": "2014-12-29T20:49:27.48Z",
            "url": "https://fabrikam-fiber-inc.visualstudio.com/DefaultCollection/_apis/wit/workItems/299/history/4"
         },
         {
            "rev": 6,
            "value": "Linking to a blog article for context",
            "revisedBy": {
               "id": "d291b0c4-a05c-4ea6-8df1-4b41d5f39eff",
               "name": "Jamal Hartnett <fabrikamfiber4@hotmail.com>",
               "url": "https://fabrikam-fiber-inc.vssps.visualstudio.com/_apis/Identities/d291b0c4-a05c-4ea6-8df1-4b41d5f39eff"
            },
            "revisedDate": "2014-12-29T20:49:28.74Z",
            "url": "https://fabrikam-fiber-inc.visualstudio.com/DefaultCollection/_apis/wit/workItems/299/history/6"
         }
      ]
   }
}