{
   "method": "GET",
   "resourceFormat": "/wit/workitems/{taskId}/updates/4",
   "requestUrl": "https://fabrikam-fiber-inc.visualstudio.com/DefaultCollection/_apis/wit/workitems/299/updates/4?api-version=1.0",
   "requestHeaders": {
      "Accept": "application/json"
   },
   "statusCode": 200,
   "responseHeaders": {
      "cache-control": "no-cache",
      "pragma": "no-cache",
      "content-type": "application/json; charset=utf-8; api-version=1.0",
      "expires": "-1",
      "server": "Microsoft-IIS/8.5",
      "x-tfs-processid": "4870e331-ec0a-41bd-93b8-79edbee21aa4",
      "strict-transport-security": "max-age=31536000; includeSubDomains",
      "x-frame-options": "SAMEORIGIN",
      "set-cookie": [
         "Tfs-SessionId=7066e0f8-1bcc-0004-e520-db70cc1bd001; path=/; secure",
         "Tfs-SessionActive=2014-12-29T20:49:31; path=/; secure"
      ],
      "x-vss-userdata": "d291b0c4-a05c-4ea6-8df1-4b41d5f39eff:fabrikamfiber4@hotmail.com",
      "activityid": "4fb481b4-1bcc-0001-e644-3850cc1bd001",
      "x-aspnet-version": "4.0.30319",
      "x-powered-by": "ASP.NET",
      "p3p": "CP=\"CAO DSP COR ADMa DEV CONo TELo CUR PSA PSD TAI IVDo OUR SAMi BUS DEM NAV STA UNI COM INT PHY ONL FIN PUR LOC CNT\"",
      "x-content-type-options": "nosniff",
      "date": "Mon, 29 Dec 2014 20:49:30 GMT",
      "content-length": "628"
   },
   "responseBody": {
      "id": 4,
      "rev": 3,
      "revisedBy": {
         "id": "d291b0c4-a05c-4ea6-8df1-4b41d5f39eff",
         "name": "Jamal Hartnett <fabrikamfiber4@hotmail.com>",
         "url": "https://fabrikam-fiber-inc.vssps.visualstudio.com/_apis/Identities/d291b0c4-a05c-4ea6-8df1-4b41d5f39eff"
      },
      "revisedDate": "2014-12-29T20:49:25.623Z",
      "relations": {
         "added": [
            {
               "rel": "System.LinkTypes.Dependency-Forward",
               "url": "https://fabrikam-fiber-inc.visualstudio.com/DefaultCollection/_apis/wit/workItems/300",
               "attributes": {
                  "isLocked": false,
                  "comment": "Adding traceability to dependencies"
               }
            }
         ]
      },
      "url": "https://fabrikam-fiber-inc.visualstudio.com/DefaultCollection/_apis/wit/workItems/299/updates/4"
   }
}