{
   "method": "GET",
   "resourceFormat": "/wit/workitems/{taskId}/updates?$skip=1&$top=2",
   "requestUrl": "https://fabrikam-fiber-inc.visualstudio.com/DefaultCollection/_apis/wit/workitems/299/updates?$skip=1&$top=2&api-version=1.0",
   "requestHeaders": {
      "Accept": "application/json"
   },
   "statusCode": 200,
   "responseHeaders": {
      "cache-control": "no-cache",
      "pragma": "no-cache",
      "content-type": "application/json; charset=utf-8; api-version=1.0",
      "expires": "-1",
      "server": "Microsoft-IIS/8.5",
      "x-tfs-processid": "4870e331-ec0a-41bd-93b8-79edbee21aa4",
      "strict-transport-security": "max-age=31536000; includeSubDomains",
      "x-frame-options": "SAMEORIGIN",
      "set-cookie": [
         "Tfs-SessionId=7066e0f8-1bcc-0004-e520-db70cc1bd001; path=/; secure",
         "Tfs-SessionActive=2014-12-29T20:49:30; path=/; secure"
      ],
      "x-vss-userdata": "d291b0c4-a05c-4ea6-8df1-4b41d5f39eff:fabrikamfiber4@hotmail.com",
      "activityid": "4fb481b4-1bcc-0001-e044-3850cc1bd001",
      "x-aspnet-version": "4.0.30319",
      "x-powered-by": "ASP.NET",
      "p3p": "CP=\"CAO DSP COR ADMa DEV CONo TELo CUR PSA PSD TAI IVDo OUR SAMi BUS DEM NAV STA UNI COM INT PHY ONL FIN PUR LOC CNT\"",
      "x-content-type-options": "nosniff",
      "date": "Mon, 29 Dec 2014 20:49:29 GMT",
      "content-length": "2374"
   },
   "responseBody": {
      "count": 2,
      "value": [
         {
            "id": 2,
            "rev": 2,
            "revisedBy": {
               "id": "d291b0c4-a05c-4ea6-8df1-4b41d5f39eff",
               "name": "Jamal Hartnett <fabrikamfiber4@hotmail.com>",
               "url": "https://fabrikam-fiber-inc.vssps.visualstudio.com/_apis/Identities/d291b0c4-a05c-4ea6-8df1-4b41d5f39eff"
            },
            "revisedDate": "2014-12-29T20:49:24.67Z",
            "fields": {
               "System.AreaId": {
                  "oldValue": 3570,
                  "newValue": 4486
               },
               "System.AreaPath": {
                  "oldValue": "Fabrikam-Fiber-Git",
                  "newValue": "Fabrikam-Fiber-Git\\Website"
               },
               "System.NodeName": {
                  "oldValue": "Fabrikam-Fiber-Git",
                  "newValue": "Website"
               },
               "System.AreaLevel2": {
                  "newValue": "Website"
               },
               "System.Rev": {
                  "oldValue": 1,
                  "newValue": 2
               },
               "System.AuthorizedDate": {
                  "oldValue": "2014-12-29T20:49:21.617Z",
                  "newValue": "2014-12-29T20:49:23.933Z"
               },
               "System.RevisedDate": {
                  "oldValue": "2014-12-29T20:49:23.933Z",
                  "newValue": "2014-12-29T20:49:24.67Z"
               },
               "System.ChangedDate": {
                  "oldValue": "2014-12-29T20:49:21.617Z",
                  "newValue": "2014-12-29T20:49:23.933Z"
               },
               "System.Watermark": {
                  "oldValue": 609,
                  "newValue": 611
               },
               "System.History": {
                  "oldValue": "Jim has the most context around this.",
                  "newValue": "Moving to the right area path"
               }
            },
            "url": "https://fabrikam-fiber-inc.visualstudio.com/DefaultCollection/_apis/wit/workItems/299/updates/2"
         },
         {
            "id": 3,
            "rev": 3,
            "revisedBy": {
               "id": "d291b0c4-a05c-4ea6-8df1-4b41d5f39eff",
               "name": "Jamal Hartnett <fabrikamfiber4@hotmail.com>",
               "url": "https://fabrikam-fiber-inc.vssps.visualstudio.com/_apis/Identities/d291b0c4-a05c-4ea6-8df1-4b41d5f39eff"
            },
            "revisedDate": "2014-12-29T20:49:26.99Z",
            "fields": {
               "System.Rev": {
                  "oldValue": 2,
                  "newValue": 3
               },
               "System.AuthorizedDate": {
                  "oldValue": "2014-12-29T20:49:23.933Z",
                  "newValue": "2014-12-29T20:49:24.67Z"
               },
               "System.RevisedDate": {
                  "oldValue": "2014-12-29T20:49:24.67Z",
                  "newValue": "2014-12-29T20:49:26.99Z"
               },
               "System.AssignedTo": {
                  "newValue": "Johnnie McLeod <fabrikamfiber2@hotmail.com>"
               },
               "System.ChangedDate": {
                  "oldValue": "2014-12-29T20:49:23.933Z",
                  "newValue": "2014-12-29T20:49:24.67Z"
               },
               "System.Watermark": {
                  "oldValue": 611,
                  "newValue": 612
               },
               "System.History": {
                  "oldValue": "Moving to the right area path",
                  "newValue": "Johnnie is going to take this work over."
               }
            },
            "relations": {
               "added": [
                  {
                     "rel": "System.LinkTypes.Related",
                     "url": "https://fabrikam-fiber-inc.visualstudio.com/DefaultCollection/_apis/wit/workItems/300",
                     "attributes": {
                        "isLocked": false,
                        "comment": "adding another task"
                     }
                  }
               ]
            },
            "url": "https://fabrikam-fiber-inc.visualstudio.com/DefaultCollection/_apis/wit/workItems/299/updates/3"
         }
      ]
   }
}