{
   "method": "GET",
   "resourceFormat": "/tfvc/branches/{deleted}?includeDeleted=true",
   "requestUrl": "https://Fabrikam-Fiber-inc.VisualStudio.com/DefaultCollection/_apis/tfvc/branches/$/Fabrikam-Fiber-TFVC/MyBranch?includeDeleted=true&api-version=1.0-preview.1",
    "requestHeaders": {       "Content-Type": "application/json"    },
   "statusCode": 200,
   "responseHeaders": {
      "cache-control": "no-cache",
      "pragma": "no-cache",
      "content-type": "application/json; charset=utf-8",
      "expires": "-1",
      "server": "Microsoft-IIS/8.5",
      "x-tfs-processid": "72b63861-4d4f-4186-a7db-db4aaa670504",
      "x-frame-options": "SAMEORIGIN",
      "activityid": "82410878-44ac-0000-acbc-0084ac44cf01",
      "x-aspnet-version": "4.0.30319",
      "x-powered-by": "ASP.NET",
      "p3p": "CP=\"CAO DSP COR ADMa DEV CONo TELo CUR PSA PSD TAI IVDo OUR SAMi BUS DEM NAV STA UNI COM INT PHY ONL FIN PUR LOC CNT\"",
      "x-content-type-options": "nosniff",
      "date": "Mon, 24 Mar 2014 18:11:01 GMT",
      "content-length": "367"
   },
   "responseBody": {
      "path": "$/Fabrikam-Fiber-TFVC/MyBranch",
      "description": "Branched from $/Fabrikam-Fiber-TFVC/AuthSample",
      "owner": {
         "id": "8c8c7d32-6b1b-47f4-b2e9-30b477b5ab3d",
         "displayName": "Chuck Reinhart",
         "uniqueName": "fabrikamfiber3@hotmail.com"
      },
      "createdDate": "2014-03-24T16:44:13.277Z",
      "isDeleted": true,
      "relatedBranches": [
         {
            "path": "$/Fabrikam-Fiber-TFVC/AuthSample"
         }
      ],
      "mappings": []
   }
}