{
   "method": "GET",
   "resourceFormat": "/tfvc/branches/{path}?includeChildren=true",
   "requestUrl": "https://fabrikam-fiber-inc.visualstudio.com/DefaultCollection/_apis/tfvc/branches/$/Fabrikam-Fiber-TFVC/AuthSample-Dev?includeChildren=true&api-version=1.0-preview.1",
   "requestHeaders": {
      "Accept": "application/json"
   },
   "statusCode": 200,
   "responseHeaders": {
      "cache-control": "no-cache",
      "pragma": "no-cache",
      "content-type": "application/json; charset=utf-8; api-version=1.0-preview.1",
      "expires": "-1",
      "server": "Microsoft-IIS/8.5",
      "x-tfs-processid": "06f9aaf2-8a6f-48a4-8d9b-0cc56cbe9fc3",
      "strict-transport-security": "max-age=31536000; includeSubDomains",
      "x-frame-options": "SAMEORIGIN",
      "set-cookie": [
         "Tfs-SessionId=75c99434-e1c7-0000-e376-d075c7e1cf01; path=/; secure",
         "Tfs-SessionActive=2014-10-07T22:19:14; path=/; secure"
      ],
      "x-vss-userdata": "8c8c7d32-6b1b-47f4-b2e9-30b477b5ab3d:fabrikamfiber3@hotmail.com",
      "activityid": "78bd40c1-e1c7-0006-c078-bf78c7e1cf01",
      "x-aspnet-version": "4.0.30319",
      "x-powered-by": "ASP.NET",
      "p3p": "CP=\"CAO DSP COR ADMa DEV CONo TELo CUR PSA PSD TAI IVDo OUR SAMi BUS DEM NAV STA UNI COM INT PHY ONL FIN PUR LOC CNT\"",
      "x-content-type-options": "nosniff",
      "date": "Tue, 07 Oct 2014 22:19:14 GMT",
      "content-length": "1680"
   },
   "responseBody": {
      "_links": {
         "self": {
            "href": "https://fabrikam-fiber-inc.visualstudio.com/DefaultCollection/_apis/tfvc/branches/%24/Fabrikam-Fiber-TFVC/AuthSample-Dev"
         },
         "childBranches": {
            "href": "https://fabrikam-fiber-inc.visualstudio.com/DefaultCollection/_apis/tfvc/branches/%24/Fabrikam-Fiber-TFVC/AuthSample%2bSpecial"
         },
         "owner": {
            "href": "https://fabrikam-fiber-inc.vssps.visualstudio.com/_apis/Identities/8c8c7d32-6b1b-47f4-b2e9-30b477b5ab3d"
         }
      },
      "path": "$/Fabrikam-Fiber-TFVC/AuthSample-dev",
      "description": "",
      "owner": {
         "id": "8c8c7d32-6b1b-47f4-b2e9-30b477b5ab3d",
         "displayName": "Chuck Reinhart",
         "uniqueName": "fabrikamfiber3@hotmail.com",
         "url": "https://fabrikam-fiber-inc.vssps.visualstudio.com/_apis/Identities/8c8c7d32-6b1b-47f4-b2e9-30b477b5ab3d",
         "imageUrl": "https://fabrikam-fiber-inc.visualstudio.com/DefaultCollection/_api/_common/identityImage?id=8c8c7d32-6b1b-47f4-b2e9-30b477b5ab3d"
      },
      "createdDate": "2014-03-24T16:46:48.253Z",
      "url": "https://fabrikam-fiber-inc.visualstudio.com/DefaultCollection/_apis/tfvc/branches/%24/Fabrikam-Fiber-TFVC/AuthSample-Dev",
      "relatedBranches": [],
      "mappings": [],
      "children": [
         {
            "path": "$/Fabrikam-Fiber-TFVC/AuthSample+Special",
            "description": "Branched from $/Fabrikam-Fiber-TFVC/AuthSample-dev",
            "owner": {
               "id": "8c8c7d32-6b1b-47f4-b2e9-30b477b5ab3d",
               "displayName": "Chuck Reinhart",
               "uniqueName": "fabrikamfiber3@hotmail.com",
               "url": "https://fabrikam-fiber-inc.vssps.visualstudio.com/_apis/Identities/8c8c7d32-6b1b-47f4-b2e9-30b477b5ab3d",
               "imageUrl": "https://fabrikam-fiber-inc.visualstudio.com/DefaultCollection/_api/_common/identityImage?id=8c8c7d32-6b1b-47f4-b2e9-30b477b5ab3d"
            },
            "createdDate": "2014-03-24T16:52:10.407Z",
            "relatedBranches": [],
            "mappings": [],
            "children": []
         }
      ]
   }
}