{
   "method": "GET",
   "resourceFormat": "/tfvc/branches?includeChildren=true",
   "requestUrl": "https://fabrikam-fiber-inc.visualstudio.com/DefaultCollection/_apis/tfvc/branches?includeChildren=true&api-version=1.0-preview.1",
   "requestHeaders": {
      "Accept": "application/json"
   },
   "statusCode": 200,
   "responseHeaders": {
      "cache-control": "no-cache",
      "pragma": "no-cache",
      "content-type": "application/json; charset=utf-8; api-version=1.0-preview.1",
      "expires": "-1",
      "server": "Microsoft-IIS/8.5",
      "x-tfs-processid": "ee139229-d751-41b1-b4a0-5a648edc5e33",
      "strict-transport-security": "max-age=31536000; includeSubDomains",
      "x-frame-options": "SAMEORIGIN",
      "set-cookie": [
         "Tfs-SessionId=75c99434-e1c7-0000-e376-d075c7e1cf01; path=/; secure",
         "Tfs-SessionActive=2014-10-07T22:19:15; path=/; secure"
      ],
      "x-vss-userdata": "8c8c7d32-6b1b-47f4-b2e9-30b477b5ab3d:fabrikamfiber3@hotmail.com",
      "activityid": "8bd98892-e1c7-0005-b0ac-dd8bc7e1cf01",
      "x-aspnet-version": "4.0.30319",
      "x-powered-by": "ASP.NET",
      "p3p": "CP=\"CAO DSP COR ADMa DEV CONo TELo CUR PSA PSD TAI IVDo OUR SAMi BUS DEM NAV STA UNI COM INT PHY ONL FIN PUR LOC CNT\"",
      "x-content-type-options": "nosniff",
      "date": "Tue, 07 Oct 2014 22:19:15 GMT",
      "content-length": "2048"
   },
   "responseBody": {
      "count": 1,
      "value": [
         {
            "path": "$/Fabrikam-Fiber-TFVC/AuthSample",
            "owner": {
               "id": "8c8c7d32-6b1b-47f4-b2e9-30b477b5ab3d",
               "displayName": "Chuck Reinhart",
               "uniqueName": "fabrikamfiber3@hotmail.com",
               "url": "https://fabrikam-fiber-inc.vssps.visualstudio.com/_apis/Identities/8c8c7d32-6b1b-47f4-b2e9-30b477b5ab3d",
               "imageUrl": "https://fabrikam-fiber-inc.visualstudio.com/DefaultCollection/_api/_common/identityImage?id=8c8c7d32-6b1b-47f4-b2e9-30b477b5ab3d"
            },
            "createdDate": "2014-03-24T16:25:17.39Z",
            "url": "https://fabrikam-fiber-inc.visualstudio.com/DefaultCollection/_apis/tfvc/branches/%24/Fabrikam-Fiber-TFVC/AuthSample",
            "relatedBranches": [],
            "mappings": [],
            "children": [
               {
                  "path": "$/Fabrikam-Fiber-TFVC/AuthSample-dev",
                  "description": "",
                  "owner": {
                     "id": "8c8c7d32-6b1b-47f4-b2e9-30b477b5ab3d",
                     "displayName": "Chuck Reinhart",
                     "uniqueName": "fabrikamfiber3@hotmail.com",
                     "url": "https://fabrikam-fiber-inc.vssps.visualstudio.com/_apis/Identities/8c8c7d32-6b1b-47f4-b2e9-30b477b5ab3d",
                     "imageUrl": "https://fabrikam-fiber-inc.visualstudio.com/DefaultCollection/_api/_common/identityImage?id=8c8c7d32-6b1b-47f4-b2e9-30b477b5ab3d"
                  },
                  "createdDate": "2014-03-24T16:46:48.253Z",
                  "url": "https://fabrikam-fiber-inc.visualstudio.com/DefaultCollection/_apis/tfvc/branches/%24/Fabrikam-Fiber-TFVC/AuthSample-dev",
                  "relatedBranches": [],
                  "mappings": [],
                  "children": [
                     {
                        "path": "$/Fabrikam-Fiber-TFVC/AuthSample+Special",
                        "description": "Branched from $/Fabrikam-Fiber-TFVC/AuthSample-dev",
                        "owner": {
                           "id": "8c8c7d32-6b1b-47f4-b2e9-30b477b5ab3d",
                           "displayName": "Chuck Reinhart",
                           "uniqueName": "fabrikamfiber3@hotmail.com",
                           "url": "https://fabrikam-fiber-inc.vssps.visualstudio.com/_apis/Identities/8c8c7d32-6b1b-47f4-b2e9-30b477b5ab3d",
                           "imageUrl": "https://fabrikam-fiber-inc.visualstudio.com/DefaultCollection/_api/_common/identityImage?id=8c8c7d32-6b1b-47f4-b2e9-30b477b5ab3d"
                        },
                        "createdDate": "2014-03-24T16:52:10.407Z",
                        "url": "https://fabrikam-fiber-inc.visualstudio.com/DefaultCollection/_apis/tfvc/branches/%24/Fabrikam-Fiber-TFVC/AuthSample%2bSpecial",
                        "relatedBranches": [],
                        "mappings": [],
                        "children": []
                     }
                  ]
               }
            ]
         }
      ]
   }
}