{
   "method": "GET",
   "resourceFormat": "/tfvc/branches/{path}?includeParent=true",
   "requestUrl": "https://Fabrikam-Fiber-inc.VisualStudio.com/DefaultCollection/_apis/tfvc/branches/$/Fabrikam-Fiber-TFVC/AuthSample-Dev?includeParent=true&api-version=1.0-preview.1",
    "requestHeaders": {       "Content-Type": "application/json"    },
   "statusCode": 200,
   "responseHeaders": {
      "cache-control": "no-cache",
      "pragma": "no-cache",
      "content-type": "application/json; charset=utf-8",
      "expires": "-1",
      "server": "Microsoft-IIS/8.5",
      "x-tfs-processid": "ac934fa7-ea16-48ee-a5a1-e18e83b51c7e",
      "x-frame-options": "SAMEORIGIN",
      "activityid": "7d87fe2f-44ac-0004-2fd2-637fac44cf01",
      "x-aspnet-version": "4.0.30319",
      "x-powered-by": "ASP.NET",
      "p3p": "CP=\"CAO DSP COR ADMa DEV CONo TELo CUR PSA PSD TAI IVDo OUR SAMi BUS DEM NAV STA UNI COM INT PHY ONL FIN PUR LOC CNT\"",
      "x-content-type-options": "nosniff",
      "date": "Mon, 24 Mar 2014 18:10:41 GMT",
      "content-length": "320"
   },
   "responseBody": {
      "path": "$/Fabrikam-Fiber-TFVC/AuthSample-dev",
      "description": "",
      "owner": {
         "id": "8c8c7d32-6b1b-47f4-b2e9-30b477b5ab3d",
         "displayName": "Chuck Reinhart",
         "uniqueName": "fabrikamfiber3@hotmail.com"
      },
      "createdDate": "2014-03-24T16:46:48.253Z",
      "parent": {
         "path": "$/Fabrikam-Fiber-TFVC/AuthSample"
      },
      "relatedBranches": [],
      "mappings": []
   }
}