{
   "method": "GET",
   "resourceFormat": "/git/repositories/{repoId}/items",
   "requestUrl": "http://localhost:8080/tfs/DefaultCollection/_apis/git/repositories/18b70da6-63c5-4767-a77d-7847538e05f1/items",
   "requestHeaders": {
      "Accept": "application/json"
   },
   "statusCode": 200,
   "responseHeaders": {
      "cache-control": "no-cache",
      "pragma": "no-cache",
      "content-type": "application/json; charset=utf-8",
      "expires": "-1",
      "server": "Microsoft-IIS/8.0",
      "x-tfs-processid": "153d83da-c346-4390-9c21-db1ab2b732e6",
      "x-frame-options": "SAMEORIGIN",
      "activityid": "453dd818-6c28-0000-bae4-3d45286cce01",
      "x-aspnet-version": "4.0.30319",
      "x-powered-by": "ASP.NET",
      "p3p": "CP=\"CAO DSP COR ADMa DEV CONo TELo CUR PSA PSD TAI IVDo OUR SAMi BUS DEM NAV STA UNI COM INT PHY ONL FIN PUR LOC CNT\"",
      "x-content-type-options": "nosniff",
      "date": "Tue, 18 Jun 2013 15:53:08 GMT",
      "content-length": "675"
   },
   "responseBody": {
      "count": 1,
      "value": [
         {
            "objectId": "38917574265fe21e3df576166d5a4f37ea6104f4",
            "gitObjectType": "tree",
            "commitId": "0508e35930ea2b6fc54505bf88a0c669995005db",
            "path": "/",
            "isFolder": true
         }
      ]
   }
}