{
   "method": "GET",
   "resourceFormat": "/projectCollections/{collectionId}?$top={top}&$skip={skip}",
   "requestUrl": "https://fabrikam-fiber-inc.visualstudio.com/DefaultCollection/_apis/projectCollections/d81542e4-cdfa-4333-b082-1ae2d6c3ad16?$top=2&$skip=1&api-version=1.0-preview.2",
   "requestHeaders": {
      "Accept": "application/json"
   },
   "statusCode": 200,
   "responseHeaders": {
      "cache-control": "no-cache",
      "pragma": "no-cache",
      "content-type": "application/json; charset=utf-8; api-version=1.0",
      "expires": "-1",
      "server": "Microsoft-IIS/8.5",
      "x-tfs-processid": "f1fe12f3-e5ed-48f3-80b2-11fd27ac156d",
      "strict-transport-security": "max-age=31536000; includeSubDomains",
      "set-cookie": [
         "Tfs-SessionId=33bbf347-ef1d-0004-51bf-cd331defcf01; path=/; secure",
         "Tfs-SessionActive=2014-10-27T16:03:07; path=/; secure"
      ],
      "x-frame-options": "SAMEORIGIN",
      "x-vss-userdata": "d6245f20-2af8-44f4-9451-8107cb2767db:fabrikamfiber16@hotmail.com",
      "activityid": "3029a255-ef1d-0001-80d8-49301defcf01",
      "x-aspnet-version": "4.0.30319",
      "x-powered-by": "ASP.NET",
      "p3p": "CP=\"CAO DSP COR ADMa DEV CONo TELo CUR PSA PSD TAI IVDo OUR SAMi BUS DEM NAV STA UNI COM INT PHY ONL FIN PUR LOC CNT\"",
      "x-content-type-options": "nosniff",
      "date": "Mon, 27 Oct 2014 16:03:06 GMT",
      "content-length": "418"
   },
   "responseBody": {
      "id": "d81542e4-cdfa-4333-b082-1ae2d6c3ad16",
      "name": "DefaultCollection",
      "url": "https://fabrikam-fiber-inc.visualstudio.com/_apis/projectCollections/d81542e4-cdfa-4333-b082-1ae2d6c3ad16",
      "state": "Started",
      "_links": {
         "self": {
            "href": "https://fabrikam-fiber-inc.visualstudio.com/_apis/projectCollections/d81542e4-cdfa-4333-b082-1ae2d6c3ad16"
         },
         "web": {
            "href": "https://fabrikam-fiber-inc.visualstudio.com/DefaultCollection"
         }
      }
   }
}