{
   "method": "GET",
   "resourceFormat": "/git/repositories/{repositoryId}/pushes?pusherId={pusherId}",
   "requestUrl": "https://fabrikam-fiber-inc.visualstudio.com/DefaultCollection/_apis/git/repositories/278d5cd2-584d-4b63-824a-2ba458937249/pushes?pusherId=d6245f20-2af8-44f4-9451-8107cb2767db&api-version=1.0",
   "requestHeaders": {
      "Accept": "application/json"
   },
   "statusCode": 200,
   "responseHeaders": {
      "cache-control": "no-cache",
      "pragma": "no-cache",
      "content-type": "application/json; charset=utf-8; api-version=1.0",
      "expires": "-1",
      "server": "Microsoft-IIS/8.5",
      "x-tfs-processid": "c6d2b449-120f-4bb7-a3c3-809ad144d2f5",
      "strict-transport-security": "max-age=31536000; includeSubDomains",
      "x-frame-options": "SAMEORIGIN",
      "set-cookie": [
         "Tfs-SessionId=5cd7beb3-f22e-0004-4fdc-d85c2ef2cf01; path=/; secure",
         "Tfs-SessionActive=2014-10-28T02:01:30; path=/; secure"
      ],
      "x-vss-userdata": "d6245f20-2af8-44f4-9451-8107cb2767db:fabrikamfiber16@hotmail.com",
      "activityid": "e1db558c-f22e-0006-57a4-dbe12ef2cf01",
      "x-aspnet-version": "4.0.30319",
      "x-powered-by": "ASP.NET",
      "p3p": "CP=\"CAO DSP COR ADMa DEV CONo TELo CUR PSA PSD TAI IVDo OUR SAMi BUS DEM NAV STA UNI COM INT PHY ONL FIN PUR LOC CNT\"",
      "x-content-type-options": "nosniff",
      "date": "Tue, 28 Oct 2014 02:01:30 GMT",
      "content-length": "3486"
   },
   "responseBody": {
      "count": 3,
      "value": [
         {
            "repository": {
               "id": "278d5cd2-584d-4b63-824a-2ba458937249",
               "name": "Fabrikam-Fiber-Git",
               "url": "https://fabrikam-fiber-inc.visualstudio.com/DefaultCollection/_apis/git/repositories/278d5cd2-584d-4b63-824a-2ba458937249",
               "project": {
                  "id": "6ce954b1-ce1f-45d1-b94d-e6bf2464ba2c",
                  "name": "Fabrikam-Fiber-Git",
                  "url": "https://fabrikam-fiber-inc.visualstudio.com/DefaultCollection/_apis/projects/6ce954b1-ce1f-45d1-b94d-e6bf2464ba2c",
                  "state": "wellFormed"
               },
               "defaultBranch": "refs/heads/master",
               "remoteUrl": "https://fabrikam-fiber-inc.visualstudio.com/DefaultCollection/_git/Fabrikam-Fiber-Git"
            },
            "pushedBy": {
               "id": "d6245f20-2af8-44f4-9451-8107cb2767db",
               "displayName": "Normal Paulk",
               "uniqueName": "fabrikamfiber16@hotmail.com",
               "url": "https://fabrikam-fiber-inc.vssps.visualstudio.com/_apis/Identities/d6245f20-2af8-44f4-9451-8107cb2767db",
               "imageUrl": "https://fabrikam-fiber-inc.visualstudio.com/DefaultCollection/_api/_common/identityImage?id=d6245f20-2af8-44f4-9451-8107cb2767db"
            },
            "pushId": 23,
            "date": "2014-06-30T18:11:18.0929091Z",
            "url": "https://fabrikam-fiber-inc.visualstudio.com/DefaultCollection/_apis/git/repositories/278d5cd2-584d-4b63-824a-2ba458937249/pushes/23"
         },
         {
            "repository": {
               "id": "278d5cd2-584d-4b63-824a-2ba458937249",
               "name": "Fabrikam-Fiber-Git",
               "url": "https://fabrikam-fiber-inc.visualstudio.com/DefaultCollection/_apis/git/repositories/278d5cd2-584d-4b63-824a-2ba458937249",
               "project": {
                  "id": "6ce954b1-ce1f-45d1-b94d-e6bf2464ba2c",
                  "name": "Fabrikam-Fiber-Git",
                  "url": "https://fabrikam-fiber-inc.visualstudio.com/DefaultCollection/_apis/projects/6ce954b1-ce1f-45d1-b94d-e6bf2464ba2c",
                  "state": "wellFormed"
               },
               "defaultBranch": "refs/heads/master",
               "remoteUrl": "https://fabrikam-fiber-inc.visualstudio.com/DefaultCollection/_git/Fabrikam-Fiber-Git"
            },
            "pushedBy": {
               "id": "d6245f20-2af8-44f4-9451-8107cb2767db",
               "displayName": "Normal Paulk",
               "uniqueName": "fabrikamfiber16@hotmail.com",
               "url": "https://fabrikam-fiber-inc.vssps.visualstudio.com/_apis/Identities/d6245f20-2af8-44f4-9451-8107cb2767db",
               "imageUrl": "https://fabrikam-fiber-inc.visualstudio.com/DefaultCollection/_api/_common/identityImage?id=d6245f20-2af8-44f4-9451-8107cb2767db"
            },
            "pushId": 21,
            "date": "2014-06-30T17:58:34.1765687Z",
            "url": "https://fabrikam-fiber-inc.visualstudio.com/DefaultCollection/_apis/git/repositories/278d5cd2-584d-4b63-824a-2ba458937249/pushes/21"
         },
         {
            "repository": {
               "id": "278d5cd2-584d-4b63-824a-2ba458937249",
               "name": "Fabrikam-Fiber-Git",
               "url": "https://fabrikam-fiber-inc.visualstudio.com/DefaultCollection/_apis/git/repositories/278d5cd2-584d-4b63-824a-2ba458937249",
               "project": {
                  "id": "6ce954b1-ce1f-45d1-b94d-e6bf2464ba2c",
                  "name": "Fabrikam-Fiber-Git",
                  "url": "https://fabrikam-fiber-inc.visualstudio.com/DefaultCollection/_apis/projects/6ce954b1-ce1f-45d1-b94d-e6bf2464ba2c",
                  "state": "wellFormed"
               },
               "defaultBranch": "refs/heads/master",
               "remoteUrl": "https://fabrikam-fiber-inc.visualstudio.com/DefaultCollection/_git/Fabrikam-Fiber-Git"
            },
            "pushedBy": {
               "id": "d6245f20-2af8-44f4-9451-8107cb2767db",
               "displayName": "Normal Paulk",
               "uniqueName": "fabrikamfiber16@hotmail.com",
               "url": "https://fabrikam-fiber-inc.vssps.visualstudio.com/_apis/Identities/d6245f20-2af8-44f4-9451-8107cb2767db",
               "imageUrl": "https://fabrikam-fiber-inc.visualstudio.com/DefaultCollection/_api/_common/identityImage?id=d6245f20-2af8-44f4-9451-8107cb2767db"
            },
            "pushId": 19,
            "date": "2014-06-30T17:48:43.0279161Z",
            "url": "https://fabrikam-fiber-inc.visualstudio.com/DefaultCollection/_apis/git/repositories/278d5cd2-584d-4b63-824a-2ba458937249/pushes/19"
         }
      ]
   }
}