{
   "method": "GET",
   "resourceFormat": "/git/repositories/{repositoryId}/pushes",
   "requestUrl": "https://fabrikam-fiber-inc.visualstudio.com/DefaultCollection/_apis/git/repositories/278d5cd2-584d-4b63-824a-2ba458937249/pushes?api-version=1.0",
   "requestHeaders": {
      "Accept": "application/json"
   },
   "statusCode": 200,
   "responseHeaders": {
      "cache-control": "no-cache",
      "pragma": "no-cache",
      "content-type": "application/json; charset=utf-8; api-version=1.0",
      "expires": "-1",
      "server": "Microsoft-IIS/8.5",
      "x-tfs-processid": "3a53f505-18a5-41ea-9683-f7901dbd7a17",
      "strict-transport-security": "max-age=31536000; includeSubDomains",
      "x-frame-options": "SAMEORIGIN",
      "set-cookie": [
         "Tfs-SessionId=5cd7beb3-f22e-0004-4fdc-d85c2ef2cf01; path=/; secure",
         "Tfs-SessionActive=2014-10-28T02:01:29; path=/; secure"
      ],
      "x-vss-userdata": "d6245f20-2af8-44f4-9451-8107cb2767db:fabrikamfiber16@hotmail.com",
      "activityid": "c79a736d-f22e-0005-353c-9bc72ef2cf01",
      "x-aspnet-version": "4.0.30319",
      "x-powered-by": "ASP.NET",
      "p3p": "CP=\"CAO DSP COR ADMa DEV CONo TELo CUR PSA PSD TAI IVDo OUR SAMi BUS DEM NAV STA UNI COM INT PHY ONL FIN PUR LOC CNT\"",
      "x-content-type-options": "nosniff",
      "date": "Tue, 28 Oct 2014 02:01:29 GMT",
      "content-length": "25429"
   },
   "responseBody": {
      "count": 22,
      "value": [
         {
            "repository": {
               "id": "278d5cd2-584d-4b63-824a-2ba458937249",
               "name": "Fabrikam-Fiber-Git",
               "url": "https://fabrikam-fiber-inc.visualstudio.com/DefaultCollection/_apis/git/repositories/278d5cd2-584d-4b63-824a-2ba458937249",
               "project": {
                  "id": "6ce954b1-ce1f-45d1-b94d-e6bf2464ba2c",
                  "name": "Fabrikam-Fiber-Git",
                  "url": "https://fabrikam-fiber-inc.visualstudio.com/DefaultCollection/_apis/projects/6ce954b1-ce1f-45d1-b94d-e6bf2464ba2c",
                  "state": "wellFormed"
               },
               "defaultBranch": "refs/heads/master",
               "remoteUrl": "https://fabrikam-fiber-inc.visualstudio.com/DefaultCollection/_git/Fabrikam-Fiber-Git"
            },
            "pushedBy": {
               "id": "d6245f20-2af8-44f4-9451-8107cb2767db",
               "displayName": "Normal Paulk",
               "uniqueName": "fabrikamfiber16@hotmail.com",
               "url": "https://fabrikam-fiber-inc.vssps.visualstudio.com/_apis/Identities/d6245f20-2af8-44f4-9451-8107cb2767db",
               "imageUrl": "https://fabrikam-fiber-inc.visualstudio.com/DefaultCollection/_api/_common/identityImage?id=d6245f20-2af8-44f4-9451-8107cb2767db"
            },
            "pushId": 23,
            "date": "2014-06-30T18:11:18.0929091Z",
            "url": "https://fabrikam-fiber-inc.visualstudio.com/DefaultCollection/_apis/git/repositories/278d5cd2-584d-4b63-824a-2ba458937249/pushes/23"
         },
         {
            "repository": {
               "id": "278d5cd2-584d-4b63-824a-2ba458937249",
               "name": "Fabrikam-Fiber-Git",
               "url": "https://fabrikam-fiber-inc.visualstudio.com/DefaultCollection/_apis/git/repositories/278d5cd2-584d-4b63-824a-2ba458937249",
               "project": {
                  "id": "6ce954b1-ce1f-45d1-b94d-e6bf2464ba2c",
                  "name": "Fabrikam-Fiber-Git",
                  "url": "https://fabrikam-fiber-inc.visualstudio.com/DefaultCollection/_apis/projects/6ce954b1-ce1f-45d1-b94d-e6bf2464ba2c",
                  "state": "wellFormed"
               },
               "defaultBranch": "refs/heads/master",
               "remoteUrl": "https://fabrikam-fiber-inc.visualstudio.com/DefaultCollection/_git/Fabrikam-Fiber-Git"
            },
            "pushedBy": {
               "id": "d291b0c4-a05c-4ea6-8df1-4b41d5f39eff",
               "displayName": "Jamal Hartnett",
               "uniqueName": "fabrikamfiber4@hotmail.com",
               "url": "https://fabrikam-fiber-inc.vssps.visualstudio.com/_apis/Identities/d291b0c4-a05c-4ea6-8df1-4b41d5f39eff",
               "imageUrl": "https://fabrikam-fiber-inc.visualstudio.com/DefaultCollection/_api/_common/identityImage?id=d291b0c4-a05c-4ea6-8df1-4b41d5f39eff"
            },
            "pushId": 22,
            "date": "2014-06-30T18:10:58.3426019Z",
            "url": "https://fabrikam-fiber-inc.visualstudio.com/DefaultCollection/_apis/git/repositories/278d5cd2-584d-4b63-824a-2ba458937249/pushes/22"
         },
         {
            "repository": {
               "id": "278d5cd2-584d-4b63-824a-2ba458937249",
               "name": "Fabrikam-Fiber-Git",
               "url": "https://fabrikam-fiber-inc.visualstudio.com/DefaultCollection/_apis/git/repositories/278d5cd2-584d-4b63-824a-2ba458937249",
               "project": {
                  "id": "6ce954b1-ce1f-45d1-b94d-e6bf2464ba2c",
                  "name": "Fabrikam-Fiber-Git",
                  "url": "https://fabrikam-fiber-inc.visualstudio.com/DefaultCollection/_apis/projects/6ce954b1-ce1f-45d1-b94d-e6bf2464ba2c",
                  "state": "wellFormed"
               },
               "defaultBranch": "refs/heads/master",
               "remoteUrl": "https://fabrikam-fiber-inc.visualstudio.com/DefaultCollection/_git/Fabrikam-Fiber-Git"
            },
            "pushedBy": {
               "id": "d6245f20-2af8-44f4-9451-8107cb2767db",
               "displayName": "Normal Paulk",
               "uniqueName": "fabrikamfiber16@hotmail.com",
               "url": "https://fabrikam-fiber-inc.vssps.visualstudio.com/_apis/Identities/d6245f20-2af8-44f4-9451-8107cb2767db",
               "imageUrl": "https://fabrikam-fiber-inc.visualstudio.com/DefaultCollection/_api/_common/identityImage?id=d6245f20-2af8-44f4-9451-8107cb2767db"
            },
            "pushId": 21,
            "date": "2014-06-30T17:58:34.1765687Z",
            "url": "https://fabrikam-fiber-inc.visualstudio.com/DefaultCollection/_apis/git/repositories/278d5cd2-584d-4b63-824a-2ba458937249/pushes/21"
         },
         {
            "repository": {
               "id": "278d5cd2-584d-4b63-824a-2ba458937249",
               "name": "Fabrikam-Fiber-Git",
               "url": "https://fabrikam-fiber-inc.visualstudio.com/DefaultCollection/_apis/git/repositories/278d5cd2-584d-4b63-824a-2ba458937249",
               "project": {
                  "id": "6ce954b1-ce1f-45d1-b94d-e6bf2464ba2c",
                  "name": "Fabrikam-Fiber-Git",
                  "url": "https://fabrikam-fiber-inc.visualstudio.com/DefaultCollection/_apis/projects/6ce954b1-ce1f-45d1-b94d-e6bf2464ba2c",
                  "state": "wellFormed"
               },
               "defaultBranch": "refs/heads/master",
               "remoteUrl": "https://fabrikam-fiber-inc.visualstudio.com/DefaultCollection/_git/Fabrikam-Fiber-Git"
            },
            "pushedBy": {
               "id": "d291b0c4-a05c-4ea6-8df1-4b41d5f39eff",
               "displayName": "Jamal Hartnett",
               "uniqueName": "fabrikamfiber4@hotmail.com",
               "url": "https://fabrikam-fiber-inc.vssps.visualstudio.com/_apis/Identities/d291b0c4-a05c-4ea6-8df1-4b41d5f39eff",
               "imageUrl": "https://fabrikam-fiber-inc.visualstudio.com/DefaultCollection/_api/_common/identityImage?id=d291b0c4-a05c-4ea6-8df1-4b41d5f39eff"
            },
            "pushId": 20,
            "date": "2014-06-30T17:51:33.6241533Z",
            "url": "https://fabrikam-fiber-inc.visualstudio.com/DefaultCollection/_apis/git/repositories/278d5cd2-584d-4b63-824a-2ba458937249/pushes/20"
         },
         {
            "repository": {
               "id": "278d5cd2-584d-4b63-824a-2ba458937249",
               "name": "Fabrikam-Fiber-Git",
               "url": "https://fabrikam-fiber-inc.visualstudio.com/DefaultCollection/_apis/git/repositories/278d5cd2-584d-4b63-824a-2ba458937249",
               "project": {
                  "id": "6ce954b1-ce1f-45d1-b94d-e6bf2464ba2c",
                  "name": "Fabrikam-Fiber-Git",
                  "url": "https://fabrikam-fiber-inc.visualstudio.com/DefaultCollection/_apis/projects/6ce954b1-ce1f-45d1-b94d-e6bf2464ba2c",
                  "state": "wellFormed"
               },
               "defaultBranch": "refs/heads/master",
               "remoteUrl": "https://fabrikam-fiber-inc.visualstudio.com/DefaultCollection/_git/Fabrikam-Fiber-Git"
            },
            "pushedBy": {
               "id": "d6245f20-2af8-44f4-9451-8107cb2767db",
               "displayName": "Normal Paulk",
               "uniqueName": "fabrikamfiber16@hotmail.com",
               "url": "https://fabrikam-fiber-inc.vssps.visualstudio.com/_apis/Identities/d6245f20-2af8-44f4-9451-8107cb2767db",
               "imageUrl": "https://fabrikam-fiber-inc.visualstudio.com/DefaultCollection/_api/_common/identityImage?id=d6245f20-2af8-44f4-9451-8107cb2767db"
            },
            "pushId": 19,
            "date": "2014-06-30T17:48:43.0279161Z",
            "url": "https://fabrikam-fiber-inc.visualstudio.com/DefaultCollection/_apis/git/repositories/278d5cd2-584d-4b63-824a-2ba458937249/pushes/19"
         },
         {
            "repository": {
               "id": "278d5cd2-584d-4b63-824a-2ba458937249",
               "name": "Fabrikam-Fiber-Git",
               "url": "https://fabrikam-fiber-inc.visualstudio.com/DefaultCollection/_apis/git/repositories/278d5cd2-584d-4b63-824a-2ba458937249",
               "project": {
                  "id": "6ce954b1-ce1f-45d1-b94d-e6bf2464ba2c",
                  "name": "Fabrikam-Fiber-Git",
                  "url": "https://fabrikam-fiber-inc.visualstudio.com/DefaultCollection/_apis/projects/6ce954b1-ce1f-45d1-b94d-e6bf2464ba2c",
                  "state": "wellFormed"
               },
               "defaultBranch": "refs/heads/master",
               "remoteUrl": "https://fabrikam-fiber-inc.visualstudio.com/DefaultCollection/_git/Fabrikam-Fiber-Git"
            },
            "pushedBy": {
               "id": "d291b0c4-a05c-4ea6-8df1-4b41d5f39eff",
               "displayName": "Jamal Hartnett",
               "uniqueName": "fabrikamfiber4@hotmail.com",
               "url": "https://fabrikam-fiber-inc.vssps.visualstudio.com/_apis/Identities/d291b0c4-a05c-4ea6-8df1-4b41d5f39eff",
               "imageUrl": "https://fabrikam-fiber-inc.visualstudio.com/DefaultCollection/_api/_common/identityImage?id=d291b0c4-a05c-4ea6-8df1-4b41d5f39eff"
            },
            "pushId": 18,
            "date": "2014-06-10T19:42:18.9974258Z",
            "url": "https://fabrikam-fiber-inc.visualstudio.com/DefaultCollection/_apis/git/repositories/278d5cd2-584d-4b63-824a-2ba458937249/pushes/18"
         },
         {
            "repository": {
               "id": "278d5cd2-584d-4b63-824a-2ba458937249",
               "name": "Fabrikam-Fiber-Git",
               "url": "https://fabrikam-fiber-inc.visualstudio.com/DefaultCollection/_apis/git/repositories/278d5cd2-584d-4b63-824a-2ba458937249",
               "project": {
                  "id": "6ce954b1-ce1f-45d1-b94d-e6bf2464ba2c",
                  "name": "Fabrikam-Fiber-Git",
                  "url": "https://fabrikam-fiber-inc.visualstudio.com/DefaultCollection/_apis/projects/6ce954b1-ce1f-45d1-b94d-e6bf2464ba2c",
                  "state": "wellFormed"
               },
               "defaultBranch": "refs/heads/master",
               "remoteUrl": "https://fabrikam-fiber-inc.visualstudio.com/DefaultCollection/_git/Fabrikam-Fiber-Git"
            },
            "pushedBy": {
               "id": "d291b0c4-a05c-4ea6-8df1-4b41d5f39eff",
               "displayName": "Jamal Hartnett",
               "uniqueName": "fabrikamfiber4@hotmail.com",
               "url": "https://fabrikam-fiber-inc.vssps.visualstudio.com/_apis/Identities/d291b0c4-a05c-4ea6-8df1-4b41d5f39eff",
               "imageUrl": "https://fabrikam-fiber-inc.visualstudio.com/DefaultCollection/_api/_common/identityImage?id=d291b0c4-a05c-4ea6-8df1-4b41d5f39eff"
            },
            "pushId": 17,
            "date": "2014-06-10T19:41:17.1222374Z",
            "url": "https://fabrikam-fiber-inc.visualstudio.com/DefaultCollection/_apis/git/repositories/278d5cd2-584d-4b63-824a-2ba458937249/pushes/17"
         },
         {
            "repository": {
               "id": "278d5cd2-584d-4b63-824a-2ba458937249",
               "name": "Fabrikam-Fiber-Git",
               "url": "https://fabrikam-fiber-inc.visualstudio.com/DefaultCollection/_apis/git/repositories/278d5cd2-584d-4b63-824a-2ba458937249",
               "project": {
                  "id": "6ce954b1-ce1f-45d1-b94d-e6bf2464ba2c",
                  "name": "Fabrikam-Fiber-Git",
                  "url": "https://fabrikam-fiber-inc.visualstudio.com/DefaultCollection/_apis/projects/6ce954b1-ce1f-45d1-b94d-e6bf2464ba2c",
                  "state": "wellFormed"
               },
               "defaultBranch": "refs/heads/master",
               "remoteUrl": "https://fabrikam-fiber-inc.visualstudio.com/DefaultCollection/_git/Fabrikam-Fiber-Git"
            },
            "pushedBy": {
               "id": "8c8c7d32-6b1b-47f4-b2e9-30b477b5ab3d",
               "displayName": "Chuck Reinhart",
               "uniqueName": "fabrikamfiber3@hotmail.com",
               "url": "https://fabrikam-fiber-inc.vssps.visualstudio.com/_apis/Identities/8c8c7d32-6b1b-47f4-b2e9-30b477b5ab3d",
               "imageUrl": "https://fabrikam-fiber-inc.visualstudio.com/DefaultCollection/_api/_common/identityImage?id=8c8c7d32-6b1b-47f4-b2e9-30b477b5ab3d"
            },
            "pushId": 16,
            "date": "2014-06-09T21:43:41.9016278Z",
            "url": "https://fabrikam-fiber-inc.visualstudio.com/DefaultCollection/_apis/git/repositories/278d5cd2-584d-4b63-824a-2ba458937249/pushes/16"
         },
         {
            "repository": {
               "id": "278d5cd2-584d-4b63-824a-2ba458937249",
               "name": "Fabrikam-Fiber-Git",
               "url": "https://fabrikam-fiber-inc.visualstudio.com/DefaultCollection/_apis/git/repositories/278d5cd2-584d-4b63-824a-2ba458937249",
               "project": {
                  "id": "6ce954b1-ce1f-45d1-b94d-e6bf2464ba2c",
                  "name": "Fabrikam-Fiber-Git",
                  "url": "https://fabrikam-fiber-inc.visualstudio.com/DefaultCollection/_apis/projects/6ce954b1-ce1f-45d1-b94d-e6bf2464ba2c",
                  "state": "wellFormed"
               },
               "defaultBranch": "refs/heads/master",
               "remoteUrl": "https://fabrikam-fiber-inc.visualstudio.com/DefaultCollection/_git/Fabrikam-Fiber-Git"
            },
            "pushedBy": {
               "id": "d291b0c4-a05c-4ea6-8df1-4b41d5f39eff",
               "displayName": "Jamal Hartnett",
               "uniqueName": "fabrikamfiber4@hotmail.com",
               "url": "https://fabrikam-fiber-inc.vssps.visualstudio.com/_apis/Identities/d291b0c4-a05c-4ea6-8df1-4b41d5f39eff",
               "imageUrl": "https://fabrikam-fiber-inc.visualstudio.com/DefaultCollection/_api/_common/identityImage?id=d291b0c4-a05c-4ea6-8df1-4b41d5f39eff"
            },
            "pushId": 14,
            "date": "2014-05-02T19:17:13.3309587Z",
            "url": "https://fabrikam-fiber-inc.visualstudio.com/DefaultCollection/_apis/git/repositories/278d5cd2-584d-4b63-824a-2ba458937249/pushes/14"
         },
         {
            "repository": {
               "id": "278d5cd2-584d-4b63-824a-2ba458937249",
               "name": "Fabrikam-Fiber-Git",
               "url": "https://fabrikam-fiber-inc.visualstudio.com/DefaultCollection/_apis/git/repositories/278d5cd2-584d-4b63-824a-2ba458937249",
               "project": {
                  "id": "6ce954b1-ce1f-45d1-b94d-e6bf2464ba2c",
                  "name": "Fabrikam-Fiber-Git",
                  "url": "https://fabrikam-fiber-inc.visualstudio.com/DefaultCollection/_apis/projects/6ce954b1-ce1f-45d1-b94d-e6bf2464ba2c",
                  "state": "wellFormed"
               },
               "defaultBranch": "refs/heads/master",
               "remoteUrl": "https://fabrikam-fiber-inc.visualstudio.com/DefaultCollection/_git/Fabrikam-Fiber-Git"
            },
            "pushedBy": {
               "id": "8c8c7d32-6b1b-47f4-b2e9-30b477b5ab3d",
               "displayName": "Chuck Reinhart",
               "uniqueName": "fabrikamfiber3@hotmail.com",
               "url": "https://fabrikam-fiber-inc.vssps.visualstudio.com/_apis/Identities/8c8c7d32-6b1b-47f4-b2e9-30b477b5ab3d",
               "imageUrl": "https://fabrikam-fiber-inc.visualstudio.com/DefaultCollection/_api/_common/identityImage?id=8c8c7d32-6b1b-47f4-b2e9-30b477b5ab3d"
            },
            "pushId": 13,
            "date": "2014-04-14T21:35:01.130535Z",
            "url": "https://fabrikam-fiber-inc.visualstudio.com/DefaultCollection/_apis/git/repositories/278d5cd2-584d-4b63-824a-2ba458937249/pushes/13"
         },
         {
            "repository": {
               "id": "278d5cd2-584d-4b63-824a-2ba458937249",
               "name": "Fabrikam-Fiber-Git",
               "url": "https://fabrikam-fiber-inc.visualstudio.com/DefaultCollection/_apis/git/repositories/278d5cd2-584d-4b63-824a-2ba458937249",
               "project": {
                  "id": "6ce954b1-ce1f-45d1-b94d-e6bf2464ba2c",
                  "name": "Fabrikam-Fiber-Git",
                  "url": "https://fabrikam-fiber-inc.visualstudio.com/DefaultCollection/_apis/projects/6ce954b1-ce1f-45d1-b94d-e6bf2464ba2c",
                  "state": "wellFormed"
               },
               "defaultBranch": "refs/heads/master",
               "remoteUrl": "https://fabrikam-fiber-inc.visualstudio.com/DefaultCollection/_git/Fabrikam-Fiber-Git"
            },
            "pushedBy": {
               "id": "8c8c7d32-6b1b-47f4-b2e9-30b477b5ab3d",
               "displayName": "Chuck Reinhart",
               "uniqueName": "fabrikamfiber3@hotmail.com",
               "url": "https://fabrikam-fiber-inc.vssps.visualstudio.com/_apis/Identities/8c8c7d32-6b1b-47f4-b2e9-30b477b5ab3d",
               "imageUrl": "https://fabrikam-fiber-inc.visualstudio.com/DefaultCollection/_api/_common/identityImage?id=8c8c7d32-6b1b-47f4-b2e9-30b477b5ab3d"
            },
            "pushId": 12,
            "date": "2014-03-28T17:06:05.3396557Z",
            "url": "https://fabrikam-fiber-inc.visualstudio.com/DefaultCollection/_apis/git/repositories/278d5cd2-584d-4b63-824a-2ba458937249/pushes/12"
         },
         {
            "repository": {
               "id": "278d5cd2-584d-4b63-824a-2ba458937249",
               "name": "Fabrikam-Fiber-Git",
               "url": "https://fabrikam-fiber-inc.visualstudio.com/DefaultCollection/_apis/git/repositories/278d5cd2-584d-4b63-824a-2ba458937249",
               "project": {
                  "id": "6ce954b1-ce1f-45d1-b94d-e6bf2464ba2c",
                  "name": "Fabrikam-Fiber-Git",
                  "url": "https://fabrikam-fiber-inc.visualstudio.com/DefaultCollection/_apis/projects/6ce954b1-ce1f-45d1-b94d-e6bf2464ba2c",
                  "state": "wellFormed"
               },
               "defaultBranch": "refs/heads/master",
               "remoteUrl": "https://fabrikam-fiber-inc.visualstudio.com/DefaultCollection/_git/Fabrikam-Fiber-Git"
            },
            "pushedBy": {
               "id": "8c8c7d32-6b1b-47f4-b2e9-30b477b5ab3d",
               "displayName": "Chuck Reinhart",
               "uniqueName": "fabrikamfiber3@hotmail.com",
               "url": "https://fabrikam-fiber-inc.vssps.visualstudio.com/_apis/Identities/8c8c7d32-6b1b-47f4-b2e9-30b477b5ab3d",
               "imageUrl": "https://fabrikam-fiber-inc.visualstudio.com/DefaultCollection/_api/_common/identityImage?id=8c8c7d32-6b1b-47f4-b2e9-30b477b5ab3d"
            },
            "pushId": 11,
            "date": "2014-03-27T19:51:18.5726644Z",
            "url": "https://fabrikam-fiber-inc.visualstudio.com/DefaultCollection/_apis/git/repositories/278d5cd2-584d-4b63-824a-2ba458937249/pushes/11"
         },
         {
            "repository": {
               "id": "278d5cd2-584d-4b63-824a-2ba458937249",
               "name": "Fabrikam-Fiber-Git",
               "url": "https://fabrikam-fiber-inc.visualstudio.com/DefaultCollection/_apis/git/repositories/278d5cd2-584d-4b63-824a-2ba458937249",
               "project": {
                  "id": "6ce954b1-ce1f-45d1-b94d-e6bf2464ba2c",
                  "name": "Fabrikam-Fiber-Git",
                  "url": "https://fabrikam-fiber-inc.visualstudio.com/DefaultCollection/_apis/projects/6ce954b1-ce1f-45d1-b94d-e6bf2464ba2c",
                  "state": "wellFormed"
               },
               "defaultBranch": "refs/heads/master",
               "remoteUrl": "https://fabrikam-fiber-inc.visualstudio.com/DefaultCollection/_git/Fabrikam-Fiber-Git"
            },
            "pushedBy": {
               "id": "8c8c7d32-6b1b-47f4-b2e9-30b477b5ab3d",
               "displayName": "Chuck Reinhart",
               "uniqueName": "fabrikamfiber3@hotmail.com",
               "url": "https://fabrikam-fiber-inc.vssps.visualstudio.com/_apis/Identities/8c8c7d32-6b1b-47f4-b2e9-30b477b5ab3d",
               "imageUrl": "https://fabrikam-fiber-inc.visualstudio.com/DefaultCollection/_api/_common/identityImage?id=8c8c7d32-6b1b-47f4-b2e9-30b477b5ab3d"
            },
            "pushId": 10,
            "date": "2014-03-26T20:25:46.9664106Z",
            "url": "https://fabrikam-fiber-inc.visualstudio.com/DefaultCollection/_apis/git/repositories/278d5cd2-584d-4b63-824a-2ba458937249/pushes/10"
         },
         {
            "repository": {
               "id": "278d5cd2-584d-4b63-824a-2ba458937249",
               "name": "Fabrikam-Fiber-Git",
               "url": "https://fabrikam-fiber-inc.visualstudio.com/DefaultCollection/_apis/git/repositories/278d5cd2-584d-4b63-824a-2ba458937249",
               "project": {
                  "id": "6ce954b1-ce1f-45d1-b94d-e6bf2464ba2c",
                  "name": "Fabrikam-Fiber-Git",
                  "url": "https://fabrikam-fiber-inc.visualstudio.com/DefaultCollection/_apis/projects/6ce954b1-ce1f-45d1-b94d-e6bf2464ba2c",
                  "state": "wellFormed"
               },
               "defaultBranch": "refs/heads/master",
               "remoteUrl": "https://fabrikam-fiber-inc.visualstudio.com/DefaultCollection/_git/Fabrikam-Fiber-Git"
            },
            "pushedBy": {
               "id": "8c8c7d32-6b1b-47f4-b2e9-30b477b5ab3d",
               "displayName": "Chuck Reinhart",
               "uniqueName": "fabrikamfiber3@hotmail.com",
               "url": "https://fabrikam-fiber-inc.vssps.visualstudio.com/_apis/Identities/8c8c7d32-6b1b-47f4-b2e9-30b477b5ab3d",
               "imageUrl": "https://fabrikam-fiber-inc.visualstudio.com/DefaultCollection/_api/_common/identityImage?id=8c8c7d32-6b1b-47f4-b2e9-30b477b5ab3d"
            },
            "pushId": 9,
            "date": "2014-03-26T18:56:27.5115387Z",
            "url": "https://fabrikam-fiber-inc.visualstudio.com/DefaultCollection/_apis/git/repositories/278d5cd2-584d-4b63-824a-2ba458937249/pushes/9"
         },
         {
            "repository": {
               "id": "278d5cd2-584d-4b63-824a-2ba458937249",
               "name": "Fabrikam-Fiber-Git",
               "url": "https://fabrikam-fiber-inc.visualstudio.com/DefaultCollection/_apis/git/repositories/278d5cd2-584d-4b63-824a-2ba458937249",
               "project": {
                  "id": "6ce954b1-ce1f-45d1-b94d-e6bf2464ba2c",
                  "name": "Fabrikam-Fiber-Git",
                  "url": "https://fabrikam-fiber-inc.visualstudio.com/DefaultCollection/_apis/projects/6ce954b1-ce1f-45d1-b94d-e6bf2464ba2c",
                  "state": "wellFormed"
               },
               "defaultBranch": "refs/heads/master",
               "remoteUrl": "https://fabrikam-fiber-inc.visualstudio.com/DefaultCollection/_git/Fabrikam-Fiber-Git"
            },
            "pushedBy": {
               "id": "8c8c7d32-6b1b-47f4-b2e9-30b477b5ab3d",
               "displayName": "Chuck Reinhart",
               "uniqueName": "fabrikamfiber3@hotmail.com",
               "url": "https://fabrikam-fiber-inc.vssps.visualstudio.com/_apis/Identities/8c8c7d32-6b1b-47f4-b2e9-30b477b5ab3d",
               "imageUrl": "https://fabrikam-fiber-inc.visualstudio.com/DefaultCollection/_api/_common/identityImage?id=8c8c7d32-6b1b-47f4-b2e9-30b477b5ab3d"
            },
            "pushId": 8,
            "date": "2014-03-26T18:38:57.5892977Z",
            "url": "https://fabrikam-fiber-inc.visualstudio.com/DefaultCollection/_apis/git/repositories/278d5cd2-584d-4b63-824a-2ba458937249/pushes/8"
         },
         {
            "repository": {
               "id": "278d5cd2-584d-4b63-824a-2ba458937249",
               "name": "Fabrikam-Fiber-Git",
               "url": "https://fabrikam-fiber-inc.visualstudio.com/DefaultCollection/_apis/git/repositories/278d5cd2-584d-4b63-824a-2ba458937249",
               "project": {
                  "id": "6ce954b1-ce1f-45d1-b94d-e6bf2464ba2c",
                  "name": "Fabrikam-Fiber-Git",
                  "url": "https://fabrikam-fiber-inc.visualstudio.com/DefaultCollection/_apis/projects/6ce954b1-ce1f-45d1-b94d-e6bf2464ba2c",
                  "state": "wellFormed"
               },
               "defaultBranch": "refs/heads/master",
               "remoteUrl": "https://fabrikam-fiber-inc.visualstudio.com/DefaultCollection/_git/Fabrikam-Fiber-Git"
            },
            "pushedBy": {
               "id": "8c8c7d32-6b1b-47f4-b2e9-30b477b5ab3d",
               "displayName": "Chuck Reinhart",
               "uniqueName": "fabrikamfiber3@hotmail.com",
               "url": "https://fabrikam-fiber-inc.vssps.visualstudio.com/_apis/Identities/8c8c7d32-6b1b-47f4-b2e9-30b477b5ab3d",
               "imageUrl": "https://fabrikam-fiber-inc.visualstudio.com/DefaultCollection/_api/_common/identityImage?id=8c8c7d32-6b1b-47f4-b2e9-30b477b5ab3d"
            },
            "pushId": 7,
            "date": "2014-03-26T16:17:22.08603Z",
            "url": "https://fabrikam-fiber-inc.visualstudio.com/DefaultCollection/_apis/git/repositories/278d5cd2-584d-4b63-824a-2ba458937249/pushes/7"
         },
         {
            "repository": {
               "id": "278d5cd2-584d-4b63-824a-2ba458937249",
               "name": "Fabrikam-Fiber-Git",
               "url": "https://fabrikam-fiber-inc.visualstudio.com/DefaultCollection/_apis/git/repositories/278d5cd2-584d-4b63-824a-2ba458937249",
               "project": {
                  "id": "6ce954b1-ce1f-45d1-b94d-e6bf2464ba2c",
                  "name": "Fabrikam-Fiber-Git",
                  "url": "https://fabrikam-fiber-inc.visualstudio.com/DefaultCollection/_apis/projects/6ce954b1-ce1f-45d1-b94d-e6bf2464ba2c",
                  "state": "wellFormed"
               },
               "defaultBranch": "refs/heads/master",
               "remoteUrl": "https://fabrikam-fiber-inc.visualstudio.com/DefaultCollection/_git/Fabrikam-Fiber-Git"
            },
            "pushedBy": {
               "id": "8c8c7d32-6b1b-47f4-b2e9-30b477b5ab3d",
               "displayName": "Chuck Reinhart",
               "uniqueName": "fabrikamfiber3@hotmail.com",
               "url": "https://fabrikam-fiber-inc.vssps.visualstudio.com/_apis/Identities/8c8c7d32-6b1b-47f4-b2e9-30b477b5ab3d",
               "imageUrl": "https://fabrikam-fiber-inc.visualstudio.com/DefaultCollection/_api/_common/identityImage?id=8c8c7d32-6b1b-47f4-b2e9-30b477b5ab3d"
            },
            "pushId": 6,
            "date": "2014-03-10T20:54:16.5904334Z",
            "url": "https://fabrikam-fiber-inc.visualstudio.com/DefaultCollection/_apis/git/repositories/278d5cd2-584d-4b63-824a-2ba458937249/pushes/6"
         },
         {
            "repository": {
               "id": "278d5cd2-584d-4b63-824a-2ba458937249",
               "name": "Fabrikam-Fiber-Git",
               "url": "https://fabrikam-fiber-inc.visualstudio.com/DefaultCollection/_apis/git/repositories/278d5cd2-584d-4b63-824a-2ba458937249",
               "project": {
                  "id": "6ce954b1-ce1f-45d1-b94d-e6bf2464ba2c",
                  "name": "Fabrikam-Fiber-Git",
                  "url": "https://fabrikam-fiber-inc.visualstudio.com/DefaultCollection/_apis/projects/6ce954b1-ce1f-45d1-b94d-e6bf2464ba2c",
                  "state": "wellFormed"
               },
               "defaultBranch": "refs/heads/master",
               "remoteUrl": "https://fabrikam-fiber-inc.visualstudio.com/DefaultCollection/_git/Fabrikam-Fiber-Git"
            },
            "pushedBy": {
               "id": "8c8c7d32-6b1b-47f4-b2e9-30b477b5ab3d",
               "displayName": "Chuck Reinhart",
               "uniqueName": "fabrikamfiber3@hotmail.com",
               "url": "https://fabrikam-fiber-inc.vssps.visualstudio.com/_apis/Identities/8c8c7d32-6b1b-47f4-b2e9-30b477b5ab3d",
               "imageUrl": "https://fabrikam-fiber-inc.visualstudio.com/DefaultCollection/_api/_common/identityImage?id=8c8c7d32-6b1b-47f4-b2e9-30b477b5ab3d"
            },
            "pushId": 5,
            "date": "2014-03-10T20:50:17.9492166Z",
            "url": "https://fabrikam-fiber-inc.visualstudio.com/DefaultCollection/_apis/git/repositories/278d5cd2-584d-4b63-824a-2ba458937249/pushes/5"
         },
         {
            "repository": {
               "id": "278d5cd2-584d-4b63-824a-2ba458937249",
               "name": "Fabrikam-Fiber-Git",
               "url": "https://fabrikam-fiber-inc.visualstudio.com/DefaultCollection/_apis/git/repositories/278d5cd2-584d-4b63-824a-2ba458937249",
               "project": {
                  "id": "6ce954b1-ce1f-45d1-b94d-e6bf2464ba2c",
                  "name": "Fabrikam-Fiber-Git",
                  "url": "https://fabrikam-fiber-inc.visualstudio.com/DefaultCollection/_apis/projects/6ce954b1-ce1f-45d1-b94d-e6bf2464ba2c",
                  "state": "wellFormed"
               },
               "defaultBranch": "refs/heads/master",
               "remoteUrl": "https://fabrikam-fiber-inc.visualstudio.com/DefaultCollection/_git/Fabrikam-Fiber-Git"
            },
            "pushedBy": {
               "id": "d291b0c4-a05c-4ea6-8df1-4b41d5f39eff",
               "displayName": "Jamal Hartnett",
               "uniqueName": "fabrikamfiber4@hotmail.com",
               "url": "https://fabrikam-fiber-inc.vssps.visualstudio.com/_apis/Identities/d291b0c4-a05c-4ea6-8df1-4b41d5f39eff",
               "imageUrl": "https://fabrikam-fiber-inc.visualstudio.com/DefaultCollection/_api/_common/identityImage?id=d291b0c4-a05c-4ea6-8df1-4b41d5f39eff"
            },
            "pushId": 4,
            "date": "2014-02-10T21:53:19.6570373Z",
            "url": "https://fabrikam-fiber-inc.visualstudio.com/DefaultCollection/_apis/git/repositories/278d5cd2-584d-4b63-824a-2ba458937249/pushes/4"
         },
         {
            "repository": {
               "id": "278d5cd2-584d-4b63-824a-2ba458937249",
               "name": "Fabrikam-Fiber-Git",
               "url": "https://fabrikam-fiber-inc.visualstudio.com/DefaultCollection/_apis/git/repositories/278d5cd2-584d-4b63-824a-2ba458937249",
               "project": {
                  "id": "6ce954b1-ce1f-45d1-b94d-e6bf2464ba2c",
                  "name": "Fabrikam-Fiber-Git",
                  "url": "https://fabrikam-fiber-inc.visualstudio.com/DefaultCollection/_apis/projects/6ce954b1-ce1f-45d1-b94d-e6bf2464ba2c",
                  "state": "wellFormed"
               },
               "defaultBranch": "refs/heads/master",
               "remoteUrl": "https://fabrikam-fiber-inc.visualstudio.com/DefaultCollection/_git/Fabrikam-Fiber-Git"
            },
            "pushedBy": {
               "id": "8c8c7d32-6b1b-47f4-b2e9-30b477b5ab3d",
               "displayName": "Chuck Reinhart",
               "uniqueName": "fabrikamfiber3@hotmail.com",
               "url": "https://fabrikam-fiber-inc.vssps.visualstudio.com/_apis/Identities/8c8c7d32-6b1b-47f4-b2e9-30b477b5ab3d",
               "imageUrl": "https://fabrikam-fiber-inc.visualstudio.com/DefaultCollection/_api/_common/identityImage?id=8c8c7d32-6b1b-47f4-b2e9-30b477b5ab3d"
            },
            "pushId": 3,
            "date": "2014-01-29T23:53:35.705139Z",
            "url": "https://fabrikam-fiber-inc.visualstudio.com/DefaultCollection/_apis/git/repositories/278d5cd2-584d-4b63-824a-2ba458937249/pushes/3"
         },
         {
            "repository": {
               "id": "278d5cd2-584d-4b63-824a-2ba458937249",
               "name": "Fabrikam-Fiber-Git",
               "url": "https://fabrikam-fiber-inc.visualstudio.com/DefaultCollection/_apis/git/repositories/278d5cd2-584d-4b63-824a-2ba458937249",
               "project": {
                  "id": "6ce954b1-ce1f-45d1-b94d-e6bf2464ba2c",
                  "name": "Fabrikam-Fiber-Git",
                  "url": "https://fabrikam-fiber-inc.visualstudio.com/DefaultCollection/_apis/projects/6ce954b1-ce1f-45d1-b94d-e6bf2464ba2c",
                  "state": "wellFormed"
               },
               "defaultBranch": "refs/heads/master",
               "remoteUrl": "https://fabrikam-fiber-inc.visualstudio.com/DefaultCollection/_git/Fabrikam-Fiber-Git"
            },
            "pushedBy": {
               "id": "8c8c7d32-6b1b-47f4-b2e9-30b477b5ab3d",
               "displayName": "Chuck Reinhart",
               "uniqueName": "fabrikamfiber3@hotmail.com",
               "url": "https://fabrikam-fiber-inc.vssps.visualstudio.com/_apis/Identities/8c8c7d32-6b1b-47f4-b2e9-30b477b5ab3d",
               "imageUrl": "https://fabrikam-fiber-inc.visualstudio.com/DefaultCollection/_api/_common/identityImage?id=8c8c7d32-6b1b-47f4-b2e9-30b477b5ab3d"
            },
            "pushId": 2,
            "date": "2014-01-29T23:34:00.1018737Z",
            "url": "https://fabrikam-fiber-inc.visualstudio.com/DefaultCollection/_apis/git/repositories/278d5cd2-584d-4b63-824a-2ba458937249/pushes/2"
         },
         {
            "repository": {
               "id": "278d5cd2-584d-4b63-824a-2ba458937249",
               "name": "Fabrikam-Fiber-Git",
               "url": "https://fabrikam-fiber-inc.visualstudio.com/DefaultCollection/_apis/git/repositories/278d5cd2-584d-4b63-824a-2ba458937249",
               "project": {
                  "id": "6ce954b1-ce1f-45d1-b94d-e6bf2464ba2c",
                  "name": "Fabrikam-Fiber-Git",
                  "url": "https://fabrikam-fiber-inc.visualstudio.com/DefaultCollection/_apis/projects/6ce954b1-ce1f-45d1-b94d-e6bf2464ba2c",
                  "state": "wellFormed"
               },
               "defaultBranch": "refs/heads/master",
               "remoteUrl": "https://fabrikam-fiber-inc.visualstudio.com/DefaultCollection/_git/Fabrikam-Fiber-Git"
            },
            "pushedBy": {
               "id": "8c8c7d32-6b1b-47f4-b2e9-30b477b5ab3d",
               "displayName": "Chuck Reinhart",
               "uniqueName": "fabrikamfiber3@hotmail.com",
               "url": "https://fabrikam-fiber-inc.vssps.visualstudio.com/_apis/Identities/8c8c7d32-6b1b-47f4-b2e9-30b477b5ab3d",
               "imageUrl": "https://fabrikam-fiber-inc.visualstudio.com/DefaultCollection/_api/_common/identityImage?id=8c8c7d32-6b1b-47f4-b2e9-30b477b5ab3d"
            },
            "pushId": 1,
            "date": "2014-01-29T23:33:15.2434002Z",
            "url": "https://fabrikam-fiber-inc.visualstudio.com/DefaultCollection/_apis/git/repositories/278d5cd2-584d-4b63-824a-2ba458937249/pushes/1"
         }
      ]
   }
}