{
   "method": "GET",
   "resourceFormat": "/git/repositories/{repositoryId}/pushes/{pushId}?includeRefUpdates=true",
   "requestUrl": "https://fabrikam-fiber-inc.visualstudio.com/DefaultCollection/_apis/git/repositories/278d5cd2-584d-4b63-824a-2ba458937249/pushes/23?includeRefUpdates=true&api-version=1.0",
   "requestHeaders": {
      "Accept": "application/json"
   },
   "statusCode": 200,
   "responseHeaders": {
      "cache-control": "no-cache",
      "pragma": "no-cache",
      "content-type": "application/json; charset=utf-8; api-version=1.0",
      "expires": "-1",
      "server": "Microsoft-IIS/8.5",
      "x-tfs-processid": "3a53f505-18a5-41ea-9683-f7901dbd7a17",
      "strict-transport-security": "max-age=31536000; includeSubDomains",
      "x-frame-options": "SAMEORIGIN",
      "set-cookie": [
         "Tfs-SessionId=5cd7beb3-f22e-0004-4fdc-d85c2ef2cf01; path=/; secure",
         "Tfs-SessionActive=2014-10-28T02:01:31; path=/; secure"
      ],
      "x-vss-userdata": "d6245f20-2af8-44f4-9451-8107cb2767db:fabrikamfiber16@hotmail.com",
      "activityid": "c79a736d-f22e-0002-5fdd-9ac72ef2cf01",
      "x-aspnet-version": "4.0.30319",
      "x-powered-by": "ASP.NET",
      "p3p": "CP=\"CAO DSP COR ADMa DEV CONo TELo CUR PSA PSD TAI IVDo OUR SAMi BUS DEM NAV STA UNI COM INT PHY ONL FIN PUR LOC CNT\"",
      "x-content-type-options": "nosniff",
      "date": "Tue, 28 Oct 2014 02:01:30 GMT",
      "content-length": "1554"
   },
   "responseBody": {
      "commits": [],
      "refUpdates": [
         {
            "repositoryId": "278d5cd2-584d-4b63-824a-2ba458937249",
            "name": "refs/heads/master",
            "oldObjectId": "fe17a84cc2dfe0ea3a2202ab4dbac0706058e41f",
            "newObjectId": "23d0bc5b128a10056dc68afece360d8a0fabb014"
         }
      ],
      "pushedBy": {
         "id": "d6245f20-2af8-44f4-9451-8107cb2767db",
         "displayName": "Normal Paulk",
         "uniqueName": "fabrikamfiber16@hotmail.com",
         "url": "https://fabrikam-fiber-inc.vssps.visualstudio.com/_apis/Identities/d6245f20-2af8-44f4-9451-8107cb2767db",
         "imageUrl": "https://fabrikam-fiber-inc.visualstudio.com/DefaultCollection/_api/_common/identityImage?id=d6245f20-2af8-44f4-9451-8107cb2767db"
      },
      "pushId": 23,
      "date": "2014-06-30T18:11:18.0929091Z",
      "url": "https://fabrikam-fiber-inc.visualstudio.com/DefaultCollection/_apis/git/repositories/278d5cd2-584d-4b63-824a-2ba458937249/pushes/23",
      "_links": {
         "self": {
            "href": "https://fabrikam-fiber-inc.visualstudio.com/DefaultCollection/_apis/git/repositories/278d5cd2-584d-4b63-824a-2ba458937249/pushes/23"
         },
         "repository": {
            "href": "https://fabrikam-fiber-inc.visualstudio.com/DefaultCollection/_apis/git/repositories/278d5cd2-584d-4b63-824a-2ba458937249"
         },
         "commits": {
            "href": "https://fabrikam-fiber-inc.visualstudio.com/DefaultCollection/_apis/git/repositories/278d5cd2-584d-4b63-824a-2ba458937249/pushes/23/commits"
         },
         "pusher": {
            "href": "https://fabrikam-fiber-inc.vssps.visualstudio.com/_apis/Identities/d6245f20-2af8-44f4-9451-8107cb2767db"
         },
         "refs": {
            "href": "https://fabrikam-fiber-inc.visualstudio.com/DefaultCollection/_apis/git/repositories/278d5cd2-584d-4b63-824a-2ba458937249/refs/refs/heads/master"
         }
      }
   }
}