{
   "method": "POST",
   "resourceFormat": "/git/repositories/{tempRepoId}/pushes",
   "requestUrl": "https://fabrikam-fiber-inc.visualstudio.com/DefaultCollection/_apis/git/repositories/8ee9091d-0f54-4633-9bb2-b5ac74855a46/pushes?api-version=2.0-preview",
   "requestHeaders": {
      "Accept": "application/json",
      "Content-Type": "application/json",
      "Content-Length": 663
   },
   "requestBody": {
      "refUpdates": [
         {
            "name": "refs/heads/master",
            "oldObjectId": "b92a68a4cd54506d0d8e264ddddbfe5076dca910"
         }
      ],
      "commits": [
         {
            "comment": "Updating active tasks and adding a few new files.",
            "changes": [
               {
                  "changeType": "edit",
                  "item": {
                     "path": "/tasks/content/activetasks.md"
                  },
                  "newContent": {
                     "content": "# Tasks\n\n* Item 1\n* Item 2\n* Item 3\n* Item 4\n* Item 5\n* Item 6",
                     "contentType": "rawtext"
                  }
               },
               {
                  "changeType": "add",
                  "item": {
                     "path": "/tasks/content/newtasks.md"
                  },
                  "newContent": {
                     "content": "# New Tasks\n\nTBD",
                     "contentType": "rawtext"
                  }
               },
               {
                  "changeType": "add",
                  "item": {
                     "path": "/tasks/content/inactivetasks.md"
                  },
                  "newContent": {
                     "content": "# Inactive Tasks\n\nTBD",
                     "contentType": "rawtext"
                  }
               }
            ]
         }
      ]
   },
   "statusCode": 201,
   "responseHeaders": {
      "cache-control": "no-cache",
      "pragma": "no-cache",
      "content-type": "application/json; charset=utf-8; api-version=2.0-preview.2",
      "expires": "-1",
      "server": "Microsoft-IIS/8.5",
      "x-tfs-processid": "a3d9399c-34da-4409-ba3e-9ad56527fd5c",
      "strict-transport-security": "max-age=31536000; includeSubDomains",
      "x-frame-options": "SAMEORIGIN",
      "set-cookie": [
         "Tfs-SessionId=7fa267ee-1949-0000-ef5c-a47f4919d001; path=/; secure",
         "Tfs-SessionActive=2014-12-16T20:41:54; path=/; secure"
      ],
      "x-vss-userdata": "d6245f20-2af8-44f4-9451-8107cb2767db:fabrikamfiber16@hotmail.com",
      "activityid": "79992262-1949-0001-ec35-9b794919d001",
      "x-aspnet-version": "4.0.30319",
      "x-powered-by": "ASP.NET",
      "p3p": "CP=\"CAO DSP COR ADMa DEV CONo TELo CUR PSA PSD TAI IVDo OUR SAMi BUS DEM NAV STA UNI COM INT PHY ONL FIN PUR LOC CNT\"",
      "x-content-type-options": "nosniff",
      "date": "Tue, 16 Dec 2014 20:41:54 GMT",
      "content-length": "2164"
   },
   "responseBody": {
      "commits": [
         {
            "treeId": "ea40b6cc99f3f155a2c7be135e6aa2c82ae8e779",
            "commitId": "2b269bd10e6bd25ec459a0344e8641db395b3219",
            "author": {
               "name": "Normal Paulk",
               "email": "fabrikamfiber16@hotmail.com",
               "date": "2014-12-16T20:41:54Z"
            },
            "committer": {
               "name": "Normal Paulk",
               "email": "fabrikamfiber16@hotmail.com",
               "date": "2014-12-16T20:41:54Z"
            },
            "comment": "Updating active tasks and adding a few new files.\n",
            "parents": [
               "b92a68a4cd54506d0d8e264ddddbfe5076dca910"
            ],
            "url": "https://fabrikam-fiber-inc.visualstudio.com/DefaultCollection/_apis/git/repositories/8ee9091d-0f54-4633-9bb2-b5ac74855a46/commits/2b269bd10e6bd25ec459a0344e8641db395b3219"
         }
      ],
      "refUpdates": [
         {
            "repositoryId": "8ee9091d-0f54-4633-9bb2-b5ac74855a46",
            "name": "refs/heads/master",
            "oldObjectId": "b92a68a4cd54506d0d8e264ddddbfe5076dca910",
            "newObjectId": "2b269bd10e6bd25ec459a0344e8641db395b3219"
         }
      ],
      "pushedBy": {
         "id": "d6245f20-2af8-44f4-9451-8107cb2767db",
         "displayName": "Normal Paulk",
         "uniqueName": "fabrikamfiber16@hotmail.com",
         "url": "https://fabrikam-fiber-inc.vssps.visualstudio.com/_apis/Identities/d6245f20-2af8-44f4-9451-8107cb2767db",
         "imageUrl": "https://fabrikam-fiber-inc.visualstudio.com/DefaultCollection/_api/_common/identityImage?id=d6245f20-2af8-44f4-9451-8107cb2767db"
      },
      "pushId": 91,
      "date": "2014-12-16T20:41:54.7294804Z",
      "url": "https://fabrikam-fiber-inc.visualstudio.com/DefaultCollection/_apis/git/repositories/8ee9091d-0f54-4633-9bb2-b5ac74855a46/pushes/91",
      "_links": {
         "self": {
            "href": "https://fabrikam-fiber-inc.visualstudio.com/DefaultCollection/_apis/git/repositories/8ee9091d-0f54-4633-9bb2-b5ac74855a46/pushes/91"
         },
         "repository": {
            "href": "https://fabrikam-fiber-inc.visualstudio.com/DefaultCollection/_apis/git/repositories/8ee9091d-0f54-4633-9bb2-b5ac74855a46"
         },
         "commits": {
            "href": "https://fabrikam-fiber-inc.visualstudio.com/DefaultCollection/_apis/git/repositories/8ee9091d-0f54-4633-9bb2-b5ac74855a46/pushes/91/commits"
         },
         "pusher": {
            "href": "https://fabrikam-fiber-inc.vssps.visualstudio.com/_apis/Identities/d6245f20-2af8-44f4-9451-8107cb2767db"
         },
         "refs": {
            "href": "https://fabrikam-fiber-inc.visualstudio.com/DefaultCollection/_apis/git/repositories/8ee9091d-0f54-4633-9bb2-b5ac74855a46/refs/refs/heads/master"
         }
      }
   }
}