{
   "method": "POST",
   "resourceFormat": "/git/repositories/{tempRepoId}/pushes",
   "requestUrl": "https://fabrikam-fiber-inc.visualstudio.com/DefaultCollection/_apis/git/repositories/8ee9091d-0f54-4633-9bb2-b5ac74855a46/pushes?api-version=2.0-preview",
   "requestHeaders": {
      "Accept": "application/json",
      "Content-Type": "application/json",
      "Content-Length": 272
   },
   "requestBody": {
      "refUpdates": [
         {
            "name": "refs/heads/master",
            "oldObjectId": "0000000000000000000000000000000000000000"
         }
      ],
      "commits": [
         {
            "comment": "Initial commit.",
            "changes": [
               {
                  "changeType": "add",
                  "item": {
                     "path": "/readme.md"
                  },
                  "newContent": {
                     "content": "My first file!",
                     "contentType": "rawtext"
                  }
               }
            ]
         }
      ]
   },
   "statusCode": 201,
   "responseHeaders": {
      "cache-control": "no-cache",
      "pragma": "no-cache",
      "content-type": "application/json; charset=utf-8; api-version=2.0-preview.2",
      "expires": "-1",
      "server": "Microsoft-IIS/8.5",
      "x-tfs-processid": "5c4f13c1-46c0-4659-893f-a5292b423e2f",
      "strict-transport-security": "max-age=31536000; includeSubDomains",
      "x-frame-options": "SAMEORIGIN",
      "set-cookie": [
         "Tfs-SessionId=7fa267ee-1949-0000-ef5c-a47f4919d001; path=/; secure",
         "Tfs-SessionActive=2014-12-16T20:41:48; path=/; secure"
      ],
      "x-vss-userdata": "d6245f20-2af8-44f4-9451-8107cb2767db:fabrikamfiber16@hotmail.com",
      "activityid": "60a18966-1949-0001-a6a0-a3604919d001",
      "x-aspnet-version": "4.0.30319",
      "x-powered-by": "ASP.NET",
      "p3p": "CP=\"CAO DSP COR ADMa DEV CONo TELo CUR PSA PSD TAI IVDo OUR SAMi BUS DEM NAV STA UNI COM INT PHY ONL FIN PUR LOC CNT\"",
      "x-content-type-options": "nosniff",
      "date": "Tue, 16 Dec 2014 20:41:48 GMT",
      "content-length": "2088"
   },
   "responseBody": {
      "commits": [
         {
            "treeId": "404ff66f65520c7a480b343f010b2ce68d7ffbb3",
            "commitId": "8b67126d2500e28c771f82c9ddc292679978197c",
            "author": {
               "name": "Normal Paulk",
               "email": "fabrikamfiber16@hotmail.com",
               "date": "2014-12-16T20:41:48Z"
            },
            "committer": {
               "name": "Normal Paulk",
               "email": "fabrikamfiber16@hotmail.com",
               "date": "2014-12-16T20:41:48Z"
            },
            "comment": "Initial commit.\n",
            "parents": [],
            "url": "https://fabrikam-fiber-inc.visualstudio.com/DefaultCollection/_apis/git/repositories/8ee9091d-0f54-4633-9bb2-b5ac74855a46/commits/8b67126d2500e28c771f82c9ddc292679978197c"
         }
      ],
      "refUpdates": [
         {
            "repositoryId": "8ee9091d-0f54-4633-9bb2-b5ac74855a46",
            "name": "refs/heads/master",
            "oldObjectId": "0000000000000000000000000000000000000000",
            "newObjectId": "8b67126d2500e28c771f82c9ddc292679978197c"
         }
      ],
      "pushedBy": {
         "id": "d6245f20-2af8-44f4-9451-8107cb2767db",
         "displayName": "Normal Paulk",
         "uniqueName": "fabrikamfiber16@hotmail.com",
         "url": "https://fabrikam-fiber-inc.vssps.visualstudio.com/_apis/Identities/d6245f20-2af8-44f4-9451-8107cb2767db",
         "imageUrl": "https://fabrikam-fiber-inc.visualstudio.com/DefaultCollection/_api/_common/identityImage?id=d6245f20-2af8-44f4-9451-8107cb2767db"
      },
      "pushId": 83,
      "date": "2014-12-16T20:41:48.9579947Z",
      "url": "https://fabrikam-fiber-inc.visualstudio.com/DefaultCollection/_apis/git/repositories/8ee9091d-0f54-4633-9bb2-b5ac74855a46/pushes/83",
      "_links": {
         "self": {
            "href": "https://fabrikam-fiber-inc.visualstudio.com/DefaultCollection/_apis/git/repositories/8ee9091d-0f54-4633-9bb2-b5ac74855a46/pushes/83"
         },
         "repository": {
            "href": "https://fabrikam-fiber-inc.visualstudio.com/DefaultCollection/_apis/git/repositories/8ee9091d-0f54-4633-9bb2-b5ac74855a46"
         },
         "commits": {
            "href": "https://fabrikam-fiber-inc.visualstudio.com/DefaultCollection/_apis/git/repositories/8ee9091d-0f54-4633-9bb2-b5ac74855a46/pushes/83/commits"
         },
         "pusher": {
            "href": "https://fabrikam-fiber-inc.vssps.visualstudio.com/_apis/Identities/d6245f20-2af8-44f4-9451-8107cb2767db"
         },
         "refs": {
            "href": "https://fabrikam-fiber-inc.visualstudio.com/DefaultCollection/_apis/git/repositories/8ee9091d-0f54-4633-9bb2-b5ac74855a46/refs/refs/heads/master"
         }
      }
   }
}