{
   "method": "POST",
   "resourceFormat": "/git/repositories/{tempRepoId}/pushes",
   "requestUrl": "https://fabrikam-fiber-inc.visualstudio.com/DefaultCollection/_apis/git/repositories/8ee9091d-0f54-4633-9bb2-b5ac74855a46/pushes?api-version=2.0-preview",
   "requestHeaders": {
      "Accept": "application/json",
      "Content-Type": "application/json",
      "Content-Length": 265
   },
   "requestBody": {
      "refUpdates": [
         {
            "name": "refs/heads/master",
            "oldObjectId": "7f4fa8e454c196078e1ffca5cd6934515e605c96"
         }
      ],
      "commits": [
         {
            "comment": "Renaming tasks.md to activetasks.md",
            "changes": [
               {
                  "changeType": "rename",
                  "sourceServerItem": "/tasks.md",
                  "item": {
                     "path": "/activetasks.md"
                  }
               }
            ]
         }
      ]
   },
   "statusCode": 201,
   "responseHeaders": {
      "cache-control": "no-cache",
      "pragma": "no-cache",
      "content-type": "application/json; charset=utf-8; api-version=2.0-preview.2",
      "expires": "-1",
      "server": "Microsoft-IIS/8.5",
      "x-tfs-processid": "5c4f13c1-46c0-4659-893f-a5292b423e2f",
      "strict-transport-security": "max-age=31536000; includeSubDomains",
      "x-frame-options": "SAMEORIGIN",
      "set-cookie": [
         "Tfs-SessionId=7fa267ee-1949-0000-ef5c-a47f4919d001; path=/; secure",
         "Tfs-SessionActive=2014-12-16T20:41:52; path=/; secure"
      ],
      "x-vss-userdata": "d6245f20-2af8-44f4-9451-8107cb2767db:fabrikamfiber16@hotmail.com",
      "activityid": "60a18966-1949-0001-d1a0-a3604919d001",
      "x-aspnet-version": "4.0.30319",
      "x-powered-by": "ASP.NET",
      "p3p": "CP=\"CAO DSP COR ADMa DEV CONo TELo CUR PSA PSD TAI IVDo OUR SAMi BUS DEM NAV STA UNI COM INT PHY ONL FIN PUR LOC CNT\"",
      "x-content-type-options": "nosniff",
      "date": "Tue, 16 Dec 2014 20:41:52 GMT",
      "content-length": "2150"
   },
   "responseBody": {
      "commits": [
         {
            "treeId": "5e5656e84cd88a8035eaee63c5ab65fba3249d75",
            "commitId": "6e3c1f07d12eaf805a16db1352771816148c24b5",
            "author": {
               "name": "Normal Paulk",
               "email": "fabrikamfiber16@hotmail.com",
               "date": "2014-12-16T20:41:52Z"
            },
            "committer": {
               "name": "Normal Paulk",
               "email": "fabrikamfiber16@hotmail.com",
               "date": "2014-12-16T20:41:52Z"
            },
            "comment": "Renaming tasks.md to activetasks.md\n",
            "parents": [
               "7f4fa8e454c196078e1ffca5cd6934515e605c96"
            ],
            "url": "https://fabrikam-fiber-inc.visualstudio.com/DefaultCollection/_apis/git/repositories/8ee9091d-0f54-4633-9bb2-b5ac74855a46/commits/6e3c1f07d12eaf805a16db1352771816148c24b5"
         }
      ],
      "refUpdates": [
         {
            "repositoryId": "8ee9091d-0f54-4633-9bb2-b5ac74855a46",
            "name": "refs/heads/master",
            "oldObjectId": "7f4fa8e454c196078e1ffca5cd6934515e605c96",
            "newObjectId": "6e3c1f07d12eaf805a16db1352771816148c24b5"
         }
      ],
      "pushedBy": {
         "id": "d6245f20-2af8-44f4-9451-8107cb2767db",
         "displayName": "Normal Paulk",
         "uniqueName": "fabrikamfiber16@hotmail.com",
         "url": "https://fabrikam-fiber-inc.vssps.visualstudio.com/_apis/Identities/d6245f20-2af8-44f4-9451-8107cb2767db",
         "imageUrl": "https://fabrikam-fiber-inc.visualstudio.com/DefaultCollection/_api/_common/identityImage?id=d6245f20-2af8-44f4-9451-8107cb2767db"
      },
      "pushId": 88,
      "date": "2014-12-16T20:41:52.6357345Z",
      "url": "https://fabrikam-fiber-inc.visualstudio.com/DefaultCollection/_apis/git/repositories/8ee9091d-0f54-4633-9bb2-b5ac74855a46/pushes/88",
      "_links": {
         "self": {
            "href": "https://fabrikam-fiber-inc.visualstudio.com/DefaultCollection/_apis/git/repositories/8ee9091d-0f54-4633-9bb2-b5ac74855a46/pushes/88"
         },
         "repository": {
            "href": "https://fabrikam-fiber-inc.visualstudio.com/DefaultCollection/_apis/git/repositories/8ee9091d-0f54-4633-9bb2-b5ac74855a46"
         },
         "commits": {
            "href": "https://fabrikam-fiber-inc.visualstudio.com/DefaultCollection/_apis/git/repositories/8ee9091d-0f54-4633-9bb2-b5ac74855a46/pushes/88/commits"
         },
         "pusher": {
            "href": "https://fabrikam-fiber-inc.vssps.visualstudio.com/_apis/Identities/d6245f20-2af8-44f4-9451-8107cb2767db"
         },
         "refs": {
            "href": "https://fabrikam-fiber-inc.visualstudio.com/DefaultCollection/_apis/git/repositories/8ee9091d-0f54-4633-9bb2-b5ac74855a46/refs/refs/heads/master"
         }
      }
   }
}