{
   "method": "POST",
   "resourceFormat": "/git/repositories/{tempRepoId}/pushes",
   "requestUrl": "https://fabrikam-fiber-inc.visualstudio.com/DefaultCollection/_apis/git/repositories/8ee9091d-0f54-4633-9bb2-b5ac74855a46/pushes?api-version=2.0-preview",
   "requestHeaders": {
      "Accept": "application/json",
      "Content-Type": "application/json",
      "Content-Length": 288
   },
   "requestBody": {
      "refUpdates": [
         {
            "name": "refs/heads/master",
            "oldObjectId": "6e3c1f07d12eaf805a16db1352771816148c24b5"
         }
      ],
      "commits": [
         {
            "comment": "Moving activetasks.md to a new folder.",
            "changes": [
               {
                  "changeType": "rename",
                  "sourceServerItem": "/activetasks.md",
                  "item": {
                     "path": "/tasks/content/activetasks.md"
                  }
               }
            ]
         }
      ]
   },
   "statusCode": 201,
   "responseHeaders": {
      "cache-control": "no-cache",
      "pragma": "no-cache",
      "content-type": "application/json; charset=utf-8; api-version=2.0-preview.2",
      "expires": "-1",
      "server": "Microsoft-IIS/8.5",
      "x-tfs-processid": "dc8285a4-c405-4739-a373-02b7cf6c0491",
      "strict-transport-security": "max-age=31536000; includeSubDomains",
      "x-frame-options": "SAMEORIGIN",
      "set-cookie": [
         "Tfs-SessionId=7fa267ee-1949-0000-ef5c-a47f4919d001; path=/; secure",
         "Tfs-SessionActive=2014-12-16T20:41:52; path=/; secure"
      ],
      "x-vss-userdata": "d6245f20-2af8-44f4-9451-8107cb2767db:fabrikamfiber16@hotmail.com",
      "activityid": "6426b8bf-1949-0000-f9a3-28644919d001",
      "x-aspnet-version": "4.0.30319",
      "x-powered-by": "ASP.NET",
      "p3p": "CP=\"CAO DSP COR ADMa DEV CONo TELo CUR PSA PSD TAI IVDo OUR SAMi BUS DEM NAV STA UNI COM INT PHY ONL FIN PUR LOC CNT\"",
      "x-content-type-options": "nosniff",
      "date": "Tue, 16 Dec 2014 20:41:52 GMT",
      "content-length": "2153"
   },
   "responseBody": {
      "commits": [
         {
            "treeId": "5587e0b919b64d9cfd3a57bc0236b5c17ce8e6c8",
            "commitId": "b92a68a4cd54506d0d8e264ddddbfe5076dca910",
            "author": {
               "name": "Normal Paulk",
               "email": "fabrikamfiber16@hotmail.com",
               "date": "2014-12-16T20:41:53Z"
            },
            "committer": {
               "name": "Normal Paulk",
               "email": "fabrikamfiber16@hotmail.com",
               "date": "2014-12-16T20:41:53Z"
            },
            "comment": "Moving activetasks.md to a new folder.\n",
            "parents": [
               "6e3c1f07d12eaf805a16db1352771816148c24b5"
            ],
            "url": "https://fabrikam-fiber-inc.visualstudio.com/DefaultCollection/_apis/git/repositories/8ee9091d-0f54-4633-9bb2-b5ac74855a46/commits/b92a68a4cd54506d0d8e264ddddbfe5076dca910"
         }
      ],
      "refUpdates": [
         {
            "repositoryId": "8ee9091d-0f54-4633-9bb2-b5ac74855a46",
            "name": "refs/heads/master",
            "oldObjectId": "6e3c1f07d12eaf805a16db1352771816148c24b5",
            "newObjectId": "b92a68a4cd54506d0d8e264ddddbfe5076dca910"
         }
      ],
      "pushedBy": {
         "id": "d6245f20-2af8-44f4-9451-8107cb2767db",
         "displayName": "Normal Paulk",
         "uniqueName": "fabrikamfiber16@hotmail.com",
         "url": "https://fabrikam-fiber-inc.vssps.visualstudio.com/_apis/Identities/d6245f20-2af8-44f4-9451-8107cb2767db",
         "imageUrl": "https://fabrikam-fiber-inc.visualstudio.com/DefaultCollection/_api/_common/identityImage?id=d6245f20-2af8-44f4-9451-8107cb2767db"
      },
      "pushId": 89,
      "date": "2014-12-16T20:41:53.4638459Z",
      "url": "https://fabrikam-fiber-inc.visualstudio.com/DefaultCollection/_apis/git/repositories/8ee9091d-0f54-4633-9bb2-b5ac74855a46/pushes/89",
      "_links": {
         "self": {
            "href": "https://fabrikam-fiber-inc.visualstudio.com/DefaultCollection/_apis/git/repositories/8ee9091d-0f54-4633-9bb2-b5ac74855a46/pushes/89"
         },
         "repository": {
            "href": "https://fabrikam-fiber-inc.visualstudio.com/DefaultCollection/_apis/git/repositories/8ee9091d-0f54-4633-9bb2-b5ac74855a46"
         },
         "commits": {
            "href": "https://fabrikam-fiber-inc.visualstudio.com/DefaultCollection/_apis/git/repositories/8ee9091d-0f54-4633-9bb2-b5ac74855a46/pushes/89/commits"
         },
         "pusher": {
            "href": "https://fabrikam-fiber-inc.vssps.visualstudio.com/_apis/Identities/d6245f20-2af8-44f4-9451-8107cb2767db"
         },
         "refs": {
            "href": "https://fabrikam-fiber-inc.visualstudio.com/DefaultCollection/_apis/git/repositories/8ee9091d-0f54-4633-9bb2-b5ac74855a46/refs/refs/heads/master"
         }
      }
   }
}