{
   "method": "POST",
   "resourceFormat": "/git/repositories/{tempRepoId}/pushes",
   "requestUrl": "https://fabrikam-fiber-inc.visualstudio.com/DefaultCollection/_apis/git/repositories/8ee9091d-0f54-4633-9bb2-b5ac74855a46/pushes?api-version=2.0-preview",
   "requestHeaders": {
      "Accept": "application/json",
      "Content-Type": "application/json",
      "Content-Length": 391
   },
   "requestBody": {
      "refUpdates": [
         {
            "name": "refs/heads/master",
            "oldObjectId": "fd1062428e0567cfbfcc28ac59d4bea077ce81c1"
         }
      ],
      "commits": [
         {
            "comment": "Added a few more items to the task list.",
            "changes": [
               {
                  "changeType": "edit",
                  "item": {
                     "path": "/tasks.md"
                  },
                  "newContent": {
                     "content": "# Tasks\n\n* Item 1\n* Item 2\n* Item 3\n* Item 4\n\nIf you need to add more, update this file and add them!",
                     "contentType": "rawtext"
                  }
               }
            ]
         }
      ]
   },
   "statusCode": 201,
   "responseHeaders": {
      "cache-control": "no-cache",
      "pragma": "no-cache",
      "content-type": "application/json; charset=utf-8; api-version=2.0-preview.2",
      "expires": "-1",
      "server": "Microsoft-IIS/8.5",
      "x-tfs-processid": "cd63c732-dcc1-49bd-87b3-033a38e04ab9",
      "strict-transport-security": "max-age=31536000; includeSubDomains",
      "x-frame-options": "SAMEORIGIN",
      "set-cookie": [
         "Tfs-SessionId=7fa267ee-1949-0000-ef5c-a47f4919d001; path=/; secure",
         "Tfs-SessionActive=2014-12-16T20:41:50; path=/; secure"
      ],
      "x-vss-userdata": "d6245f20-2af8-44f4-9451-8107cb2767db:fabrikamfiber16@hotmail.com",
      "activityid": "7fa267ee-1949-0004-f1f1-a37f4919d001",
      "x-aspnet-version": "4.0.30319",
      "x-powered-by": "ASP.NET",
      "p3p": "CP=\"CAO DSP COR ADMa DEV CONo TELo CUR PSA PSD TAI IVDo OUR SAMi BUS DEM NAV STA UNI COM INT PHY ONL FIN PUR LOC CNT\"",
      "x-content-type-options": "nosniff",
      "date": "Tue, 16 Dec 2014 20:41:50 GMT",
      "content-length": "2155"
   },
   "responseBody": {
      "commits": [
         {
            "treeId": "bd2aeadd55cbc9794c3fac614ab105d07e20d387",
            "commitId": "fef9b2407969c5921a6ef4f7771a919e1a85de19",
            "author": {
               "name": "Normal Paulk",
               "email": "fabrikamfiber16@hotmail.com",
               "date": "2014-12-16T20:41:50Z"
            },
            "committer": {
               "name": "Normal Paulk",
               "email": "fabrikamfiber16@hotmail.com",
               "date": "2014-12-16T20:41:50Z"
            },
            "comment": "Added a few more items to the task list.\n",
            "parents": [
               "fd1062428e0567cfbfcc28ac59d4bea077ce81c1"
            ],
            "url": "https://fabrikam-fiber-inc.visualstudio.com/DefaultCollection/_apis/git/repositories/8ee9091d-0f54-4633-9bb2-b5ac74855a46/commits/fef9b2407969c5921a6ef4f7771a919e1a85de19"
         }
      ],
      "refUpdates": [
         {
            "repositoryId": "8ee9091d-0f54-4633-9bb2-b5ac74855a46",
            "name": "refs/heads/master",
            "oldObjectId": "fd1062428e0567cfbfcc28ac59d4bea077ce81c1",
            "newObjectId": "fef9b2407969c5921a6ef4f7771a919e1a85de19"
         }
      ],
      "pushedBy": {
         "id": "d6245f20-2af8-44f4-9451-8107cb2767db",
         "displayName": "Normal Paulk",
         "uniqueName": "fabrikamfiber16@hotmail.com",
         "url": "https://fabrikam-fiber-inc.vssps.visualstudio.com/_apis/Identities/d6245f20-2af8-44f4-9451-8107cb2767db",
         "imageUrl": "https://fabrikam-fiber-inc.visualstudio.com/DefaultCollection/_api/_common/identityImage?id=d6245f20-2af8-44f4-9451-8107cb2767db"
      },
      "pushId": 86,
      "date": "2014-12-16T20:41:51.1513097Z",
      "url": "https://fabrikam-fiber-inc.visualstudio.com/DefaultCollection/_apis/git/repositories/8ee9091d-0f54-4633-9bb2-b5ac74855a46/pushes/86",
      "_links": {
         "self": {
            "href": "https://fabrikam-fiber-inc.visualstudio.com/DefaultCollection/_apis/git/repositories/8ee9091d-0f54-4633-9bb2-b5ac74855a46/pushes/86"
         },
         "repository": {
            "href": "https://fabrikam-fiber-inc.visualstudio.com/DefaultCollection/_apis/git/repositories/8ee9091d-0f54-4633-9bb2-b5ac74855a46"
         },
         "commits": {
            "href": "https://fabrikam-fiber-inc.visualstudio.com/DefaultCollection/_apis/git/repositories/8ee9091d-0f54-4633-9bb2-b5ac74855a46/pushes/86/commits"
         },
         "pusher": {
            "href": "https://fabrikam-fiber-inc.vssps.visualstudio.com/_apis/Identities/d6245f20-2af8-44f4-9451-8107cb2767db"
         },
         "refs": {
            "href": "https://fabrikam-fiber-inc.visualstudio.com/DefaultCollection/_apis/git/repositories/8ee9091d-0f54-4633-9bb2-b5ac74855a46/refs/refs/heads/master"
         }
      }
   }
}