{
   "method": "GET",
   "resourceFormat": "/git/repositories/{repositoryId}/commits/{commitId}?changeCount=10",
   "requestUrl": "https://fabrikam-fiber-inc.visualstudio.com/DefaultCollection/_apis/git/repositories/278d5cd2-584d-4b63-824a-2ba458937249/commits/be67f8871a4d2c75f13a51c1d3c30ac0d74d4ef4?changeCount=10&api-version=1.0",
   "requestHeaders": {
      "Accept": "application/json"
   },
   "statusCode": 200,
   "responseHeaders": {
      "cache-control": "no-cache",
      "pragma": "no-cache",
      "content-type": "application/json; charset=utf-8; api-version=1.0",
      "expires": "-1",
      "server": "Microsoft-IIS/8.5",
      "x-tfs-processid": "6af8bb09-a4c2-4549-987e-eaaf4a2ac411",
      "strict-transport-security": "max-age=31536000; includeSubDomains",
      "x-frame-options": "SAMEORIGIN",
      "set-cookie": [
         "Tfs-SessionId=5cd7beb3-f22e-0002-810a-d85c2ef2cf01; path=/; secure",
         "Tfs-SessionActive=2014-10-28T00:41:05; path=/; secure"
      ],
      "x-vss-userdata": "d6245f20-2af8-44f4-9451-8107cb2767db:fabrikamfiber16@hotmail.com",
      "activityid": "13d8cf0d-f22f-0000-86b0-d9132ff2cf01",
      "x-aspnet-version": "4.0.30319",
      "x-powered-by": "ASP.NET",
      "p3p": "CP=\"CAO DSP COR ADMa DEV CONo TELo CUR PSA PSD TAI IVDo OUR SAMi BUS DEM NAV STA UNI COM INT PHY ONL FIN PUR LOC CNT\"",
      "x-content-type-options": "nosniff",
      "date": "Tue, 28 Oct 2014 00:41:05 GMT",
      "content-length": "4765"
   },
   "responseBody": {
      "parents": [],
      "treeId": "7fa1a3523ffef51c525ea476bffff7d648b8cb3d",
      "push": {
         "pushedBy": {
            "id": "8c8c7d32-6b1b-47f4-b2e9-30b477b5ab3d",
            "displayName": "Chuck Reinhart",
            "uniqueName": "fabrikamfiber3@hotmail.com",
            "url": "https://fabrikam-fiber-inc.vssps.visualstudio.com/_apis/Identities/8c8c7d32-6b1b-47f4-b2e9-30b477b5ab3d",
            "imageUrl": "https://fabrikam-fiber-inc.visualstudio.com/DefaultCollection/_api/_common/identityImage?id=8c8c7d32-6b1b-47f4-b2e9-30b477b5ab3d"
         },
         "pushId": 1,
         "date": "2014-01-29T23:33:15.2434002Z"
      },
      "commitId": "be67f8871a4d2c75f13a51c1d3c30ac0d74d4ef4",
      "author": {
         "name": "Chuck Reinhart",
         "email": "fabrikamfiber3@hotmail.com",
         "date": "2014-01-29T23:32:09Z"
      },
      "committer": {
         "name": "Chuck Reinhart",
         "email": "fabrikamfiber3@hotmail.com",
         "date": "2014-01-29T23:32:09Z"
      },
      "comment": "First cut\n",
      "changeCounts": {
         "Add": 456
      },
      "changes": [
         {
            "item": {
               "gitObjectType": "blob",
               "path": "/.gitattributes",
               "url": "https://fabrikam-fiber-inc.visualstudio.com/DefaultCollection/_apis/git/repositories/278d5cd2-584d-4b63-824a-2ba458937249/items/.gitattributes?versionType=Commit"
            },
            "changeType": "add"
         },
         {
            "item": {
               "gitObjectType": "blob",
               "path": "/.gitignore",
               "url": "https://fabrikam-fiber-inc.visualstudio.com/DefaultCollection/_apis/git/repositories/278d5cd2-584d-4b63-824a-2ba458937249/items/.gitignore?versionType=Commit"
            },
            "changeType": "add"
         },
         {
            "item": {
               "gitObjectType": "tree",
               "path": "/MyWebSite",
               "isFolder": true,
               "url": "https://fabrikam-fiber-inc.visualstudio.com/DefaultCollection/_apis/git/repositories/278d5cd2-584d-4b63-824a-2ba458937249/items/MyWebSite?versionType=Commit"
            },
            "changeType": "add"
         },
         {
            "item": {
               "gitObjectType": "tree",
               "path": "/MyWebSite/MyWebSite",
               "isFolder": true,
               "url": "https://fabrikam-fiber-inc.visualstudio.com/DefaultCollection/_apis/git/repositories/278d5cd2-584d-4b63-824a-2ba458937249/items/MyWebSite/MyWebSite?versionType=Commit"
            },
            "changeType": "add"
         },
         {
            "item": {
               "gitObjectType": "blob",
               "path": "/MyWebSite/MyWebSite.sln",
               "url": "https://fabrikam-fiber-inc.visualstudio.com/DefaultCollection/_apis/git/repositories/278d5cd2-584d-4b63-824a-2ba458937249/items/MyWebSite/MyWebSite.sln?versionType=Commit"
            },
            "changeType": "add"
         },
         {
            "item": {
               "gitObjectType": "tree",
               "path": "/MyWebSite/packages",
               "isFolder": true,
               "url": "https://fabrikam-fiber-inc.visualstudio.com/DefaultCollection/_apis/git/repositories/278d5cd2-584d-4b63-824a-2ba458937249/items/MyWebSite/packages?versionType=Commit"
            },
            "changeType": "add"
         },
         {
            "item": {
               "gitObjectType": "tree",
               "path": "/MyWebSite/MyWebSite/App_Start",
               "isFolder": true,
               "url": "https://fabrikam-fiber-inc.visualstudio.com/DefaultCollection/_apis/git/repositories/278d5cd2-584d-4b63-824a-2ba458937249/items/MyWebSite/MyWebSite/App_Start?versionType=Commit"
            },
            "changeType": "add"
         },
         {
            "item": {
               "gitObjectType": "tree",
               "path": "/MyWebSite/MyWebSite/Areas",
               "isFolder": true,
               "url": "https://fabrikam-fiber-inc.visualstudio.com/DefaultCollection/_apis/git/repositories/278d5cd2-584d-4b63-824a-2ba458937249/items/MyWebSite/MyWebSite/Areas?versionType=Commit"
            },
            "changeType": "add"
         },
         {
            "item": {
               "gitObjectType": "tree",
               "path": "/MyWebSite/MyWebSite/Content",
               "isFolder": true,
               "url": "https://fabrikam-fiber-inc.visualstudio.com/DefaultCollection/_apis/git/repositories/278d5cd2-584d-4b63-824a-2ba458937249/items/MyWebSite/MyWebSite/Content?versionType=Commit"
            },
            "changeType": "add"
         },
         {
            "item": {
               "gitObjectType": "tree",
               "path": "/MyWebSite/MyWebSite/Controllers",
               "isFolder": true,
               "url": "https://fabrikam-fiber-inc.visualstudio.com/DefaultCollection/_apis/git/repositories/278d5cd2-584d-4b63-824a-2ba458937249/items/MyWebSite/MyWebSite/Controllers?versionType=Commit"
            },
            "changeType": "add"
         }
      ],
      "url": "https://fabrikam-fiber-inc.visualstudio.com/DefaultCollection/_apis/git/repositories/278d5cd2-584d-4b63-824a-2ba458937249/commits/be67f8871a4d2c75f13a51c1d3c30ac0d74d4ef4",
      "remoteUrl": "https://fabrikam-fiber-inc.visualstudio.com/DefaultCollection/_git/Fabrikam-Fiber-Git/commit/be67f8871a4d2c75f13a51c1d3c30ac0d74d4ef4",
      "_links": {
         "self": {
            "href": "https://fabrikam-fiber-inc.visualstudio.com/DefaultCollection/_apis/git/repositories/278d5cd2-584d-4b63-824a-2ba458937249/commits/be67f8871a4d2c75f13a51c1d3c30ac0d74d4ef4"
         },
         "repository": {
            "href": "https://fabrikam-fiber-inc.visualstudio.com/DefaultCollection/_apis/git/repositories/278d5cd2-584d-4b63-824a-2ba458937249"
         },
         "changes": {
            "href": "https://fabrikam-fiber-inc.visualstudio.com/DefaultCollection/_apis/git/repositories/278d5cd2-584d-4b63-824a-2ba458937249/commits/be67f8871a4d2c75f13a51c1d3c30ac0d74d4ef4/changes"
         },
         "web": {
            "href": "https://fabrikam-fiber-inc.visualstudio.com/DefaultCollection/_git/Fabrikam-Fiber-Git/commit/be67f8871a4d2c75f13a51c1d3c30ac0d74d4ef4"
         },
         "tree": {
            "href": "https://fabrikam-fiber-inc.visualstudio.com/DefaultCollection/_apis/git/repositories/278d5cd2-584d-4b63-824a-2ba458937249/trees/7fa1a3523ffef51c525ea476bffff7d648b8cb3d"
         }
      }
   }
}