{
   "method": "GET",
   "resourceFormat": "/git/repositories/{repositoryId}/commits?user={committer}",
   "requestUrl": "https://fabrikam-fiber-inc.visualstudio.com/DefaultCollection/_apis/git/repositories/278d5cd2-584d-4b63-824a-2ba458937249/commits?user=Chuck Reinhart&api-version=1.0",
   "requestHeaders": {
      "Accept": "application/json"
   },
   "statusCode": 200,
   "responseHeaders": {
      "cache-control": "no-cache",
      "pragma": "no-cache",
      "content-type": "application/json; charset=utf-8; api-version=1.0",
      "expires": "-1",
      "server": "Microsoft-IIS/8.5",
      "x-tfs-processid": "3a53f505-18a5-41ea-9683-f7901dbd7a17",
      "strict-transport-security": "max-age=31536000; includeSubDomains",
      "x-frame-options": "SAMEORIGIN",
      "set-cookie": [
         "Tfs-SessionId=5cd7beb3-f22e-0002-810a-d85c2ef2cf01; path=/; secure",
         "Tfs-SessionActive=2014-10-28T00:41:03; path=/; secure"
      ],
      "x-vss-userdata": "d6245f20-2af8-44f4-9451-8107cb2767db:fabrikamfiber16@hotmail.com",
      "activityid": "c79a736d-f22e-0000-7366-9bc72ef2cf01",
      "x-aspnet-version": "4.0.30319",
      "x-powered-by": "ASP.NET",
      "p3p": "CP=\"CAO DSP COR ADMa DEV CONo TELo CUR PSA PSD TAI IVDo OUR SAMi BUS DEM NAV STA UNI COM INT PHY ONL FIN PUR LOC CNT\"",
      "x-content-type-options": "nosniff",
      "date": "Tue, 28 Oct 2014 00:41:03 GMT",
      "content-length": "12351"
   },
   "responseBody": {
      "count": 19,
      "value": [
         {
            "commitId": "23d0bc5b128a10056dc68afece360d8a0fabb014",
            "author": {
               "name": "Norman Paulk",
               "email": "Fabrikamfiber16@hotmail.com",
               "date": "2014-06-30T18:10:55Z"
            },
            "committer": {
               "name": "Norman Paulk",
               "email": "Fabrikamfiber16@hotmail.com",
               "date": "2014-06-30T18:10:55Z"
            },
            "comment": "Better description for hello world",
            "changeCounts": {
               "Edit": 1
            },
            "url": "https://fabrikam-fiber-inc.visualstudio.com/DefaultCollection/_apis/git/repositories/278d5cd2-584d-4b63-824a-2ba458937249/commits/23d0bc5b128a10056dc68afece360d8a0fabb014",
            "remoteUrl": "https://fabrikam-fiber-inc.visualstudio.com/DefaultCollection/_git/Fabrikam-Fiber-Git/commit/23d0bc5b128a10056dc68afece360d8a0fabb014"
         },
         {
            "commitId": "fe17a84cc2dfe0ea3a2202ab4dbac0706058e41f",
            "author": {
               "name": "Norman Paulk",
               "email": "Fabrikamfiber16@hotmail.com",
               "date": "2014-06-30T17:51:09Z"
            },
            "committer": {
               "name": "Norman Paulk",
               "email": "Fabrikamfiber16@hotmail.com",
               "date": "2014-06-30T17:51:09Z"
            },
            "comment": "Better description for hello world",
            "changeCounts": {
               "Edit": 1
            },
            "url": "https://fabrikam-fiber-inc.visualstudio.com/DefaultCollection/_apis/git/repositories/278d5cd2-584d-4b63-824a-2ba458937249/commits/fe17a84cc2dfe0ea3a2202ab4dbac0706058e41f",
            "remoteUrl": "https://fabrikam-fiber-inc.visualstudio.com/DefaultCollection/_git/Fabrikam-Fiber-Git/commit/fe17a84cc2dfe0ea3a2202ab4dbac0706058e41f"
         },
         {
            "commitId": "0360c963d7d86d040e9c33bba836feab14da4ad3",
            "author": {
               "name": "Norman Paulk",
               "email": "Fabrikamfiber16@hotmail.com",
               "date": "2014-06-10T19:42:13Z"
            },
            "committer": {
               "name": "Norman Paulk",
               "email": "Fabrikamfiber16@hotmail.com",
               "date": "2014-06-10T19:42:13Z"
            },
            "comment": "Fix for hello world class",
            "changeCounts": {
               "Edit": 1
            },
            "url": "https://fabrikam-fiber-inc.visualstudio.com/DefaultCollection/_apis/git/repositories/278d5cd2-584d-4b63-824a-2ba458937249/commits/0360c963d7d86d040e9c33bba836feab14da4ad3",
            "remoteUrl": "https://fabrikam-fiber-inc.visualstudio.com/DefaultCollection/_git/Fabrikam-Fiber-Git/commit/0360c963d7d86d040e9c33bba836feab14da4ad3"
         },
         {
            "commitId": "097d82b8aeabe493bf4c3553d320ae2529bba591",
            "author": {
               "name": "Chuck Reinhart",
               "email": "fabrikamfiber3@hotmail.com",
               "date": "2014-06-09T21:43:25Z"
            },
            "committer": {
               "name": "Chuck Reinhart",
               "email": "fabrikamfiber3@hotmail.com",
               "date": "2014-06-09T21:43:25Z"
            },
            "comment": "fix registration page",
            "changeCounts": {
               "Edit": 1
            },
            "url": "https://fabrikam-fiber-inc.visualstudio.com/DefaultCollection/_apis/git/repositories/278d5cd2-584d-4b63-824a-2ba458937249/commits/097d82b8aeabe493bf4c3553d320ae2529bba591",
            "remoteUrl": "https://fabrikam-fiber-inc.visualstudio.com/DefaultCollection/_git/Fabrikam-Fiber-Git/commit/097d82b8aeabe493bf4c3553d320ae2529bba591"
         },
         {
            "commitId": "33b55f7cb7e7e245323987634f960cf4a6e6bc74",
            "author": {
               "name": "Will Smythe",
               "email": "wismythe@microsoft.com",
               "date": "2014-05-02T19:17:05Z"
            },
            "committer": {
               "name": "Will Smythe",
               "email": "wismythe@microsoft.com",
               "date": "2014-05-02T19:17:05Z"
            },
            "comment": "Fixed bug in web.config file",
            "changeCounts": {
               "Edit": 1
            },
            "url": "https://fabrikam-fiber-inc.visualstudio.com/DefaultCollection/_apis/git/repositories/278d5cd2-584d-4b63-824a-2ba458937249/commits/33b55f7cb7e7e245323987634f960cf4a6e6bc74",
            "remoteUrl": "https://fabrikam-fiber-inc.visualstudio.com/DefaultCollection/_git/Fabrikam-Fiber-Git/commit/33b55f7cb7e7e245323987634f960cf4a6e6bc74"
         },
         {
            "commitId": "aad331d8d3b131fa9ae03cf5e53965b51942618a",
            "author": {
               "name": "Howie Hilliker",
               "email": "hhill@microsoft.com",
               "date": "2014-04-14T21:34:52Z"
            },
            "committer": {
               "name": "Howie Hilliker",
               "email": "hhill@microsoft.com",
               "date": "2014-04-14T21:34:52Z"
            },
            "comment": "Fixed bug for address validation.",
            "changeCounts": {
               "Edit": 1
            },
            "url": "https://fabrikam-fiber-inc.visualstudio.com/DefaultCollection/_apis/git/repositories/278d5cd2-584d-4b63-824a-2ba458937249/commits/aad331d8d3b131fa9ae03cf5e53965b51942618a",
            "remoteUrl": "https://fabrikam-fiber-inc.visualstudio.com/DefaultCollection/_git/Fabrikam-Fiber-Git/commit/aad331d8d3b131fa9ae03cf5e53965b51942618a"
         },
         {
            "commitId": "7c18355d8c2d946c5e1ce7a56f49653854445a1a",
            "author": {
               "name": "Howie Hilliker",
               "email": "hhill@microsoft.com",
               "date": "2014-03-28T17:05:58Z"
            },
            "committer": {
               "name": "Howie Hilliker",
               "email": "hhill@microsoft.com",
               "date": "2014-03-28T17:05:58Z"
            },
            "comment": "Added validation logic.",
            "changeCounts": {
               "Edit": 1
            },
            "url": "https://fabrikam-fiber-inc.visualstudio.com/DefaultCollection/_apis/git/repositories/278d5cd2-584d-4b63-824a-2ba458937249/commits/7c18355d8c2d946c5e1ce7a56f49653854445a1a",
            "remoteUrl": "https://fabrikam-fiber-inc.visualstudio.com/DefaultCollection/_git/Fabrikam-Fiber-Git/commit/7c18355d8c2d946c5e1ce7a56f49653854445a1a"
         },
         {
            "commitId": "cdaeef70a358ede7b4dc7b4a089f3853f37a6d2c",
            "author": {
               "name": "Howie Hilliker",
               "email": "hhill@microsoft.com",
               "date": "2014-03-27T19:51:11Z"
            },
            "committer": {
               "name": "Howie Hilliker",
               "email": "hhill@microsoft.com",
               "date": "2014-03-27T19:51:11Z"
            },
            "comment": "Added validation logic for zip code.",
            "changeCounts": {
               "Edit": 1
            },
            "url": "https://fabrikam-fiber-inc.visualstudio.com/DefaultCollection/_apis/git/repositories/278d5cd2-584d-4b63-824a-2ba458937249/commits/cdaeef70a358ede7b4dc7b4a089f3853f37a6d2c",
            "remoteUrl": "https://fabrikam-fiber-inc.visualstudio.com/DefaultCollection/_git/Fabrikam-Fiber-Git/commit/cdaeef70a358ede7b4dc7b4a089f3853f37a6d2c"
         },
         {
            "commitId": "ef837766c5eb3ae81a4c663d36bf95a8aed91312",
            "author": {
               "name": "Howie Hilliker",
               "email": "hhill@microsoft.com",
               "date": "2014-03-26T20:25:39Z"
            },
            "committer": {
               "name": "Howie Hilliker",
               "email": "hhill@microsoft.com",
               "date": "2014-03-26T20:25:39Z"
            },
            "comment": "Add validation code for zip code values.",
            "changeCounts": {
               "Edit": 1
            },
            "url": "https://fabrikam-fiber-inc.visualstudio.com/DefaultCollection/_apis/git/repositories/278d5cd2-584d-4b63-824a-2ba458937249/commits/ef837766c5eb3ae81a4c663d36bf95a8aed91312",
            "remoteUrl": "https://fabrikam-fiber-inc.visualstudio.com/DefaultCollection/_git/Fabrikam-Fiber-Git/commit/ef837766c5eb3ae81a4c663d36bf95a8aed91312"
         },
         {
            "commitId": "bd73638408daff89bcdac549a5a3396c9a7ce9dd",
            "author": {
               "name": "Howie Hilliker",
               "email": "hhill@microsoft.com",
               "date": "2014-03-26T18:56:21Z"
            },
            "committer": {
               "name": "Howie Hilliker",
               "email": "hhill@microsoft.com",
               "date": "2014-03-26T18:56:21Z"
            },
            "comment": "Added validation logic for zip code values.",
            "changeCounts": {
               "Edit": 1
            },
            "url": "https://fabrikam-fiber-inc.visualstudio.com/DefaultCollection/_apis/git/repositories/278d5cd2-584d-4b63-824a-2ba458937249/commits/bd73638408daff89bcdac549a5a3396c9a7ce9dd",
            "remoteUrl": "https://fabrikam-fiber-inc.visualstudio.com/DefaultCollection/_git/Fabrikam-Fiber-Git/commit/bd73638408daff89bcdac549a5a3396c9a7ce9dd"
         },
         {
            "commitId": "03bea1cebffa5726da0e3c0bc1487796d0dd0ee8",
            "author": {
               "name": "Howie Hilliker",
               "email": "hhill@microsoft.com",
               "date": "2014-03-26T18:42:24Z"
            },
            "committer": {
               "name": "Howie Hilliker",
               "email": "hhill@microsoft.com",
               "date": "2014-03-26T18:42:24Z"
            },
            "comment": "Added validation logic for address values.",
            "changeCounts": {
               "Edit": 1
            },
            "url": "https://fabrikam-fiber-inc.visualstudio.com/DefaultCollection/_apis/git/repositories/278d5cd2-584d-4b63-824a-2ba458937249/commits/03bea1cebffa5726da0e3c0bc1487796d0dd0ee8",
            "remoteUrl": "https://fabrikam-fiber-inc.visualstudio.com/DefaultCollection/_git/Fabrikam-Fiber-Git/commit/03bea1cebffa5726da0e3c0bc1487796d0dd0ee8"
         },
         {
            "commitId": "c093714168cdd190c1e171a803e996d685454352",
            "author": {
               "name": "Howie Hilliker",
               "email": "hhill@microsoft.com",
               "date": "2014-03-26T18:37:32Z"
            },
            "committer": {
               "name": "Howie Hilliker",
               "email": "hhill@microsoft.com",
               "date": "2014-03-26T18:37:32Z"
            },
            "comment": "Added validation logic for zip code values.",
            "changeCounts": {
               "Edit": 1
            },
            "url": "https://fabrikam-fiber-inc.visualstudio.com/DefaultCollection/_apis/git/repositories/278d5cd2-584d-4b63-824a-2ba458937249/commits/c093714168cdd190c1e171a803e996d685454352",
            "remoteUrl": "https://fabrikam-fiber-inc.visualstudio.com/DefaultCollection/_git/Fabrikam-Fiber-Git/commit/c093714168cdd190c1e171a803e996d685454352"
         },
         {
            "commitId": "3d203ea73427cec36b77a3a5a2e4f1f8ba7de170",
            "author": {
               "name": "Howie Hilliker",
               "email": "hhill@microsoft.com",
               "date": "2014-03-26T18:00:14Z"
            },
            "committer": {
               "name": "Howie Hilliker",
               "email": "hhill@microsoft.com",
               "date": "2014-03-26T18:00:14Z"
            },
            "comment": "Added code.",
            "changeCounts": {
               "Edit": 1
            },
            "url": "https://fabrikam-fiber-inc.visualstudio.com/DefaultCollection/_apis/git/repositories/278d5cd2-584d-4b63-824a-2ba458937249/commits/3d203ea73427cec36b77a3a5a2e4f1f8ba7de170",
            "remoteUrl": "https://fabrikam-fiber-inc.visualstudio.com/DefaultCollection/_git/Fabrikam-Fiber-Git/commit/3d203ea73427cec36b77a3a5a2e4f1f8ba7de170"
         },
         {
            "commitId": "1eea03b2ad9f14a5e7297c1307e36c980eb910ea",
            "author": {
               "name": "Howie Hilliker",
               "email": "hhill@microsoft.com",
               "date": "2014-03-26T16:17:11Z"
            },
            "committer": {
               "name": "Howie Hilliker",
               "email": "hhill@microsoft.com",
               "date": "2014-03-26T16:17:11Z"
            },
            "comment": "Added code.",
            "changeCounts": {
               "Edit": 1
            },
            "url": "https://fabrikam-fiber-inc.visualstudio.com/DefaultCollection/_apis/git/repositories/278d5cd2-584d-4b63-824a-2ba458937249/commits/1eea03b2ad9f14a5e7297c1307e36c980eb910ea",
            "remoteUrl": "https://fabrikam-fiber-inc.visualstudio.com/DefaultCollection/_git/Fabrikam-Fiber-Git/commit/1eea03b2ad9f14a5e7297c1307e36c980eb910ea"
         },
         {
            "commitId": "c40b5ceb9c77096b9f59e6a9193dae527bda79d9",
            "author": {
               "name": "Howie Hilliker",
               "email": "hhill@microsoft.com",
               "date": "2014-03-10T20:54:10Z"
            },
            "committer": {
               "name": "Howie Hilliker",
               "email": "hhill@microsoft.com",
               "date": "2014-03-10T20:54:10Z"
            },
            "comment": "Added method for submitting new customer addrress.",
            "changeCounts": {
               "Edit": 2
            },
            "url": "https://fabrikam-fiber-inc.visualstudio.com/DefaultCollection/_apis/git/repositories/278d5cd2-584d-4b63-824a-2ba458937249/commits/c40b5ceb9c77096b9f59e6a9193dae527bda79d9",
            "remoteUrl": "https://fabrikam-fiber-inc.visualstudio.com/DefaultCollection/_git/Fabrikam-Fiber-Git/commit/c40b5ceb9c77096b9f59e6a9193dae527bda79d9"
         },
         {
            "commitId": "6ff5e8f6256cc58aa062dbb1e096c1e3b3435ebe",
            "author": {
               "name": "Howie Hilliker",
               "email": "hhill@microsoft.com",
               "date": "2014-03-10T20:50:08Z"
            },
            "committer": {
               "name": "Howie Hilliker",
               "email": "hhill@microsoft.com",
               "date": "2014-03-10T20:50:08Z"
            },
            "comment": "Adding customer address module project",
            "changeCounts": {
               "Add": 12
            },
            "url": "https://fabrikam-fiber-inc.visualstudio.com/DefaultCollection/_apis/git/repositories/278d5cd2-584d-4b63-824a-2ba458937249/commits/6ff5e8f6256cc58aa062dbb1e096c1e3b3435ebe",
            "remoteUrl": "https://fabrikam-fiber-inc.visualstudio.com/DefaultCollection/_git/Fabrikam-Fiber-Git/commit/6ff5e8f6256cc58aa062dbb1e096c1e3b3435ebe"
         },
         {
            "commitId": "03b1b831e41df536d836c95e2f68a42db4f3e0db",
            "author": {
               "name": "Chuck Reinhart",
               "email": "fabrikamfiber3@hotmail.com",
               "date": "2014-02-10T21:52:47Z"
            },
            "committer": {
               "name": "Chuck Reinhart",
               "email": "fabrikamfiber3@hotmail.com",
               "date": "2014-02-10T21:52:47Z"
            },
            "comment": "Add Hello World to TFS",
            "changeCounts": {
               "Add": 5
            },
            "url": "https://fabrikam-fiber-inc.visualstudio.com/DefaultCollection/_apis/git/repositories/278d5cd2-584d-4b63-824a-2ba458937249/commits/03b1b831e41df536d836c95e2f68a42db4f3e0db",
            "remoteUrl": "https://fabrikam-fiber-inc.visualstudio.com/DefaultCollection/_git/Fabrikam-Fiber-Git/commit/03b1b831e41df536d836c95e2f68a42db4f3e0db"
         },
         {
            "commitId": "67cae2b029dff7eb3dc062b49403aaedca5bad8d",
            "author": {
               "name": "Chuck Reinhart",
               "email": "fabrikamfiber3@hotmail.com",
               "date": "2014-01-29T23:52:56Z"
            },
            "committer": {
               "name": "Chuck Reinhart",
               "email": "fabrikamfiber3@hotmail.com",
               "date": "2014-01-29T23:52:56Z"
            },
            "comment": "home page",
            "changeCounts": {
               "Edit": 1
            },
            "url": "https://fabrikam-fiber-inc.visualstudio.com/DefaultCollection/_apis/git/repositories/278d5cd2-584d-4b63-824a-2ba458937249/commits/67cae2b029dff7eb3dc062b49403aaedca5bad8d",
            "remoteUrl": "https://fabrikam-fiber-inc.visualstudio.com/DefaultCollection/_git/Fabrikam-Fiber-Git/commit/67cae2b029dff7eb3dc062b49403aaedca5bad8d"
         },
         {
            "commitId": "be67f8871a4d2c75f13a51c1d3c30ac0d74d4ef4",
            "author": {
               "name": "Chuck Reinhart",
               "email": "fabrikamfiber3@hotmail.com",
               "date": "2014-01-29T23:32:09Z"
            },
            "committer": {
               "name": "Chuck Reinhart",
               "email": "fabrikamfiber3@hotmail.com",
               "date": "2014-01-29T23:32:09Z"
            },
            "comment": "First cut",
            "changeCounts": {
               "Add": 305
            },
            "url": "https://fabrikam-fiber-inc.visualstudio.com/DefaultCollection/_apis/git/repositories/278d5cd2-584d-4b63-824a-2ba458937249/commits/be67f8871a4d2c75f13a51c1d3c30ac0d74d4ef4",
            "remoteUrl": "https://fabrikam-fiber-inc.visualstudio.com/DefaultCollection/_git/Fabrikam-Fiber-Git/commit/be67f8871a4d2c75f13a51c1d3c30ac0d74d4ef4"
         }
      ]
   }
}