{
   "method": "GET",
   "resourceFormat": "/git/repositories/{repositoryId}/commits?$skip={skip}&$top={top}",
   "requestUrl": "https://fabrikam-fiber-inc.visualstudio.com/DefaultCollection/_apis/git/repositories/278d5cd2-584d-4b63-824a-2ba458937249/commits?$skip=1&$top=2&api-version=1.0",
   "requestHeaders": {
      "Accept": "application/json"
   },
   "statusCode": 200,
   "responseHeaders": {
      "cache-control": "no-cache",
      "pragma": "no-cache",
      "content-type": "application/json; charset=utf-8; api-version=1.0",
      "expires": "-1",
      "server": "Microsoft-IIS/8.5",
      "x-tfs-processid": "3a53f505-18a5-41ea-9683-f7901dbd7a17",
      "strict-transport-security": "max-age=31536000; includeSubDomains",
      "x-frame-options": "SAMEORIGIN",
      "set-cookie": [
         "Tfs-SessionId=5cd7beb3-f22e-0002-810a-d85c2ef2cf01; path=/; secure",
         "Tfs-SessionActive=2014-10-28T00:41:04; path=/; secure"
      ],
      "x-vss-userdata": "d6245f20-2af8-44f4-9451-8107cb2767db:fabrikamfiber16@hotmail.com",
      "link": "<https://fabrikam-fiber-inc.visualstudio.com/_apis/git/repositories/278d5cd2-584d-4b63-824a-2ba458937249/commits?%24skip=1&%24top=2>;rel=\"next\"",
      "activityid": "c79a736d-f22e-0001-24ed-9bc72ef2cf01",
      "x-aspnet-version": "4.0.30319",
      "x-powered-by": "ASP.NET",
      "p3p": "CP=\"CAO DSP COR ADMa DEV CONo TELo CUR PSA PSD TAI IVDo OUR SAMi BUS DEM NAV STA UNI COM INT PHY ONL FIN PUR LOC CNT\"",
      "x-content-type-options": "nosniff",
      "date": "Tue, 28 Oct 2014 00:41:04 GMT",
      "content-length": "1334"
   },
   "responseBody": {
      "count": 2,
      "value": [
         {
            "commitId": "fe17a84cc2dfe0ea3a2202ab4dbac0706058e41f",
            "author": {
               "name": "Norman Paulk",
               "email": "Fabrikamfiber16@hotmail.com",
               "date": "2014-06-30T17:51:09Z"
            },
            "committer": {
               "name": "Norman Paulk",
               "email": "Fabrikamfiber16@hotmail.com",
               "date": "2014-06-30T17:51:09Z"
            },
            "comment": "Better description for hello world",
            "changeCounts": {
               "Edit": 1
            },
            "url": "https://fabrikam-fiber-inc.visualstudio.com/DefaultCollection/_apis/git/repositories/278d5cd2-584d-4b63-824a-2ba458937249/commits/fe17a84cc2dfe0ea3a2202ab4dbac0706058e41f",
            "remoteUrl": "https://fabrikam-fiber-inc.visualstudio.com/DefaultCollection/_git/Fabrikam-Fiber-Git/commit/fe17a84cc2dfe0ea3a2202ab4dbac0706058e41f"
         },
         {
            "commitId": "0360c963d7d86d040e9c33bba836feab14da4ad3",
            "author": {
               "name": "Norman Paulk",
               "email": "Fabrikamfiber16@hotmail.com",
               "date": "2014-06-10T19:42:13Z"
            },
            "committer": {
               "name": "Norman Paulk",
               "email": "Fabrikamfiber16@hotmail.com",
               "date": "2014-06-10T19:42:13Z"
            },
            "comment": "Fix for hello world class",
            "changeCounts": {
               "Edit": 1
            },
            "url": "https://fabrikam-fiber-inc.visualstudio.com/DefaultCollection/_apis/git/repositories/278d5cd2-584d-4b63-824a-2ba458937249/commits/0360c963d7d86d040e9c33bba836feab14da4ad3",
            "remoteUrl": "https://fabrikam-fiber-inc.visualstudio.com/DefaultCollection/_git/Fabrikam-Fiber-Git/commit/0360c963d7d86d040e9c33bba836feab14da4ad3"
         }
      ]
   }
}