{
   "method": "GET",
   "resourceFormat": "/wit/workItemTypes/Bug",
   "requestUrl": "https://fabrikam-fiber-inc.visualstudio.com/DefaultCollection/Fabrikam-Fiber-Git/_apis/wit/workItemTypes/Bug?api-version=1.0",
   "requestHeaders": {
      "Accept": "application/json"
   },
   "statusCode": 200,
   "responseHeaders": {
      "cache-control": "no-cache",
      "pragma": "no-cache",
      "content-type": "application/json; charset=utf-8; api-version=1.0",
      "expires": "-1",
      "server": "Microsoft-IIS/8.5",
      "x-tfs-processid": "e6f30287-9191-4066-93c3-66c75fe2fbb4",
      "strict-transport-security": "max-age=31536000; includeSubDomains",
      "x-frame-options": "SAMEORIGIN",
      "set-cookie": [
         "Tfs-SessionId=514366d0-08d3-0004-7a78-4b51d308d001; path=/; secure",
         "Tfs-SessionActive=2014-11-26T21:43:05; path=/; secure"
      ],
      "x-vss-userdata": "d291b0c4-a05c-4ea6-8df1-4b41d5f39eff:fabrikamfiber4@hotmail.com",
      "activityid": "4fffb807-08d3-0001-a021-0c50d308d001",
      "x-aspnet-version": "4.0.30319",
      "x-powered-by": "ASP.NET",
      "p3p": "CP=\"CAO DSP COR ADMa DEV CONo TELo CUR PSA PSD TAI IVDo OUR SAMi BUS DEM NAV STA UNI COM INT PHY ONL FIN PUR LOC CNT\"",
      "x-content-type-options": "nosniff",
      "date": "Wed, 26 Nov 2014 21:43:04 GMT",
      "content-length": "12069"
   },
   "responseBody": {
      "name": "Bug",
      "description": "Describes a divergence between required and actual behavior, and tracks the work done to correct the defect and verify the correction.",
      "xmlForm": "<FORM><Layout HideReadOnlyEmptyFields=\"true\" HideControlBorders=\"true\"><Group Margin=\"(4,0,0,0)\"><Column PercentWidth=\"100\"><Control FieldName=\"System.Title\" Type=\"FieldControl\" ControlFontSize=\"large\" EmptyText=\"&lt;Enter title here&gt;\" /></Column></Group><Group Margin=\"(10,0,0,0)\"><Column PercentWidth=\"100\"><Control FieldName=\"System.IterationPath\" Type=\"WorkItemClassificationControl\" Label=\"Ite&amp;ration\" LabelPosition=\"Left\" /></Column></Group><Group Margin=\"(10,0,0,0)\"><Column PercentWidth=\"50\"><Group Label=\"Status\"><Column PercentWidth=\"100\"><Control FieldName=\"System.AssignedTo\" Type=\"FieldControl\" Label=\"Assi&amp;gned To\" LabelPosition=\"Left\" /><Control FieldName=\"System.State\" Type=\"FieldControl\" Label=\"Stat&amp;e\" LabelPosition=\"Left\" /><Control FieldName=\"System.Reason\" Type=\"FieldControl\" Label=\"Reason\" LabelPosition=\"Left\" /></Column></Group></Column><Column PercentWidth=\"50\"><Group Label=\"Details\"><Column PercentWidth=\"100\"><Control FieldName=\"Microsoft.VSTS.Scheduling.Effort\" Type=\"FieldControl\" Label=\"Effort\" LabelPosition=\"Left\" /><Control FieldName=\"Microsoft.VSTS.Common.Severity\" Type=\"FieldControl\" Label=\"Severity\" LabelPosition=\"Left\" /><Control FieldName=\"System.AreaPath\" Type=\"WorkItemClassificationControl\" Label=\"&amp;Area\" LabelPosition=\"Left\" /></Column></Group></Column></Group><Group><Column PercentWidth=\"50\"><TabGroup><Tab Label=\"Steps to Reproduce\"><Control FieldName=\"Microsoft.VSTS.TCM.ReproSteps\" Type=\"HtmlFieldControl\" Label=\"\" LabelPosition=\"Top\" MinimumSize=\"(100,200)\" Dock=\"Fill\" /></Tab><Tab Label=\"System\"><Group Label=\"Build\"><Column PercentWidth=\"100\"><Control FieldName=\"Microsoft.VSTS.Build.FoundIn\" Type=\"FieldControl\" Label=\"Found in Build\" LabelPosition=\"Left\" /><Control FieldName=\"Microsoft.VSTS.Build.IntegrationBuild\" Type=\"FieldControl\" Label=\"Integrated in Build\" LabelPosition=\"Left\" /></Column></Group><Control FieldName=\"Microsoft.VSTS.TCM.SystemInfo\" Type=\"HtmlFieldControl\" Label=\"System Info\" LabelPosition=\"Top\" Dock=\"Fill\" /></Tab><Tab Label=\"Test Cases\"><Control Type=\"LinksControl\" Name=\"TestedBy\" Label=\"\" LabelPosition=\"Top\"><LinksControlOptions><LinkColumns><LinkColumn RefName=\"System.Id\" /><LinkColumn RefName=\"System.WorkItemType\" /><LinkColumn RefName=\"System.Title\" /><LinkColumn RefName=\"System.AssignedTo\" /><LinkColumn RefName=\"System.State\" /></LinkColumns><WorkItemLinkFilters FilterType=\"include\"><Filter LinkType=\"Microsoft.VSTS.Common.TestedBy\" FilterOn=\"forwardname\" /></WorkItemLinkFilters><ExternalLinkFilters FilterType=\"excludeAll\" /><WorkItemTypeFilters FilterType=\"include\"><Filter WorkItemType=\"Test Case\" /></WorkItemTypeFilters></LinksControlOptions></Control></Tab><Tab Label=\"Tasks\"><Control Type=\"LinksControl\" Label=\"\" LabelPosition=\"Top\" Name=\"TaskLinks\"><LinksControlOptions><LinkColumns><LinkColumn RefName=\"System.Id\" /><LinkColumn RefName=\"System.WorkItemType\" /><LinkColumn RefName=\"System.Title\" /><LinkColumn RefName=\"System.AssignedTo\" /><LinkColumn RefName=\"System.State\" /></LinkColumns><WorkItemLinkFilters FilterType=\"include\"><Filter LinkType=\"System.LinkTypes.Hierarchy\" FilterOn=\"forwardname\" /></WorkItemLinkFilters><ExternalLinkFilters FilterType=\"excludeAll\" /><WorkItemTypeFilters FilterType=\"include\"><Filter WorkItemType=\"Task\" /></WorkItemTypeFilters></LinksControlOptions></Control></Tab></TabGroup></Column><Column PercentWidth=\"50\"><TabGroup Margin=\"(5,0,0,0)\"><Tab Label=\"Acceptance Criteria\"><Control FieldName=\"Microsoft.VSTS.Common.AcceptanceCriteria\" Type=\"HtmlFieldControl\" Label=\"\" LabelPosition=\"Top\" Dock=\"Fill\" MinimumSize=\"(100,200)\" /></Tab><Tab Label=\"History\"><Control FieldName=\"System.History\" Type=\"WorkItemLogControl\" Label=\"\" LabelPosition=\"Top\" Dock=\"Fill\" /></Tab><Tab Label=\"Links\"><Control Type=\"LinksControl\" Name=\"GeneralLinks\" LabelPosition=\"Top\"><LinksControlOptions><LinkColumns><LinkColumn RefName=\"System.Id\" /><LinkColumn RefName=\"System.WorkItemType\" /><LinkColumn RefName=\"System.Title\" /><LinkColumn RefName=\"System.AssignedTo\" /><LinkColumn RefName=\"System.State\" /><LinkColumn LinkAttribute=\"System.Links.Comment\" /></LinkColumns><WorkItemLinkFilters FilterType=\"includeAll\" /><ExternalLinkFilters FilterType=\"includeAll\" /><WorkItemTypeFilters FilterType=\"includeAll\" /></LinksControlOptions></Control></Tab><Tab Label=\"Attachments\"><Control Type=\"AttachmentsControl\" LabelPosition=\"Top\" /></Tab></TabGroup></Column></Group></Layout></FORM>",
      "fieldInstances": [
         {
            "referenceName": "System.IterationPath",
            "name": "Iteration Path",
            "url": "https://fabrikam-fiber-inc.visualstudio.com/DefaultCollection/_apis/wit/fields/System.IterationPath"
         },
         {
            "referenceName": "System.IterationId",
            "name": "Iteration ID",
            "url": "https://fabrikam-fiber-inc.visualstudio.com/DefaultCollection/_apis/wit/fields/System.IterationId"
         },
         {
            "referenceName": "System.ExternalLinkCount",
            "name": "External Link Count",
            "url": "https://fabrikam-fiber-inc.visualstudio.com/DefaultCollection/_apis/wit/fields/System.ExternalLinkCount"
         },
         {
            "referenceName": "System.TeamProject",
            "name": "Team Project",
            "url": "https://fabrikam-fiber-inc.visualstudio.com/DefaultCollection/_apis/wit/fields/System.TeamProject"
         },
         {
            "referenceName": "System.HyperLinkCount",
            "name": "Hyperlink Count",
            "url": "https://fabrikam-fiber-inc.visualstudio.com/DefaultCollection/_apis/wit/fields/System.HyperLinkCount"
         },
         {
            "referenceName": "System.AttachedFileCount",
            "name": "Attached File Count",
            "url": "https://fabrikam-fiber-inc.visualstudio.com/DefaultCollection/_apis/wit/fields/System.AttachedFileCount"
         },
         {
            "referenceName": "System.NodeName",
            "name": "Node Name",
            "url": "https://fabrikam-fiber-inc.visualstudio.com/DefaultCollection/_apis/wit/fields/System.NodeName"
         },
         {
            "referenceName": "System.AreaPath",
            "name": "Area Path",
            "url": "https://fabrikam-fiber-inc.visualstudio.com/DefaultCollection/_apis/wit/fields/System.AreaPath"
         },
         {
            "referenceName": "System.RevisedDate",
            "name": "Revised Date",
            "url": "https://fabrikam-fiber-inc.visualstudio.com/DefaultCollection/_apis/wit/fields/System.RevisedDate"
         },
         {
            "referenceName": "System.ChangedDate",
            "name": "Changed Date",
            "url": "https://fabrikam-fiber-inc.visualstudio.com/DefaultCollection/_apis/wit/fields/System.ChangedDate"
         },
         {
            "referenceName": "System.Id",
            "name": "ID",
            "url": "https://fabrikam-fiber-inc.visualstudio.com/DefaultCollection/_apis/wit/fields/System.Id"
         },
         {
            "referenceName": "System.AreaId",
            "name": "Area ID",
            "url": "https://fabrikam-fiber-inc.visualstudio.com/DefaultCollection/_apis/wit/fields/System.AreaId"
         },
         {
            "referenceName": "System.AuthorizedAs",
            "name": "Authorized As",
            "url": "https://fabrikam-fiber-inc.visualstudio.com/DefaultCollection/_apis/wit/fields/System.AuthorizedAs"
         },
         {
            "referenceName": "System.Title",
            "name": "Title",
            "url": "https://fabrikam-fiber-inc.visualstudio.com/DefaultCollection/_apis/wit/fields/System.Title"
         },
         {
            "referenceName": "System.State",
            "name": "State",
            "url": "https://fabrikam-fiber-inc.visualstudio.com/DefaultCollection/_apis/wit/fields/System.State"
         },
         {
            "referenceName": "System.AuthorizedDate",
            "name": "Authorized Date",
            "url": "https://fabrikam-fiber-inc.visualstudio.com/DefaultCollection/_apis/wit/fields/System.AuthorizedDate"
         },
         {
            "referenceName": "System.Watermark",
            "name": "Watermark",
            "url": "https://fabrikam-fiber-inc.visualstudio.com/DefaultCollection/_apis/wit/fields/System.Watermark"
         },
         {
            "referenceName": "System.Rev",
            "name": "Rev",
            "url": "https://fabrikam-fiber-inc.visualstudio.com/DefaultCollection/_apis/wit/fields/System.Rev"
         },
         {
            "referenceName": "System.ChangedBy",
            "name": "Changed By",
            "url": "https://fabrikam-fiber-inc.visualstudio.com/DefaultCollection/_apis/wit/fields/System.ChangedBy"
         },
         {
            "referenceName": "System.Reason",
            "name": "Reason",
            "url": "https://fabrikam-fiber-inc.visualstudio.com/DefaultCollection/_apis/wit/fields/System.Reason"
         },
         {
            "referenceName": "System.AssignedTo",
            "name": "Assigned To",
            "url": "https://fabrikam-fiber-inc.visualstudio.com/DefaultCollection/_apis/wit/fields/System.AssignedTo"
         },
         {
            "referenceName": "System.WorkItemType",
            "name": "Work Item Type",
            "url": "https://fabrikam-fiber-inc.visualstudio.com/DefaultCollection/_apis/wit/fields/System.WorkItemType"
         },
         {
            "referenceName": "System.CreatedDate",
            "name": "Created Date",
            "url": "https://fabrikam-fiber-inc.visualstudio.com/DefaultCollection/_apis/wit/fields/System.CreatedDate"
         },
         {
            "referenceName": "System.CreatedBy",
            "name": "Created By",
            "url": "https://fabrikam-fiber-inc.visualstudio.com/DefaultCollection/_apis/wit/fields/System.CreatedBy"
         },
         {
            "referenceName": "System.Description",
            "name": "Description",
            "url": "https://fabrikam-fiber-inc.visualstudio.com/DefaultCollection/_apis/wit/fields/System.Description"
         },
         {
            "referenceName": "System.History",
            "name": "History",
            "url": "https://fabrikam-fiber-inc.visualstudio.com/DefaultCollection/_apis/wit/fields/System.History"
         },
         {
            "referenceName": "System.BISLinks",
            "name": "BIS Links",
            "url": "https://fabrikam-fiber-inc.visualstudio.com/DefaultCollection/_apis/wit/fields/System.BISLinks"
         },
         {
            "referenceName": "System.RelatedLinkCount",
            "name": "Related Link Count",
            "url": "https://fabrikam-fiber-inc.visualstudio.com/DefaultCollection/_apis/wit/fields/System.RelatedLinkCount"
         },
         {
            "referenceName": "System.Tags",
            "name": "Tags",
            "url": "https://fabrikam-fiber-inc.visualstudio.com/DefaultCollection/_apis/wit/fields/System.Tags"
         },
         {
            "referenceName": "Microsoft.VSTS.TCM.SystemInfo",
            "name": "System Info",
            "url": "https://fabrikam-fiber-inc.visualstudio.com/DefaultCollection/_apis/wit/fields/Microsoft.VSTS.TCM.SystemInfo"
         },
         {
            "referenceName": "Microsoft.VSTS.Common.ClosedDate",
            "name": "Closed Date",
            "url": "https://fabrikam-fiber-inc.visualstudio.com/DefaultCollection/_apis/wit/fields/Microsoft.VSTS.Common.ClosedDate"
         },
         {
            "referenceName": "Microsoft.VSTS.TCM.ReproSteps",
            "name": "Repro Steps",
            "url": "https://fabrikam-fiber-inc.visualstudio.com/DefaultCollection/_apis/wit/fields/Microsoft.VSTS.TCM.ReproSteps"
         },
         {
            "referenceName": "Microsoft.VSTS.Common.BacklogPriority",
            "name": "Backlog Priority",
            "url": "https://fabrikam-fiber-inc.visualstudio.com/DefaultCollection/_apis/wit/fields/Microsoft.VSTS.Common.BacklogPriority"
         },
         {
            "referenceName": "Microsoft.VSTS.Scheduling.Effort",
            "name": "Effort",
            "url": "https://fabrikam-fiber-inc.visualstudio.com/DefaultCollection/_apis/wit/fields/Microsoft.VSTS.Scheduling.Effort"
         },
         {
            "referenceName": "Microsoft.VSTS.Common.AcceptanceCriteria",
            "name": "Acceptance Criteria",
            "url": "https://fabrikam-fiber-inc.visualstudio.com/DefaultCollection/_apis/wit/fields/Microsoft.VSTS.Common.AcceptanceCriteria"
         },
         {
            "referenceName": "Microsoft.VSTS.Common.Severity",
            "name": "Severity",
            "url": "https://fabrikam-fiber-inc.visualstudio.com/DefaultCollection/_apis/wit/fields/Microsoft.VSTS.Common.Severity"
         },
         {
            "referenceName": "Microsoft.VSTS.Build.IntegrationBuild",
            "name": "Integration Build",
            "url": "https://fabrikam-fiber-inc.visualstudio.com/DefaultCollection/_apis/wit/fields/Microsoft.VSTS.Build.IntegrationBuild"
         },
         {
            "referenceName": "Microsoft.VSTS.Build.FoundIn",
            "name": "Found In",
            "url": "https://fabrikam-fiber-inc.visualstudio.com/DefaultCollection/_apis/wit/fields/Microsoft.VSTS.Build.FoundIn"
         }
      ],
      "transitions": {
         "Approved": [
            {
               "to": "Approved"
            },
            {
               "to": "Committed"
            },
            {
               "to": "New"
            },
            {
               "to": "Removed"
            },
            {
               "to": "Done"
            }
         ],
         "New": [
            {
               "to": "New"
            },
            {
               "to": "Committed"
            },
            {
               "to": "Approved"
            },
            {
               "to": "Removed"
            },
            {
               "to": "Done"
            }
         ],
         "Done": [
            {
               "to": "Done"
            },
            {
               "to": "Committed"
            },
            {
               "to": "Approved"
            },
            {
               "to": "New"
            }
         ],
         "Committed": [
            {
               "to": "Committed"
            },
            {
               "to": "Approved"
            },
            {
               "to": "New"
            },
            {
               "to": "Done"
            }
         ],
         "Removed": [
            {
               "to": "Removed"
            },
            {
               "to": "New"
            }
         ],
         "": [
            {
               "to": "New"
            }
         ]
      },
      "_links": {
         "self": {
            "href": "https://fabrikam-fiber-inc.visualstudio.com/DefaultCollection/6ce954b1-ce1f-45d1-b94d-e6bf2464ba2c/_apis/wit/workItemTypes/Bug"
         }
      },
      "url": "https://fabrikam-fiber-inc.visualstudio.com/DefaultCollection/6ce954b1-ce1f-45d1-b94d-e6bf2464ba2c/_apis/wit/workItemTypes/Bug"
   }
}