{
   "method": "PATCH",
   "resourceFormat": "/wit/queries/{folderId}?$undeleteDescendants=true",
   "requestUrl": "https://fabrikam-fiber-inc.visualstudio.com/DefaultCollection/Fabrikam-Fiber-Git/_apis/wit/queries/addcb8b3-12d0-4f2c-b6ca-52bb584ae286?$undeleteDescendants=true&api-version=1.0",
   "requestHeaders": {
      "Accept": "application/json",
      "Content-Type": "application/json",
      "Content-Length": 19
   },
   "requestBody": {
      "isDeleted": false
   },
   "statusCode": 200,
   "responseHeaders": {
      "cache-control": "no-cache",
      "pragma": "no-cache",
      "content-type": "application/json; charset=utf-8; api-version=1.0",
      "expires": "-1",
      "location": "https://fabrikam-fiber-inc.visualstudio.com/DefaultCollection/6ce954b1-ce1f-45d1-b94d-e6bf2464ba2c/_apis/wit/queries/addcb8b3-12d0-4f2c-b6ca-52bb584ae286",
      "server": "Microsoft-IIS/8.5",
      "x-tfs-processid": "dc964fb9-2fad-40b0-a6e1-81a50a0eff3c",
      "strict-transport-security": "max-age=31536000; includeSubDomains",
      "x-frame-options": "SAMEORIGIN",
      "set-cookie": [
         "Tfs-SessionId=530d5d2a-08d3-0006-6c62-0f53d308d001; path=/; secure",
         "Tfs-SessionActive=2014-11-26T22:38:54; path=/; secure"
      ],
      "x-vss-userdata": "d291b0c4-a05c-4ea6-8df1-4b41d5f39eff:fabrikamfiber4@hotmail.com",
      "activityid": "530d5d2a-08d3-0002-d53c-1053d308d001",
      "x-aspnet-version": "4.0.30319",
      "x-powered-by": "ASP.NET",
      "p3p": "CP=\"CAO DSP COR ADMa DEV CONo TELo CUR PSA PSD TAI IVDo OUR SAMi BUS DEM NAV STA UNI COM INT PHY ONL FIN PUR LOC CNT\"",
      "x-content-type-options": "nosniff",
      "date": "Wed, 26 Nov 2014 22:38:54 GMT",
      "content-length": "6012"
   },
   "responseBody": {
      "id": "addcb8b3-12d0-4f2c-b6ca-52bb584ae286",
      "name": "Website",
      "path": "My Queries/Website",
      "isFolder": true,
      "hasChildren": true,
      "children": [
         {
            "id": "df60fdf6-3b5f-4928-aae8-29ee63df6e31",
            "name": "Active Bugs",
            "path": "My Queries/Website/Active Bugs",
            "queryType": "flat",
            "columns": [
               {
                  "referenceName": "System.Id",
                  "name": "ID",
                  "url": "https://fabrikam-fiber-inc.visualstudio.com/DefaultCollection/_apis/wit/fields/System.Id"
               },
               {
                  "referenceName": "System.Title",
                  "name": "Title",
                  "url": "https://fabrikam-fiber-inc.visualstudio.com/DefaultCollection/_apis/wit/fields/System.Title"
               },
               {
                  "referenceName": "System.State",
                  "name": "State",
                  "url": "https://fabrikam-fiber-inc.visualstudio.com/DefaultCollection/_apis/wit/fields/System.State"
               }
            ],
            "sortColumns": [
               {
                  "field": {
                     "referenceName": "Microsoft.VSTS.Common.Priority",
                     "name": "Priority",
                     "url": "https://fabrikam-fiber-inc.visualstudio.com/DefaultCollection/_apis/wit/fields/Microsoft.VSTS.Common.Priority"
                  },
                  "descending": false
               },
               {
                  "field": {
                     "referenceName": "System.CreatedDate",
                     "name": "Created Date",
                     "url": "https://fabrikam-fiber-inc.visualstudio.com/DefaultCollection/_apis/wit/fields/System.CreatedDate"
                  },
                  "descending": true
               }
            ],
            "wiql": "Select [System.Id], [System.Title], [System.State] From WorkItems Where [System.WorkItemType] = 'Bug' AND [System.State] = 'Active' order by [Microsoft.VSTS.Common.Priority] asc, [System.CreatedDate] desc",
            "isPublic": false,
            "clauses": {
               "logicalOperator": "and",
               "clauses": [
                  {
                     "field": {
                        "referenceName": "System.WorkItemType",
                        "name": "Work Item Type",
                        "url": "https://fabrikam-fiber-inc.visualstudio.com/DefaultCollection/_apis/wit/fields/System.WorkItemType"
                     },
                     "operator": {
                        "referenceName": "SupportedOperations.Equals",
                        "name": "="
                     },
                     "value": "Bug"
                  },
                  {
                     "field": {
                        "referenceName": "System.State",
                        "name": "State",
                        "url": "https://fabrikam-fiber-inc.visualstudio.com/DefaultCollection/_apis/wit/fields/System.State"
                     },
                     "operator": {
                        "referenceName": "SupportedOperations.Equals",
                        "name": "="
                     },
                     "value": "Active"
                  }
               ]
            },
            "url": "https://fabrikam-fiber-inc.visualstudio.com/DefaultCollection/6ce954b1-ce1f-45d1-b94d-e6bf2464ba2c/_apis/wit/queries/df60fdf6-3b5f-4928-aae8-29ee63df6e31"
         },
         {
            "id": "f0ade206-32f8-4360-9254-ad33f906cd2e",
            "name": "Active stories with tasks",
            "path": "My Queries/Website/Active stories with tasks",
            "queryType": "tree",
            "columns": [
               {
                  "referenceName": "System.Id",
                  "name": "ID",
                  "url": "https://fabrikam-fiber-inc.visualstudio.com/DefaultCollection/_apis/wit/fields/System.Id"
               },
               {
                  "referenceName": "System.WorkItemType",
                  "name": "Work Item Type",
                  "url": "https://fabrikam-fiber-inc.visualstudio.com/DefaultCollection/_apis/wit/fields/System.WorkItemType"
               },
               {
                  "referenceName": "System.Title",
                  "name": "Title",
                  "url": "https://fabrikam-fiber-inc.visualstudio.com/DefaultCollection/_apis/wit/fields/System.Title"
               },
               {
                  "referenceName": "System.AssignedTo",
                  "name": "Assigned To",
                  "url": "https://fabrikam-fiber-inc.visualstudio.com/DefaultCollection/_apis/wit/fields/System.AssignedTo"
               },
               {
                  "referenceName": "System.State",
                  "name": "State",
                  "url": "https://fabrikam-fiber-inc.visualstudio.com/DefaultCollection/_apis/wit/fields/System.State"
               },
               {
                  "referenceName": "System.Tags",
                  "name": "Tags",
                  "url": "https://fabrikam-fiber-inc.visualstudio.com/DefaultCollection/_apis/wit/fields/System.Tags"
               }
            ],
            "wiql": "SELECT [System.Id],[System.WorkItemType],[System.Title],[System.AssignedTo],[System.State],[System.Tags] FROM WorkItemLinks WHERE ([Source].[System.TeamProject] = @project AND [Source].[System.WorkItemType] = 'Product Backlog Item' AND [Source].[System.State] <> 'Removed') AND ([System.Links.LinkType] = 'System.LinkTypes.Hierarchy-Forward') AND ([Target].[System.WorkItemType] = 'Task') mode(Recursive)",
            "isPublic": false,
            "linkClauses": {
               "logicalOperator": "and",
               "clauses": [
                  {
                     "field": {
                        "referenceName": "System.Links.LinkType",
                        "name": "Link Type",
                        "url": "https://fabrikam-fiber-inc.visualstudio.com/DefaultCollection/_apis/wit/fields/System.Links.LinkType"
                     },
                     "operator": {
                        "referenceName": "SupportedOperations.Equals",
                        "name": "="
                     },
                     "value": "System.LinkTypes.Hierarchy-Forward"
                  }
               ]
            },
            "filterOptions": "linksRecursiveMayContain",
            "sourceClauses": {
               "logicalOperator": "and",
               "clauses": [
                  {
                     "field": {
                        "referenceName": "System.TeamProject",
                        "name": "Team Project",
                        "url": "https://fabrikam-fiber-inc.visualstudio.com/DefaultCollection/_apis/wit/fields/System.TeamProject"
                     },
                     "operator": {
                        "referenceName": "SupportedOperations.Equals",
                        "name": "="
                     },
                     "value": "@project"
                  },
                  {
                     "field": {
                        "referenceName": "System.WorkItemType",
                        "name": "Work Item Type",
                        "url": "https://fabrikam-fiber-inc.visualstudio.com/DefaultCollection/_apis/wit/fields/System.WorkItemType"
                     },
                     "operator": {
                        "referenceName": "SupportedOperations.Equals",
                        "name": "="
                     },
                     "value": "Product Backlog Item"
                  },
                  {
                     "field": {
                        "referenceName": "System.State",
                        "name": "State",
                        "url": "https://fabrikam-fiber-inc.visualstudio.com/DefaultCollection/_apis/wit/fields/System.State"
                     },
                     "operator": {
                        "referenceName": "SupportedOperations.NotEquals",
                        "name": "<>"
                     },
                     "value": "Removed"
                  }
               ]
            },
            "targetClauses": {
               "logicalOperator": "and",
               "clauses": [
                  {
                     "field": {
                        "referenceName": "System.WorkItemType",
                        "name": "Work Item Type",
                        "url": "https://fabrikam-fiber-inc.visualstudio.com/DefaultCollection/_apis/wit/fields/System.WorkItemType"
                     },
                     "operator": {
                        "referenceName": "SupportedOperations.Equals",
                        "name": "="
                     },
                     "value": "Task"
                  }
               ]
            },
            "url": "https://fabrikam-fiber-inc.visualstudio.com/DefaultCollection/6ce954b1-ce1f-45d1-b94d-e6bf2464ba2c/_apis/wit/queries/f0ade206-32f8-4360-9254-ad33f906cd2e"
         }
      ],
      "isPublic": false,
      "_links": {
         "self": {
            "href": "https://fabrikam-fiber-inc.visualstudio.com/DefaultCollection/6ce954b1-ce1f-45d1-b94d-e6bf2464ba2c/_apis/wit/queries/addcb8b3-12d0-4f2c-b6ca-52bb584ae286"
         },
         "html": {
            "href": "https://fabrikam-fiber-inc.visualstudio.com/web/qr.aspx?pguid=6ce954b1-ce1f-45d1-b94d-e6bf2464ba2c&qid=addcb8b3-12d0-4f2c-b6ca-52bb584ae286"
         },
         "parent": {
            "href": "https://fabrikam-fiber-inc.visualstudio.com/DefaultCollection/6ce954b1-ce1f-45d1-b94d-e6bf2464ba2c/_apis/wit/queries/3c65fbc1-d427-48ce-9091-633dde9e27e2"
         }
      },
      "url": "https://fabrikam-fiber-inc.visualstudio.com/DefaultCollection/6ce954b1-ce1f-45d1-b94d-e6bf2464ba2c/_apis/wit/queries/addcb8b3-12d0-4f2c-b6ca-52bb584ae286"
   }
}