{
   "method": "POST",
   "resourceFormat": "/wit/queries/Shared Queries/{folderName}",
   "requestUrl": "https://fabrikam-fiber-inc.visualstudio.com/DefaultCollection/Fabrikam-Fiber-Git/_apis/wit/queries/Shared%20Queries/Website%20team?api-version=1.0",
   "requestHeaders": {
      "Accept": "application/json",
      "Content-Type": "application/json",
      "Content-Length": 203
   },
   "requestBody": {
      "name": "All Bugs",
      "wiql": "Select [System.Id], [System.Title], [System.State] From WorkItems Where [System.WorkItemType] = 'Bug' order by [Microsoft.VSTS.Common.Priority] asc, [System.CreatedDate] desc"
   },
   "statusCode": 201,
   "responseHeaders": {
      "cache-control": "no-cache",
      "pragma": "no-cache",
      "content-type": "application/json; charset=utf-8; api-version=1.0",
      "expires": "-1",
      "location": "https://fabrikam-fiber-inc.visualstudio.com/DefaultCollection/6ce954b1-ce1f-45d1-b94d-e6bf2464ba2c/_apis/wit/queries/df60fdf6-3b5f-4928-aae8-29ee63df6e31",
      "server": "Microsoft-IIS/8.5",
      "x-tfs-processid": "ff77edfc-0a6c-4196-aea9-783f613949dc",
      "strict-transport-security": "max-age=31536000; includeSubDomains",
      "x-frame-options": "SAMEORIGIN",
      "set-cookie": [
         "Tfs-SessionId=530d5d2a-08d3-0006-6c62-0f53d308d001; path=/; secure",
         "Tfs-SessionActive=2014-11-26T22:38:48; path=/; secure"
      ],
      "x-vss-userdata": "d291b0c4-a05c-4ea6-8df1-4b41d5f39eff:fabrikamfiber4@hotmail.com",
      "activityid": "514366d0-08d3-0002-5a4a-4651d308d001",
      "x-aspnet-version": "4.0.30319",
      "x-powered-by": "ASP.NET",
      "p3p": "CP=\"CAO DSP COR ADMa DEV CONo TELo CUR PSA PSD TAI IVDo OUR SAMi BUS DEM NAV STA UNI COM INT PHY ONL FIN PUR LOC CNT\"",
      "x-content-type-options": "nosniff",
      "date": "Wed, 26 Nov 2014 22:38:47 GMT",
      "content-length": "2322"
   },
   "responseBody": {
      "id": "df60fdf6-3b5f-4928-aae8-29ee63df6e31",
      "name": "All Bugs",
      "path": "Shared Queries/Website team/All Bugs",
      "queryType": "flat",
      "columns": [
         {
            "referenceName": "System.Id",
            "name": "ID",
            "url": "https://fabrikam-fiber-inc.visualstudio.com/DefaultCollection/_apis/wit/fields/System.Id"
         },
         {
            "referenceName": "System.Title",
            "name": "Title",
            "url": "https://fabrikam-fiber-inc.visualstudio.com/DefaultCollection/_apis/wit/fields/System.Title"
         },
         {
            "referenceName": "System.State",
            "name": "State",
            "url": "https://fabrikam-fiber-inc.visualstudio.com/DefaultCollection/_apis/wit/fields/System.State"
         }
      ],
      "sortColumns": [
         {
            "field": {
               "referenceName": "Microsoft.VSTS.Common.Priority",
               "name": "Priority",
               "url": "https://fabrikam-fiber-inc.visualstudio.com/DefaultCollection/_apis/wit/fields/Microsoft.VSTS.Common.Priority"
            },
            "descending": false
         },
         {
            "field": {
               "referenceName": "System.CreatedDate",
               "name": "Created Date",
               "url": "https://fabrikam-fiber-inc.visualstudio.com/DefaultCollection/_apis/wit/fields/System.CreatedDate"
            },
            "descending": true
         }
      ],
      "wiql": "Select [System.Id], [System.Title], [System.State] From WorkItems Where [System.WorkItemType] = 'Bug' order by [Microsoft.VSTS.Common.Priority] asc, [System.CreatedDate] desc",
      "isPublic": true,
      "clauses": {
         "field": {
            "referenceName": "System.WorkItemType",
            "name": "Work Item Type",
            "url": "https://fabrikam-fiber-inc.visualstudio.com/DefaultCollection/_apis/wit/fields/System.WorkItemType"
         },
         "operator": {
            "referenceName": "SupportedOperations.Equals",
            "name": "="
         },
         "value": "Bug"
      },
      "_links": {
         "self": {
            "href": "https://fabrikam-fiber-inc.visualstudio.com/DefaultCollection/6ce954b1-ce1f-45d1-b94d-e6bf2464ba2c/_apis/wit/queries/df60fdf6-3b5f-4928-aae8-29ee63df6e31"
         },
         "html": {
            "href": "https://fabrikam-fiber-inc.visualstudio.com/web/qr.aspx?pguid=6ce954b1-ce1f-45d1-b94d-e6bf2464ba2c&qid=df60fdf6-3b5f-4928-aae8-29ee63df6e31"
         },
         "parent": {
            "href": "https://fabrikam-fiber-inc.visualstudio.com/DefaultCollection/6ce954b1-ce1f-45d1-b94d-e6bf2464ba2c/_apis/wit/queries/addcb8b3-12d0-4f2c-b6ca-52bb584ae286"
         },
         "wiql": {
            "href": "https://fabrikam-fiber-inc.visualstudio.com/DefaultCollection/6ce954b1-ce1f-45d1-b94d-e6bf2464ba2c/_apis/wit/wiql/df60fdf6-3b5f-4928-aae8-29ee63df6e31"
         }
      },
      "url": "https://fabrikam-fiber-inc.visualstudio.com/DefaultCollection/6ce954b1-ce1f-45d1-b94d-e6bf2464ba2c/_apis/wit/queries/df60fdf6-3b5f-4928-aae8-29ee63df6e31"
   }
}