{
   "method": "GET",
   "resourceFormat": "/git/repositories/{repositoryId}/diffs/commits?targetVersion={targetVersion}&baseVersion={baseVersion}",
   "requestUrl": "https://fabrikam-fiber-inc.visualstudio.com/DefaultCollection/_apis/git/repositories/278d5cd2-584d-4b63-824a-2ba458937249/diffs/commits?targetVersion=master&baseVersion=develop&api-version=1.0",
   "requestHeaders": {
      "Accept": "application/json"
   },
   "statusCode": 200,
   "responseHeaders": {
      "cache-control": "no-cache",
      "pragma": "no-cache",
      "content-type": "application/json; charset=utf-8; api-version=1.0",
      "expires": "-1",
      "server": "Microsoft-IIS/8.5",
      "x-tfs-processid": "3a53f505-18a5-41ea-9683-f7901dbd7a17",
      "strict-transport-security": "max-age=31536000; includeSubDomains",
      "x-frame-options": "SAMEORIGIN",
      "set-cookie": [
         "Tfs-SessionId=5cd7beb3-f22e-0000-c8a2-d85c2ef2cf01; path=/; secure",
         "Tfs-SessionActive=2014-10-28T00:46:15; path=/; secure"
      ],
      "x-vss-userdata": "d6245f20-2af8-44f4-9451-8107cb2767db:fabrikamfiber16@hotmail.com",
      "activityid": "c79a736d-f22e-0007-668d-9ac72ef2cf01",
      "x-aspnet-version": "4.0.30319",
      "x-powered-by": "ASP.NET",
      "p3p": "CP=\"CAO DSP COR ADMa DEV CONo TELo CUR PSA PSD TAI IVDo OUR SAMi BUS DEM NAV STA UNI COM INT PHY ONL FIN PUR LOC CNT\"",
      "x-content-type-options": "nosniff",
      "date": "Tue, 28 Oct 2014 00:46:14 GMT",
      "content-length": "12484"
   },
   "responseBody": {
      "allChangesIncluded": true,
      "changeCounts": {
         "Add": 24,
         "Edit": 6
      },
      "changes": [
         {
            "item": {
               "gitObjectType": "tree",
               "commitId": "23d0bc5b128a10056dc68afece360d8a0fabb014",
               "path": "/CustomerAddressModule",
               "isFolder": true,
               "url": "https://fabrikam-fiber-inc.visualstudio.com/DefaultCollection/_apis/git/repositories/278d5cd2-584d-4b63-824a-2ba458937249/items/CustomerAddressModule?versionType=Commit&version=23d0bc5b128a10056dc68afece360d8a0fabb014"
            },
            "changeType": "add"
         },
         {
            "item": {
               "gitObjectType": "blob",
               "commitId": "23d0bc5b128a10056dc68afece360d8a0fabb014",
               "path": "/CustomerAddressModule/CustomerAddressModule.sln",
               "url": "https://fabrikam-fiber-inc.visualstudio.com/DefaultCollection/_apis/git/repositories/278d5cd2-584d-4b63-824a-2ba458937249/items/CustomerAddressModule/CustomerAddressModule.sln?versionType=Commit&version=23d0bc5b128a10056dc68afece360d8a0fabb014"
            },
            "changeType": "add"
         },
         {
            "item": {
               "gitObjectType": "tree",
               "commitId": "23d0bc5b128a10056dc68afece360d8a0fabb014",
               "path": "/CustomerAddressModule/CustomerAddressModule",
               "isFolder": true,
               "url": "https://fabrikam-fiber-inc.visualstudio.com/DefaultCollection/_apis/git/repositories/278d5cd2-584d-4b63-824a-2ba458937249/items/CustomerAddressModule/CustomerAddressModule?versionType=Commit&version=23d0bc5b128a10056dc68afece360d8a0fabb014"
            },
            "changeType": "add"
         },
         {
            "item": {
               "gitObjectType": "blob",
               "commitId": "23d0bc5b128a10056dc68afece360d8a0fabb014",
               "path": "/CustomerAddressModule/CustomerAddressModule/App.config",
               "url": "https://fabrikam-fiber-inc.visualstudio.com/DefaultCollection/_apis/git/repositories/278d5cd2-584d-4b63-824a-2ba458937249/items/CustomerAddressModule/CustomerAddressModule/App.config?versionType=Commit&version=23d0bc5b128a10056dc68afece360d8a0fabb014"
            },
            "changeType": "add"
         },
         {
            "item": {
               "gitObjectType": "blob",
               "commitId": "23d0bc5b128a10056dc68afece360d8a0fabb014",
               "path": "/CustomerAddressModule/CustomerAddressModule/CustomerAddressModule.csproj",
               "url": "https://fabrikam-fiber-inc.visualstudio.com/DefaultCollection/_apis/git/repositories/278d5cd2-584d-4b63-824a-2ba458937249/items/CustomerAddressModule/CustomerAddressModule/CustomerAddressModule.csproj?versionType=Commit&version=23d0bc5b128a10056dc68afece360d8a0fabb014"
            },
            "changeType": "add"
         },
         {
            "item": {
               "gitObjectType": "blob",
               "commitId": "23d0bc5b128a10056dc68afece360d8a0fabb014",
               "path": "/CustomerAddressModule/CustomerAddressModule/Form1.Designer.cs",
               "url": "https://fabrikam-fiber-inc.visualstudio.com/DefaultCollection/_apis/git/repositories/278d5cd2-584d-4b63-824a-2ba458937249/items/CustomerAddressModule/CustomerAddressModule/Form1.Designer.cs?versionType=Commit&version=23d0bc5b128a10056dc68afece360d8a0fabb014"
            },
            "changeType": "add"
         },
         {
            "item": {
               "gitObjectType": "blob",
               "commitId": "23d0bc5b128a10056dc68afece360d8a0fabb014",
               "path": "/CustomerAddressModule/CustomerAddressModule/Form1.cs",
               "url": "https://fabrikam-fiber-inc.visualstudio.com/DefaultCollection/_apis/git/repositories/278d5cd2-584d-4b63-824a-2ba458937249/items/CustomerAddressModule/CustomerAddressModule/Form1.cs?versionType=Commit&version=23d0bc5b128a10056dc68afece360d8a0fabb014"
            },
            "changeType": "add"
         },
         {
            "item": {
               "gitObjectType": "blob",
               "commitId": "23d0bc5b128a10056dc68afece360d8a0fabb014",
               "path": "/CustomerAddressModule/CustomerAddressModule/Form1.resx",
               "url": "https://fabrikam-fiber-inc.visualstudio.com/DefaultCollection/_apis/git/repositories/278d5cd2-584d-4b63-824a-2ba458937249/items/CustomerAddressModule/CustomerAddressModule/Form1.resx?versionType=Commit&version=23d0bc5b128a10056dc68afece360d8a0fabb014"
            },
            "changeType": "add"
         },
         {
            "item": {
               "gitObjectType": "blob",
               "commitId": "23d0bc5b128a10056dc68afece360d8a0fabb014",
               "path": "/CustomerAddressModule/CustomerAddressModule/Program.cs",
               "url": "https://fabrikam-fiber-inc.visualstudio.com/DefaultCollection/_apis/git/repositories/278d5cd2-584d-4b63-824a-2ba458937249/items/CustomerAddressModule/CustomerAddressModule/Program.cs?versionType=Commit&version=23d0bc5b128a10056dc68afece360d8a0fabb014"
            },
            "changeType": "add"
         },
         {
            "item": {
               "gitObjectType": "tree",
               "commitId": "23d0bc5b128a10056dc68afece360d8a0fabb014",
               "path": "/CustomerAddressModule/CustomerAddressModule/Properties",
               "isFolder": true,
               "url": "https://fabrikam-fiber-inc.visualstudio.com/DefaultCollection/_apis/git/repositories/278d5cd2-584d-4b63-824a-2ba458937249/items/CustomerAddressModule/CustomerAddressModule/Properties?versionType=Commit&version=23d0bc5b128a10056dc68afece360d8a0fabb014"
            },
            "changeType": "add"
         },
         {
            "item": {
               "gitObjectType": "blob",
               "commitId": "23d0bc5b128a10056dc68afece360d8a0fabb014",
               "path": "/CustomerAddressModule/CustomerAddressModule/Properties/AssemblyInfo.cs",
               "url": "https://fabrikam-fiber-inc.visualstudio.com/DefaultCollection/_apis/git/repositories/278d5cd2-584d-4b63-824a-2ba458937249/items/CustomerAddressModule/CustomerAddressModule/Properties/AssemblyInfo.cs?versionType=Commit&version=23d0bc5b128a10056dc68afece360d8a0fabb014"
            },
            "changeType": "add"
         },
         {
            "item": {
               "gitObjectType": "blob",
               "commitId": "23d0bc5b128a10056dc68afece360d8a0fabb014",
               "path": "/CustomerAddressModule/CustomerAddressModule/Properties/Resources.Designer.cs",
               "url": "https://fabrikam-fiber-inc.visualstudio.com/DefaultCollection/_apis/git/repositories/278d5cd2-584d-4b63-824a-2ba458937249/items/CustomerAddressModule/CustomerAddressModule/Properties/Resources.Designer.cs?versionType=Commit&version=23d0bc5b128a10056dc68afece360d8a0fabb014"
            },
            "changeType": "add"
         },
         {
            "item": {
               "gitObjectType": "blob",
               "commitId": "23d0bc5b128a10056dc68afece360d8a0fabb014",
               "path": "/CustomerAddressModule/CustomerAddressModule/Properties/Resources.resx",
               "url": "https://fabrikam-fiber-inc.visualstudio.com/DefaultCollection/_apis/git/repositories/278d5cd2-584d-4b63-824a-2ba458937249/items/CustomerAddressModule/CustomerAddressModule/Properties/Resources.resx?versionType=Commit&version=23d0bc5b128a10056dc68afece360d8a0fabb014"
            },
            "changeType": "add"
         },
         {
            "item": {
               "gitObjectType": "blob",
               "commitId": "23d0bc5b128a10056dc68afece360d8a0fabb014",
               "path": "/CustomerAddressModule/CustomerAddressModule/Properties/Settings.Designer.cs",
               "url": "https://fabrikam-fiber-inc.visualstudio.com/DefaultCollection/_apis/git/repositories/278d5cd2-584d-4b63-824a-2ba458937249/items/CustomerAddressModule/CustomerAddressModule/Properties/Settings.Designer.cs?versionType=Commit&version=23d0bc5b128a10056dc68afece360d8a0fabb014"
            },
            "changeType": "add"
         },
         {
            "item": {
               "gitObjectType": "blob",
               "commitId": "23d0bc5b128a10056dc68afece360d8a0fabb014",
               "path": "/CustomerAddressModule/CustomerAddressModule/Properties/Settings.settings",
               "url": "https://fabrikam-fiber-inc.visualstudio.com/DefaultCollection/_apis/git/repositories/278d5cd2-584d-4b63-824a-2ba458937249/items/CustomerAddressModule/CustomerAddressModule/Properties/Settings.settings?versionType=Commit&version=23d0bc5b128a10056dc68afece360d8a0fabb014"
            },
            "changeType": "add"
         },
         {
            "item": {
               "gitObjectType": "tree",
               "commitId": "23d0bc5b128a10056dc68afece360d8a0fabb014",
               "path": "/HelloWorld",
               "isFolder": true,
               "url": "https://fabrikam-fiber-inc.visualstudio.com/DefaultCollection/_apis/git/repositories/278d5cd2-584d-4b63-824a-2ba458937249/items/HelloWorld?versionType=Commit&version=23d0bc5b128a10056dc68afece360d8a0fabb014"
            },
            "changeType": "add"
         },
         {
            "item": {
               "gitObjectType": "blob",
               "commitId": "23d0bc5b128a10056dc68afece360d8a0fabb014",
               "path": "/HelloWorld/.classpath",
               "url": "https://fabrikam-fiber-inc.visualstudio.com/DefaultCollection/_apis/git/repositories/278d5cd2-584d-4b63-824a-2ba458937249/items/HelloWorld/.classpath?versionType=Commit&version=23d0bc5b128a10056dc68afece360d8a0fabb014"
            },
            "changeType": "add"
         },
         {
            "item": {
               "gitObjectType": "blob",
               "commitId": "23d0bc5b128a10056dc68afece360d8a0fabb014",
               "path": "/HelloWorld/.project",
               "url": "https://fabrikam-fiber-inc.visualstudio.com/DefaultCollection/_apis/git/repositories/278d5cd2-584d-4b63-824a-2ba458937249/items/HelloWorld/.project?versionType=Commit&version=23d0bc5b128a10056dc68afece360d8a0fabb014"
            },
            "changeType": "add"
         },
         {
            "item": {
               "gitObjectType": "blob",
               "commitId": "23d0bc5b128a10056dc68afece360d8a0fabb014",
               "path": "/HelloWorld/build.xml",
               "url": "https://fabrikam-fiber-inc.visualstudio.com/DefaultCollection/_apis/git/repositories/278d5cd2-584d-4b63-824a-2ba458937249/items/HelloWorld/build.xml?versionType=Commit&version=23d0bc5b128a10056dc68afece360d8a0fabb014"
            },
            "changeType": "add"
         },
         {
            "item": {
               "gitObjectType": "tree",
               "commitId": "23d0bc5b128a10056dc68afece360d8a0fabb014",
               "path": "/HelloWorld/dist",
               "isFolder": true,
               "url": "https://fabrikam-fiber-inc.visualstudio.com/DefaultCollection/_apis/git/repositories/278d5cd2-584d-4b63-824a-2ba458937249/items/HelloWorld/dist?versionType=Commit&version=23d0bc5b128a10056dc68afece360d8a0fabb014"
            },
            "changeType": "add"
         },
         {
            "item": {
               "gitObjectType": "tree",
               "commitId": "23d0bc5b128a10056dc68afece360d8a0fabb014",
               "path": "/HelloWorld/dist/lib",
               "isFolder": true,
               "url": "https://fabrikam-fiber-inc.visualstudio.com/DefaultCollection/_apis/git/repositories/278d5cd2-584d-4b63-824a-2ba458937249/items/HelloWorld/dist/lib?versionType=Commit&version=23d0bc5b128a10056dc68afece360d8a0fabb014"
            },
            "changeType": "add"
         },
         {
            "item": {
               "gitObjectType": "blob",
               "commitId": "23d0bc5b128a10056dc68afece360d8a0fabb014",
               "path": "/HelloWorld/dist/lib/MyProject-20140210.jar",
               "url": "https://fabrikam-fiber-inc.visualstudio.com/DefaultCollection/_apis/git/repositories/278d5cd2-584d-4b63-824a-2ba458937249/items/HelloWorld/dist/lib/MyProject-20140210.jar?versionType=Commit&version=23d0bc5b128a10056dc68afece360d8a0fabb014"
            },
            "changeType": "add"
         },
         {
            "item": {
               "gitObjectType": "tree",
               "commitId": "23d0bc5b128a10056dc68afece360d8a0fabb014",
               "path": "/HelloWorld/src",
               "isFolder": true,
               "url": "https://fabrikam-fiber-inc.visualstudio.com/DefaultCollection/_apis/git/repositories/278d5cd2-584d-4b63-824a-2ba458937249/items/HelloWorld/src?versionType=Commit&version=23d0bc5b128a10056dc68afece360d8a0fabb014"
            },
            "changeType": "add"
         },
         {
            "item": {
               "gitObjectType": "blob",
               "commitId": "23d0bc5b128a10056dc68afece360d8a0fabb014",
               "path": "/HelloWorld/src/HelloWorld.java",
               "url": "https://fabrikam-fiber-inc.visualstudio.com/DefaultCollection/_apis/git/repositories/278d5cd2-584d-4b63-824a-2ba458937249/items/HelloWorld/src/HelloWorld.java?versionType=Commit&version=23d0bc5b128a10056dc68afece360d8a0fabb014"
            },
            "changeType": "add"
         },
         {
            "item": {
               "gitObjectType": "tree",
               "commitId": "23d0bc5b128a10056dc68afece360d8a0fabb014",
               "path": "/MyWebSite",
               "isFolder": true,
               "url": "https://fabrikam-fiber-inc.visualstudio.com/DefaultCollection/_apis/git/repositories/278d5cd2-584d-4b63-824a-2ba458937249/items/MyWebSite?versionType=Commit&version=23d0bc5b128a10056dc68afece360d8a0fabb014"
            },
            "changeType": "edit"
         },
         {
            "item": {
               "gitObjectType": "tree",
               "commitId": "23d0bc5b128a10056dc68afece360d8a0fabb014",
               "path": "/MyWebSite/MyWebSite",
               "isFolder": true,
               "url": "https://fabrikam-fiber-inc.visualstudio.com/DefaultCollection/_apis/git/repositories/278d5cd2-584d-4b63-824a-2ba458937249/items/MyWebSite/MyWebSite?versionType=Commit&version=23d0bc5b128a10056dc68afece360d8a0fabb014"
            },
            "changeType": "edit"
         },
         {
            "item": {
               "gitObjectType": "tree",
               "commitId": "23d0bc5b128a10056dc68afece360d8a0fabb014",
               "path": "/MyWebSite/MyWebSite/Views",
               "isFolder": true,
               "url": "https://fabrikam-fiber-inc.visualstudio.com/DefaultCollection/_apis/git/repositories/278d5cd2-584d-4b63-824a-2ba458937249/items/MyWebSite/MyWebSite/Views?versionType=Commit&version=23d0bc5b128a10056dc68afece360d8a0fabb014"
            },
            "changeType": "edit"
         },
         {
            "item": {
               "gitObjectType": "tree",
               "commitId": "23d0bc5b128a10056dc68afece360d8a0fabb014",
               "path": "/MyWebSite/MyWebSite/Views/Home",
               "isFolder": true,
               "url": "https://fabrikam-fiber-inc.visualstudio.com/DefaultCollection/_apis/git/repositories/278d5cd2-584d-4b63-824a-2ba458937249/items/MyWebSite/MyWebSite/Views/Home?versionType=Commit&version=23d0bc5b128a10056dc68afece360d8a0fabb014"
            },
            "changeType": "edit"
         },
         {
            "item": {
               "gitObjectType": "blob",
               "commitId": "23d0bc5b128a10056dc68afece360d8a0fabb014",
               "path": "/MyWebSite/MyWebSite/Views/Home/_Register.cshtml",
               "url": "https://fabrikam-fiber-inc.visualstudio.com/DefaultCollection/_apis/git/repositories/278d5cd2-584d-4b63-824a-2ba458937249/items/MyWebSite/MyWebSite/Views/Home/_Register.cshtml?versionType=Commit&version=23d0bc5b128a10056dc68afece360d8a0fabb014"
            },
            "changeType": "edit"
         },
         {
            "item": {
               "gitObjectType": "blob",
               "commitId": "23d0bc5b128a10056dc68afece360d8a0fabb014",
               "path": "/MyWebSite/MyWebSite/Web.config",
               "url": "https://fabrikam-fiber-inc.visualstudio.com/DefaultCollection/_apis/git/repositories/278d5cd2-584d-4b63-824a-2ba458937249/items/MyWebSite/MyWebSite/Web.config?versionType=Commit&version=23d0bc5b128a10056dc68afece360d8a0fabb014"
            },
            "changeType": "edit"
         }
      ],
      "commonCommit": "be67f8871a4d2c75f13a51c1d3c30ac0d74d4ef4",
      "aheadCount": 17,
      "behindCount": 1
   }
}