{
   "method": "GET",
   "resourceFormat": "/git/repositories/{repositoryId}/diffs/commits?targetVersion={targetVersion}&baseVersion={baseVersion}&$top={top}&$skip={skip}",
   "requestUrl": "https://fabrikam-fiber-inc.visualstudio.com/DefaultCollection/_apis/git/repositories/278d5cd2-584d-4b63-824a-2ba458937249/diffs/commits?targetVersion=master&baseVersion=develop&$top=2&$skip=2&api-version=1.0",
   "requestHeaders": {
      "Accept": "application/json"
   },
   "statusCode": 200,
   "responseHeaders": {
      "cache-control": "no-cache",
      "pragma": "no-cache",
      "content-type": "application/json; charset=utf-8; api-version=1.0",
      "expires": "-1",
      "server": "Microsoft-IIS/8.5",
      "x-tfs-processid": "6af8bb09-a4c2-4549-987e-eaaf4a2ac411",
      "strict-transport-security": "max-age=31536000; includeSubDomains",
      "x-frame-options": "SAMEORIGIN",
      "set-cookie": [
         "Tfs-SessionId=5cd7beb3-f22e-0000-c8a2-d85c2ef2cf01; path=/; secure",
         "Tfs-SessionActive=2014-10-28T00:46:16; path=/; secure"
      ],
      "x-vss-userdata": "d6245f20-2af8-44f4-9451-8107cb2767db:fabrikamfiber16@hotmail.com",
      "activityid": "13d8cf0d-f22f-0002-de1f-d9132ff2cf01",
      "x-aspnet-version": "4.0.30319",
      "x-powered-by": "ASP.NET",
      "p3p": "CP=\"CAO DSP COR ADMa DEV CONo TELo CUR PSA PSD TAI IVDo OUR SAMi BUS DEM NAV STA UNI COM INT PHY ONL FIN PUR LOC CNT\"",
      "x-content-type-options": "nosniff",
      "date": "Tue, 28 Oct 2014 00:46:15 GMT",
      "content-length": "994"
   },
   "responseBody": {
      "changeCounts": {
         "Add": 24,
         "Edit": 6
      },
      "changes": [
         {
            "item": {
               "gitObjectType": "tree",
               "commitId": "23d0bc5b128a10056dc68afece360d8a0fabb014",
               "path": "/CustomerAddressModule/CustomerAddressModule",
               "isFolder": true,
               "url": "https://fabrikam-fiber-inc.visualstudio.com/DefaultCollection/_apis/git/repositories/278d5cd2-584d-4b63-824a-2ba458937249/items/CustomerAddressModule/CustomerAddressModule?versionType=Commit&version=23d0bc5b128a10056dc68afece360d8a0fabb014"
            },
            "changeType": "add"
         },
         {
            "item": {
               "gitObjectType": "blob",
               "commitId": "23d0bc5b128a10056dc68afece360d8a0fabb014",
               "path": "/CustomerAddressModule/CustomerAddressModule/App.config",
               "url": "https://fabrikam-fiber-inc.visualstudio.com/DefaultCollection/_apis/git/repositories/278d5cd2-584d-4b63-824a-2ba458937249/items/CustomerAddressModule/CustomerAddressModule/App.config?versionType=Commit&version=23d0bc5b128a10056dc68afece360d8a0fabb014"
            },
            "changeType": "add"
         }
      ],
      "commonCommit": "be67f8871a4d2c75f13a51c1d3c30ac0d74d4ef4",
      "aheadCount": 17,
      "behindCount": 1
   }
}