{
   "method": "GET",
   "resourceFormat": "/tfvc/changesets/{id}",
   "requestUrl": "https://fabrikam-fiber-inc.visualstudio.com/DefaultCollection/_apis/tfvc/changesets/16?api-version=1.0",
   "requestHeaders": {
      "Accept": "application/json"
   },
   "statusCode": 200,
   "responseHeaders": {
      "cache-control": "no-cache",
      "pragma": "no-cache",
      "content-type": "application/json; charset=utf-8; api-version=1.0",
      "expires": "-1",
      "server": "Microsoft-IIS/8.5",
      "x-tfs-processid": "27385494-2b60-4699-b8c6-86e18f120c7a",
      "strict-transport-security": "max-age=31536000; includeSubDomains",
      "x-frame-options": "SAMEORIGIN",
      "set-cookie": [
         "Tfs-SessionId=1e364647-ef1d-0001-f058-561e1defcf01; path=/; secure",
         "Tfs-SessionActive=2014-10-27T16:21:09; path=/; secure"
      ],
      "x-vss-userdata": "d6245f20-2af8-44f4-9451-8107cb2767db:fabrikamfiber16@hotmail.com",
      "activityid": "37e5a78e-ef1d-0004-01cf-f7371defcf01",
      "x-aspnet-version": "4.0.30319",
      "x-powered-by": "ASP.NET",
      "p3p": "CP=\"CAO DSP COR ADMa DEV CONo TELo CUR PSA PSD TAI IVDo OUR SAMi BUS DEM NAV STA UNI COM INT PHY ONL FIN PUR LOC CNT\"",
      "x-content-type-options": "nosniff",
      "date": "Mon, 27 Oct 2014 16:21:09 GMT",
      "content-length": "1528"
   },
   "responseBody": {
      "changesetId": 16,
      "url": "https://fabrikam-fiber-inc.visualstudio.com/DefaultCollection/_apis/tfvc/changesets/16",
      "author": {
         "id": "8c8c7d32-6b1b-47f4-b2e9-30b477b5ab3d",
         "displayName": "Chuck Reinhart",
         "uniqueName": "fabrikamfiber3@hotmail.com",
         "url": "https://fabrikam-fiber-inc.vssps.visualstudio.com/_apis/Identities/8c8c7d32-6b1b-47f4-b2e9-30b477b5ab3d",
         "imageUrl": "https://fabrikam-fiber-inc.visualstudio.com/DefaultCollection/_api/_common/identityImage?id=8c8c7d32-6b1b-47f4-b2e9-30b477b5ab3d"
      },
      "checkedInBy": {
         "id": "8c8c7d32-6b1b-47f4-b2e9-30b477b5ab3d",
         "displayName": "Chuck Reinhart",
         "uniqueName": "fabrikamfiber3@hotmail.com",
         "url": "https://fabrikam-fiber-inc.vssps.visualstudio.com/_apis/Identities/8c8c7d32-6b1b-47f4-b2e9-30b477b5ab3d",
         "imageUrl": "https://fabrikam-fiber-inc.visualstudio.com/DefaultCollection/_api/_common/identityImage?id=8c8c7d32-6b1b-47f4-b2e9-30b477b5ab3d"
      },
      "createdDate": "2014-03-24T20:21:02.727Z",
      "_links": {
         "self": {
            "href": "https://fabrikam-fiber-inc.visualstudio.com/DefaultCollection/_apis/tfvc/changesets/16"
         },
         "changes": {
            "href": "https://fabrikam-fiber-inc.visualstudio.com/DefaultCollection/_apis/tfvc/changesets/16/changes"
         },
         "workItems": {
            "href": "https://fabrikam-fiber-inc.visualstudio.com/DefaultCollection/_apis/tfvc/changesets/16/workItems"
         },
         "author": {
            "href": "https://fabrikam-fiber-inc.vssps.visualstudio.com/_apis/Identities/8c8c7d32-6b1b-47f4-b2e9-30b477b5ab3d"
         },
         "checkedInBy": {
            "href": "https://fabrikam-fiber-inc.vssps.visualstudio.com/_apis/Identities/8c8c7d32-6b1b-47f4-b2e9-30b477b5ab3d"
         }
      }
   }
}