{
   "method": "GET",
   "resourceFormat": "/tfvc/changesets?fromId={from}&toId={to}",
   "requestUrl": "https://fabrikam-fiber-inc.visualstudio.com/DefaultCollection/_apis/tfvc/changesets?fromId=2&toId=5&api-version=1.0",
   "requestHeaders": {
      "Accept": "application/json"
   },
   "statusCode": 200,
   "responseHeaders": {
      "cache-control": "no-cache",
      "pragma": "no-cache",
      "content-type": "application/json; charset=utf-8; api-version=1.0",
      "expires": "-1",
      "server": "Microsoft-IIS/8.5",
      "x-tfs-processid": "885a135e-c201-415b-930d-541ca36ed4d1",
      "strict-transport-security": "max-age=31536000; includeSubDomains",
      "x-frame-options": "SAMEORIGIN",
      "set-cookie": [
         "Tfs-SessionId=1e364647-ef1d-0001-f058-561e1defcf01; path=/; secure",
         "Tfs-SessionActive=2014-10-27T16:21:08; path=/; secure"
      ],
      "x-vss-userdata": "d6245f20-2af8-44f4-9451-8107cb2767db:fabrikamfiber16@hotmail.com",
      "activityid": "1e364647-ef1d-0001-2f59-561e1defcf01",
      "x-aspnet-version": "4.0.30319",
      "x-powered-by": "ASP.NET",
      "p3p": "CP=\"CAO DSP COR ADMa DEV CONo TELo CUR PSA PSD TAI IVDo OUR SAMi BUS DEM NAV STA UNI COM INT PHY ONL FIN PUR LOC CNT\"",
      "x-content-type-options": "nosniff",
      "date": "Mon, 27 Oct 2014 16:21:07 GMT",
      "content-length": "3966"
   },
   "responseBody": {
      "count": 4,
      "value": [
         {
            "changesetId": 5,
            "url": "https://fabrikam-fiber-inc.visualstudio.com/DefaultCollection/_apis/tfvc/changesets/5",
            "author": {
               "id": "8c8c7d32-6b1b-47f4-b2e9-30b477b5ab3d",
               "displayName": "Chuck Reinhart",
               "uniqueName": "fabrikamfiber3@hotmail.com",
               "url": "https://fabrikam-fiber-inc.vssps.visualstudio.com/_apis/Identities/8c8c7d32-6b1b-47f4-b2e9-30b477b5ab3d",
               "imageUrl": "https://fabrikam-fiber-inc.visualstudio.com/DefaultCollection/_api/_common/identityImage?id=8c8c7d32-6b1b-47f4-b2e9-30b477b5ab3d"
            },
            "checkedInBy": {
               "id": "8c8c7d32-6b1b-47f4-b2e9-30b477b5ab3d",
               "displayName": "Chuck Reinhart",
               "uniqueName": "fabrikamfiber3@hotmail.com",
               "url": "https://fabrikam-fiber-inc.vssps.visualstudio.com/_apis/Identities/8c8c7d32-6b1b-47f4-b2e9-30b477b5ab3d",
               "imageUrl": "https://fabrikam-fiber-inc.visualstudio.com/DefaultCollection/_api/_common/identityImage?id=8c8c7d32-6b1b-47f4-b2e9-30b477b5ab3d"
            },
            "createdDate": "2014-03-19T17:23:59.697Z",
            "comment": "generated app"
         },
         {
            "changesetId": 4,
            "url": "https://fabrikam-fiber-inc.visualstudio.com/DefaultCollection/_apis/tfvc/changesets/4",
            "author": {
               "id": "8c8c7d32-6b1b-47f4-b2e9-30b477b5ab3d",
               "displayName": "Chuck Reinhart",
               "uniqueName": "fabrikamfiber3@hotmail.com",
               "url": "https://fabrikam-fiber-inc.vssps.visualstudio.com/_apis/Identities/8c8c7d32-6b1b-47f4-b2e9-30b477b5ab3d",
               "imageUrl": "https://fabrikam-fiber-inc.visualstudio.com/DefaultCollection/_api/_common/identityImage?id=8c8c7d32-6b1b-47f4-b2e9-30b477b5ab3d"
            },
            "checkedInBy": {
               "id": "8c8c7d32-6b1b-47f4-b2e9-30b477b5ab3d",
               "displayName": "Chuck Reinhart",
               "uniqueName": "fabrikamfiber3@hotmail.com",
               "url": "https://fabrikam-fiber-inc.vssps.visualstudio.com/_apis/Identities/8c8c7d32-6b1b-47f4-b2e9-30b477b5ab3d",
               "imageUrl": "https://fabrikam-fiber-inc.visualstudio.com/DefaultCollection/_api/_common/identityImage?id=8c8c7d32-6b1b-47f4-b2e9-30b477b5ab3d"
            },
            "createdDate": "2014-01-24T19:20:53.547Z",
            "comment": "Check-in the Lab default template"
         },
         {
            "changesetId": 3,
            "url": "https://fabrikam-fiber-inc.visualstudio.com/DefaultCollection/_apis/tfvc/changesets/3",
            "author": {
               "id": "8c8c7d32-6b1b-47f4-b2e9-30b477b5ab3d",
               "displayName": "Chuck Reinhart",
               "uniqueName": "fabrikamfiber3@hotmail.com",
               "url": "https://fabrikam-fiber-inc.vssps.visualstudio.com/_apis/Identities/8c8c7d32-6b1b-47f4-b2e9-30b477b5ab3d",
               "imageUrl": "https://fabrikam-fiber-inc.visualstudio.com/DefaultCollection/_api/_common/identityImage?id=8c8c7d32-6b1b-47f4-b2e9-30b477b5ab3d"
            },
            "checkedInBy": {
               "id": "8c8c7d32-6b1b-47f4-b2e9-30b477b5ab3d",
               "displayName": "Chuck Reinhart",
               "uniqueName": "fabrikamfiber3@hotmail.com",
               "url": "https://fabrikam-fiber-inc.vssps.visualstudio.com/_apis/Identities/8c8c7d32-6b1b-47f4-b2e9-30b477b5ab3d",
               "imageUrl": "https://fabrikam-fiber-inc.visualstudio.com/DefaultCollection/_api/_common/identityImage?id=8c8c7d32-6b1b-47f4-b2e9-30b477b5ab3d"
            },
            "createdDate": "2014-01-24T19:20:51.963Z",
            "comment": "Checking in new Team Foundation Build Automation files."
         },
         {
            "changesetId": 2,
            "url": "https://fabrikam-fiber-inc.visualstudio.com/DefaultCollection/_apis/tfvc/changesets/2",
            "author": {
               "id": "8c8c7d32-6b1b-47f4-b2e9-30b477b5ab3d",
               "displayName": "Chuck Reinhart",
               "uniqueName": "fabrikamfiber3@hotmail.com",
               "url": "https://fabrikam-fiber-inc.vssps.visualstudio.com/_apis/Identities/8c8c7d32-6b1b-47f4-b2e9-30b477b5ab3d",
               "imageUrl": "https://fabrikam-fiber-inc.visualstudio.com/DefaultCollection/_api/_common/identityImage?id=8c8c7d32-6b1b-47f4-b2e9-30b477b5ab3d"
            },
            "checkedInBy": {
               "id": "8c8c7d32-6b1b-47f4-b2e9-30b477b5ab3d",
               "displayName": "Chuck Reinhart",
               "uniqueName": "fabrikamfiber3@hotmail.com",
               "url": "https://fabrikam-fiber-inc.vssps.visualstudio.com/_apis/Identities/8c8c7d32-6b1b-47f4-b2e9-30b477b5ab3d",
               "imageUrl": "https://fabrikam-fiber-inc.visualstudio.com/DefaultCollection/_api/_common/identityImage?id=8c8c7d32-6b1b-47f4-b2e9-30b477b5ab3d"
            },
            "createdDate": "2014-01-24T19:20:46.577Z",
            "comment": "Created team project folder $/Fabrikam-Fiber-TFVC via the Team Project Creation ",
            "commentTruncated": true
         }
      ]
   }
}