{
   "method": "GET",
   "resourceFormat": "/tfvc/labels/{labelId}?maxItemCount=100",
   "requestUrl": "https://fabrikam-fiber-inc.visualstudio.com/DefaultCollection/_apis/tfvc/labels/2883?maxItemCount=100&api-version=1.0-preview.1",
   "requestHeaders": {
      "Accept": "application/json"
   },
   "statusCode": 200,
   "responseHeaders": {
      "cache-control": "no-cache",
      "pragma": "no-cache",
      "content-type": "application/json; charset=utf-8; api-version=1.0-preview.1",
      "expires": "-1",
      "server": "Microsoft-IIS/8.5",
      "x-tfs-processid": "fd23a2e1-b5ce-4879-acb4-e3e1f685ba91",
      "strict-transport-security": "max-age=31536000; includeSubDomains",
      "x-frame-options": "SAMEORIGIN",
      "set-cookie": [
         "Tfs-SessionId=8bd98892-e1c7-0003-d8ea-da8bc7e1cf01; path=/; secure",
         "Tfs-SessionActive=2014-10-07T22:19:29; path=/; secure"
      ],
      "x-vss-userdata": "8c8c7d32-6b1b-47f4-b2e9-30b477b5ab3d:fabrikamfiber3@hotmail.com",
      "activityid": "75c99434-e1c7-0005-9a9b-cd75c7e1cf01",
      "x-aspnet-version": "4.0.30319",
      "x-powered-by": "ASP.NET",
      "p3p": "CP=\"CAO DSP COR ADMa DEV CONo TELo CUR PSA PSD TAI IVDo OUR SAMi BUS DEM NAV STA UNI COM INT PHY ONL FIN PUR LOC CNT\"",
      "x-content-type-options": "nosniff",
      "date": "Tue, 07 Oct 2014 22:19:28 GMT",
      "content-length": "3554"
   },
   "responseBody": {
      "_links": {
         "self": {
            "href": "https://fabrikam-fiber-inc.visualstudio.com/DefaultCollection/_apis/tfvc/labels/2883"
         },
         "items": {
            "href": "https://fabrikam-fiber-inc.visualstudio.com/DefaultCollection/_apis/tfvc/labels/2883/items"
         },
         "owner": {
            "href": "https://fabrikam-fiber-inc.vssps.visualstudio.com/_apis/Identities/8c8c7d32-6b1b-47f4-b2e9-30b477b5ab3d"
         }
      },
      "id": 2883,
      "name": "That label",
      "description": "",
      "labelScope": "$/Fabrikam-Fiber-TFVC",
      "modifiedDate": "2014-03-24T18:56:32.097Z",
      "owner": {
         "id": "8c8c7d32-6b1b-47f4-b2e9-30b477b5ab3d",
         "displayName": "Chuck Reinhart",
         "uniqueName": "fabrikamfiber3@hotmail.com",
         "url": "https://fabrikam-fiber-inc.vssps.visualstudio.com/_apis/Identities/8c8c7d32-6b1b-47f4-b2e9-30b477b5ab3d",
         "imageUrl": "https://fabrikam-fiber-inc.visualstudio.com/DefaultCollection/_api/_common/identityImage?id=8c8c7d32-6b1b-47f4-b2e9-30b477b5ab3d"
      },
      "items": [
         {
            "version": 12,
            "path": "$/Fabrikam-Fiber-TFVC/AuthSample-dev/AuthSample.sln",
            "url": "https://fabrikam-fiber-inc.visualstudio.com/DefaultCollection/_apis/tfvc/items/%24/Fabrikam-Fiber-TFVC/AuthSample-dev/AuthSample.sln?versionType=Changeset&version=12"
         },
         {
            "version": 12,
            "path": "$/Fabrikam-Fiber-TFVC/AuthSample-dev/AuthSample.vssscc",
            "url": "https://fabrikam-fiber-inc.visualstudio.com/DefaultCollection/_apis/tfvc/items/%24/Fabrikam-Fiber-TFVC/AuthSample-dev/AuthSample.vssscc?versionType=Changeset&version=12"
         },
         {
            "version": 12,
            "path": "$/Fabrikam-Fiber-TFVC/AuthSample-dev/Code",
            "isFolder": true,
            "url": "https://fabrikam-fiber-inc.visualstudio.com/DefaultCollection/_apis/tfvc/items/%24/Fabrikam-Fiber-TFVC/AuthSample-dev/Code?versionType=Changeset&version=12"
         },
         {
            "version": 12,
            "path": "$/Fabrikam-Fiber-TFVC/AuthSample-dev/Code/App.config",
            "url": "https://fabrikam-fiber-inc.visualstudio.com/DefaultCollection/_apis/tfvc/items/%24/Fabrikam-Fiber-TFVC/AuthSample-dev/Code/App.config?versionType=Changeset&version=12"
         },
         {
            "version": 12,
            "path": "$/Fabrikam-Fiber-TFVC/AuthSample-dev/Code/AuthSample.cs",
            "url": "https://fabrikam-fiber-inc.visualstudio.com/DefaultCollection/_apis/tfvc/items/%24/Fabrikam-Fiber-TFVC/AuthSample-dev/Code/AuthSample.cs?versionType=Changeset&version=12"
         },
         {
            "version": 12,
            "path": "$/Fabrikam-Fiber-TFVC/AuthSample-dev/Code/AuthSample.csproj.vspscc",
            "url": "https://fabrikam-fiber-inc.visualstudio.com/DefaultCollection/_apis/tfvc/items/%24/Fabrikam-Fiber-TFVC/AuthSample-dev/Code/AuthSample.csproj.vspscc?versionType=Changeset&version=12"
         },
         {
            "version": 12,
            "path": "$/Fabrikam-Fiber-TFVC/AuthSample-dev/Code/AuthSample.csproj",
            "url": "https://fabrikam-fiber-inc.visualstudio.com/DefaultCollection/_apis/tfvc/items/%24/Fabrikam-Fiber-TFVC/AuthSample-dev/Code/AuthSample.csproj?versionType=Changeset&version=12"
         },
         {
            "version": 12,
            "path": "$/Fabrikam-Fiber-TFVC/AuthSample-dev/Code/Properties",
            "isFolder": true,
            "url": "https://fabrikam-fiber-inc.visualstudio.com/DefaultCollection/_apis/tfvc/items/%24/Fabrikam-Fiber-TFVC/AuthSample-dev/Code/Properties?versionType=Changeset&version=12"
         },
         {
            "version": 12,
            "path": "$/Fabrikam-Fiber-TFVC/AuthSample-dev/Code/Properties/AssemblyInfo.cs",
            "url": "https://fabrikam-fiber-inc.visualstudio.com/DefaultCollection/_apis/tfvc/items/%24/Fabrikam-Fiber-TFVC/AuthSample-dev/Code/Properties/AssemblyInfo.cs?versionType=Changeset&version=12"
         },
         {
            "version": 12,
            "path": "$/Fabrikam-Fiber-TFVC/AuthSample-dev",
            "isFolder": true,
            "url": "https://fabrikam-fiber-inc.visualstudio.com/DefaultCollection/_apis/tfvc/items/%24/Fabrikam-Fiber-TFVC/AuthSample-dev?versionType=Changeset&version=12"
         }
      ],
      "url": "https://fabrikam-fiber-inc.visualstudio.com/DefaultCollection/_apis/tfvc/labels/2883"
   }
}