{
   "method": "POST",
   "resourceFormat": "/wit/wiql",
   "requestUrl": "https://fabrikam-fiber-inc.visualstudio.com/DefaultCollection/Fabrikam-Fiber-Git/_apis/wit/wiql?api-version=1.0",
   "requestHeaders": {
      "Accept": "application/json",
      "Content-Type": "application/json",
      "Content-Length": 468
   },
   "requestBody": {
      "query": "SELECT [System.Id], [System.Links.LinkType], [System.WorkItemType], [System.Title], [System.State] FROM WorkItemLinks WHERE ([Source].[System.TeamProject] = @project AND  [Source].[System.WorkItemType] IN GROUP 'Microsoft.RequirementCategory'  AND  [Source].[System.State] <> 'Done') AND ([System.Links.LinkType] <> '') And ([Target].[System.State] <> 'Removed' AND [Target].[System.WorkItemType] NOT IN GROUP 'Microsoft.FeatureCategory') mode(MustContain)"
   },
   "statusCode": 200,
   "responseHeaders": {
      "cache-control": "no-cache",
      "pragma": "no-cache",
      "content-type": "application/json; charset=utf-8; api-version=1.0",
      "expires": "-1",
      "server": "Microsoft-IIS/8.5",
      "x-tfs-processid": "69f0b14c-58dd-45f1-b6f1-124bb305048f",
      "strict-transport-security": "max-age=31536000; includeSubDomains",
      "x-frame-options": "SAMEORIGIN",
      "set-cookie": [
         "Tfs-SessionId=7066e0f8-1bcc-0004-e520-db70cc1bd001; path=/; secure",
         "Tfs-SessionActive=2014-12-29T20:49:35; path=/; secure"
      ],
      "x-vss-userdata": "d291b0c4-a05c-4ea6-8df1-4b41d5f39eff:fabrikamfiber4@hotmail.com",
      "activityid": "7066e0f8-1bcc-0000-68a1-eb70cc1bd001",
      "x-aspnet-version": "4.0.30319",
      "x-powered-by": "ASP.NET",
      "p3p": "CP=\"CAO DSP COR ADMa DEV CONo TELo CUR PSA PSD TAI IVDo OUR SAMi BUS DEM NAV STA UNI COM INT PHY ONL FIN PUR LOC CNT\"",
      "x-content-type-options": "nosniff",
      "date": "Mon, 29 Dec 2014 20:49:34 GMT",
      "content-length": "1880"
   },
   "responseBody": {
      "queryType": "oneHop",
      "asOf": "2014-12-29T20:49:35.357Z",
      "columns": [
         {
            "referenceName": "System.Id",
            "name": "ID",
            "url": "https://fabrikam-fiber-inc.visualstudio.com/DefaultCollection/_apis/wit/fields/System.Id"
         },
         {
            "referenceName": "System.Links.LinkType",
            "name": "Link Type",
            "url": "https://fabrikam-fiber-inc.visualstudio.com/DefaultCollection/_apis/wit/fields/System.Links.LinkType"
         },
         {
            "referenceName": "System.WorkItemType",
            "name": "Work Item Type",
            "url": "https://fabrikam-fiber-inc.visualstudio.com/DefaultCollection/_apis/wit/fields/System.WorkItemType"
         },
         {
            "referenceName": "System.Title",
            "name": "Title",
            "url": "https://fabrikam-fiber-inc.visualstudio.com/DefaultCollection/_apis/wit/fields/System.Title"
         },
         {
            "referenceName": "System.State",
            "name": "State",
            "url": "https://fabrikam-fiber-inc.visualstudio.com/DefaultCollection/_apis/wit/fields/System.State"
         }
      ],
      "sortColumns": [
         {
            "field": {
               "referenceName": "System.Id",
               "name": "ID",
               "url": "https://fabrikam-fiber-inc.visualstudio.com/DefaultCollection/_apis/wit/fields/System.Id"
            },
            "descending": false
         },
         {
            "field": {
               "referenceName": "System.Id",
               "name": "ID",
               "url": "https://fabrikam-fiber-inc.visualstudio.com/DefaultCollection/_apis/wit/fields/System.Id"
            },
            "descending": false
         }
      ],
      "workItemRelations": [
         {
            "target": {
               "id": 297,
               "url": "https://fabrikam-fiber-inc.visualstudio.com/DefaultCollection/_apis/wit/workItems/297"
            }
         },
         {
            "rel": "System.LinkTypes.Hierarchy-Forward",
            "source": {
               "id": 297,
               "url": "https://fabrikam-fiber-inc.visualstudio.com/DefaultCollection/_apis/wit/workItems/297"
            },
            "target": {
               "id": 299,
               "url": "https://fabrikam-fiber-inc.visualstudio.com/DefaultCollection/_apis/wit/workItems/299"
            }
         },
         {
            "rel": "System.LinkTypes.Hierarchy-Forward",
            "source": {
               "id": 297,
               "url": "https://fabrikam-fiber-inc.visualstudio.com/DefaultCollection/_apis/wit/workItems/297"
            },
            "target": {
               "id": 300,
               "url": "https://fabrikam-fiber-inc.visualstudio.com/DefaultCollection/_apis/wit/workItems/300"
            }
         }
      ]
   }
}