{
   "method": "GET",
   "resourceFormat": "/wit/workitems?ids={ids}",
   "requestUrl": "https://fabrikam-fiber-inc.visualstudio.com/DefaultCollection/_apis/wit/workitems?ids=297,299,300&api-version=1.0",
   "requestHeaders": {
      "Accept": "application/json"
   },
   "statusCode": 200,
   "responseHeaders": {
      "cache-control": "no-cache",
      "pragma": "no-cache",
      "content-type": "application/json; charset=utf-8; api-version=1.0",
      "expires": "-1",
      "server": "Microsoft-IIS/8.5",
      "x-tfs-processid": "79c99f53-1127-4a7d-848b-a49f5155acac",
      "strict-transport-security": "max-age=31536000; includeSubDomains",
      "x-frame-options": "SAMEORIGIN",
      "set-cookie": [
         "Tfs-SessionId=7066e0f8-1bcc-0004-e520-db70cc1bd001; path=/; secure",
         "Tfs-SessionActive=2014-12-29T20:49:29; path=/; secure"
      ],
      "x-vss-userdata": "d291b0c4-a05c-4ea6-8df1-4b41d5f39eff:fabrikamfiber4@hotmail.com",
      "activityid": "4d43d1aa-1bcc-0004-4a2f-ad4dcc1bd001",
      "x-aspnet-version": "4.0.30319",
      "x-powered-by": "ASP.NET",
      "p3p": "CP=\"CAO DSP COR ADMa DEV CONo TELo CUR PSA PSD TAI IVDo OUR SAMi BUS DEM NAV STA UNI COM INT PHY ONL FIN PUR LOC CNT\"",
      "x-content-type-options": "nosniff",
      "date": "Mon, 29 Dec 2014 20:49:28 GMT",
      "content-length": "2486"
   },
   "responseBody": {
      "count": 3,
      "value": [
         {
            "id": 297,
            "rev": 1,
            "fields": {
               "System.AreaPath": "Fabrikam-Fiber-Git",
               "System.TeamProject": "Fabrikam-Fiber-Git",
               "System.IterationPath": "Fabrikam-Fiber-Git",
               "System.WorkItemType": "Product Backlog Item",
               "System.State": "New",
               "System.Reason": "New backlog item",
               "System.CreatedDate": "2014-12-29T20:49:20.77Z",
               "System.CreatedBy": "Jamal Hartnett <fabrikamfiber4@hotmail.com>",
               "System.ChangedDate": "2014-12-29T20:49:20.77Z",
               "System.ChangedBy": "Jamal Hartnett <fabrikamfiber4@hotmail.com>",
               "System.Title": "Customer can sign in using their Microsoft Account",
               "Microsoft.VSTS.Scheduling.Effort": 8,
               "WEF_6CB513B6E70E43499D9FC94E5BBFB784_Kanban.Column": "New",
               "System.Description": "Our authorization logic needs to allow for users with Microsoft accounts (formerly Live Ids) - http://msdn.microsoft.com/en-us/library/live/hh826547.aspx"
            },
            "url": "https://fabrikam-fiber-inc.visualstudio.com/DefaultCollection/_apis/wit/workItems/297"
         },
         {
            "id": 299,
            "rev": 7,
            "fields": {
               "System.AreaPath": "Fabrikam-Fiber-Git\\Website",
               "System.TeamProject": "Fabrikam-Fiber-Git",
               "System.IterationPath": "Fabrikam-Fiber-Git",
               "System.WorkItemType": "Task",
               "System.State": "To Do",
               "System.Reason": "New task",
               "System.AssignedTo": "Johnnie McLeod <fabrikamfiber2@hotmail.com>",
               "System.CreatedDate": "2014-12-29T20:49:21.617Z",
               "System.CreatedBy": "Jamal Hartnett <fabrikamfiber4@hotmail.com>",
               "System.ChangedDate": "2014-12-29T20:49:28.74Z",
               "System.ChangedBy": "Jamal Hartnett <fabrikamfiber4@hotmail.com>",
               "System.Title": "JavaScript implementation for Microsoft Account",
               "Microsoft.VSTS.Scheduling.RemainingWork": 4,
               "System.Description": "Follow the code samples from MSDN",
               "System.Tags": "Tag1; Tag2"
            },
            "url": "https://fabrikam-fiber-inc.visualstudio.com/DefaultCollection/_apis/wit/workItems/299"
         },
         {
            "id": 300,
            "rev": 1,
            "fields": {
               "System.AreaPath": "Fabrikam-Fiber-Git",
               "System.TeamProject": "Fabrikam-Fiber-Git",
               "System.IterationPath": "Fabrikam-Fiber-Git",
               "System.WorkItemType": "Task",
               "System.State": "To Do",
               "System.Reason": "New task",
               "System.CreatedDate": "2014-12-29T20:49:22.103Z",
               "System.CreatedBy": "Jamal Hartnett <fabrikamfiber4@hotmail.com>",
               "System.ChangedDate": "2014-12-29T20:49:22.103Z",
               "System.ChangedBy": "Jamal Hartnett <fabrikamfiber4@hotmail.com>",
               "System.Title": "Unit Testing for MSA login",
               "Microsoft.VSTS.Scheduling.RemainingWork": 3,
               "System.Description": "We need to ensure we have coverage to prevent regressions"
            },
            "url": "https://fabrikam-fiber-inc.visualstudio.com/DefaultCollection/_apis/wit/workItems/300"
         }
      ]
   }
}