{
   "method": "GET",
   "resourceFormat": "/wit/WorkItems?ids={ids}&fields={columns}&asOf={asof}",
   "requestUrl": "https://fabrikam-fiber-inc.visualstudio.com/DefaultCollection/_apis/wit/WorkItems?ids=300,299,298,17,16,15,14,9,8&fields=System.Id,System.Title,System.State&asOf=2014-12-29T20:49:34.617Z&api-version=1.0",
   "requestHeaders": {
      "Accept": "application/json"
   },
   "statusCode": 200,
   "responseHeaders": {
      "cache-control": "no-cache",
      "pragma": "no-cache",
      "content-type": "application/json; charset=utf-8; api-version=1.0",
      "expires": "-1",
      "server": "Microsoft-IIS/8.5",
      "x-tfs-processid": "371bac67-2c46-40f2-9e16-e15ee79a03d9",
      "strict-transport-security": "max-age=31536000; includeSubDomains",
      "x-frame-options": "SAMEORIGIN",
      "set-cookie": [
         "Tfs-SessionId=7066e0f8-1bcc-0004-e520-db70cc1bd001; path=/; secure",
         "Tfs-SessionActive=2014-12-29T20:49:34; path=/; secure"
      ],
      "x-vss-userdata": "d291b0c4-a05c-4ea6-8df1-4b41d5f39eff:fabrikamfiber4@hotmail.com",
      "activityid": "6b1e9b9e-1bcc-0000-e47f-af6bcc1bd001",
      "x-aspnet-version": "4.0.30319",
      "x-powered-by": "ASP.NET",
      "p3p": "CP=\"CAO DSP COR ADMa DEV CONo TELo CUR PSA PSD TAI IVDo OUR SAMi BUS DEM NAV STA UNI COM INT PHY ONL FIN PUR LOC CNT\"",
      "x-content-type-options": "nosniff",
      "date": "Mon, 29 Dec 2014 20:49:34 GMT",
      "content-length": "1954"
   },
   "responseBody": {
      "count": 9,
      "value": [
         {
            "id": 8,
            "rev": 3,
            "fields": {
               "System.Id": 8,
               "System.State": "Done",
               "System.Title": "Create UI for logging in with Live ID"
            },
            "url": "https://fabrikam-fiber-inc.visualstudio.com/DefaultCollection/_apis/wit/workItems/8"
         },
         {
            "id": 9,
            "rev": 2,
            "fields": {
               "System.Id": 9,
               "System.State": "Done",
               "System.Title": "Get unit tests working in the cloud"
            },
            "url": "https://fabrikam-fiber-inc.visualstudio.com/DefaultCollection/_apis/wit/workItems/9"
         },
         {
            "id": 14,
            "rev": 5,
            "fields": {
               "System.Id": 14,
               "System.State": "Done",
               "System.Title": "Design application workflow"
            },
            "url": "https://fabrikam-fiber-inc.visualstudio.com/DefaultCollection/_apis/wit/workItems/14"
         },
         {
            "id": 15,
            "rev": 4,
            "fields": {
               "System.Id": 15,
               "System.State": "In Progress",
               "System.Title": "UI Implementation"
            },
            "url": "https://fabrikam-fiber-inc.visualstudio.com/DefaultCollection/_apis/wit/workItems/15"
         },
         {
            "id": 16,
            "rev": 4,
            "fields": {
               "System.Id": 16,
               "System.State": "In Progress",
               "System.Title": "Write code to get GPS location and resolve to address"
            },
            "url": "https://fabrikam-fiber-inc.visualstudio.com/DefaultCollection/_apis/wit/workItems/16"
         },
         {
            "id": 17,
            "rev": 4,
            "fields": {
               "System.Id": 17,
               "System.State": "In Progress",
               "System.Title": "Unit testing for feature"
            },
            "url": "https://fabrikam-fiber-inc.visualstudio.com/DefaultCollection/_apis/wit/workItems/17"
         },
         {
            "id": 298,
            "rev": 1,
            "fields": {
               "System.Id": 298,
               "System.State": "To Do",
               "System.Title": "JavaScript implementation for Microsoft Account"
            },
            "url": "https://fabrikam-fiber-inc.visualstudio.com/DefaultCollection/_apis/wit/workItems/298"
         },
         {
            "id": 299,
            "rev": 7,
            "fields": {
               "System.Id": 299,
               "System.State": "To Do",
               "System.Title": "JavaScript implementation for Microsoft Account"
            },
            "url": "https://fabrikam-fiber-inc.visualstudio.com/DefaultCollection/_apis/wit/workItems/299"
         },
         {
            "id": 300,
            "rev": 1,
            "fields": {
               "System.Id": 300,
               "System.State": "To Do",
               "System.Title": "Unit Testing for MSA login"
            },
            "url": "https://fabrikam-fiber-inc.visualstudio.com/DefaultCollection/_apis/wit/workItems/300"
         }
      ]
   }
}