{
   "method": "GET",
   "resourceFormat": "/wit/workitems?ids={ids}&fields={columns}",
   "requestUrl": "https://fabrikam-fiber-inc.visualstudio.com/DefaultCollection/_apis/wit/workitems?ids=297,299,300&fields=System.Id,System.Title,System.WorkItemType,Microsoft.VSTS.Scheduling.RemainingWork&api-version=1.0",
   "requestHeaders": {
      "Accept": "application/json"
   },
   "statusCode": 200,
   "responseHeaders": {
      "cache-control": "no-cache",
      "pragma": "no-cache",
      "content-type": "application/json; charset=utf-8; api-version=1.0",
      "expires": "-1",
      "server": "Microsoft-IIS/8.5",
      "x-tfs-processid": "69f0b14c-58dd-45f1-b6f1-124bb305048f",
      "strict-transport-security": "max-age=31536000; includeSubDomains",
      "x-frame-options": "SAMEORIGIN",
      "set-cookie": [
         "Tfs-SessionId=7066e0f8-1bcc-0004-e520-db70cc1bd001; path=/; secure",
         "Tfs-SessionActive=2014-12-29T20:49:29; path=/; secure"
      ],
      "x-vss-userdata": "d291b0c4-a05c-4ea6-8df1-4b41d5f39eff:fabrikamfiber4@hotmail.com",
      "activityid": "7066e0f8-1bcc-0000-3fa1-eb70cc1bd001",
      "x-aspnet-version": "4.0.30319",
      "x-powered-by": "ASP.NET",
      "p3p": "CP=\"CAO DSP COR ADMa DEV CONo TELo CUR PSA PSD TAI IVDo OUR SAMi BUS DEM NAV STA UNI COM INT PHY ONL FIN PUR LOC CNT\"",
      "x-content-type-options": "nosniff",
      "date": "Mon, 29 Dec 2014 20:49:28 GMT",
      "content-length": "813"
   },
   "responseBody": {
      "count": 3,
      "value": [
         {
            "id": 297,
            "rev": 1,
            "fields": {
               "System.Id": 297,
               "System.WorkItemType": "Product Backlog Item",
               "System.Title": "Customer can sign in using their Microsoft Account"
            },
            "url": "https://fabrikam-fiber-inc.visualstudio.com/DefaultCollection/_apis/wit/workItems/297"
         },
         {
            "id": 299,
            "rev": 7,
            "fields": {
               "System.Id": 299,
               "System.WorkItemType": "Task",
               "System.Title": "JavaScript implementation for Microsoft Account",
               "Microsoft.VSTS.Scheduling.RemainingWork": 4
            },
            "url": "https://fabrikam-fiber-inc.visualstudio.com/DefaultCollection/_apis/wit/workItems/299"
         },
         {
            "id": 300,
            "rev": 1,
            "fields": {
               "System.Id": 300,
               "System.WorkItemType": "Task",
               "System.Title": "Unit Testing for MSA login",
               "Microsoft.VSTS.Scheduling.RemainingWork": 3
            },
            "url": "https://fabrikam-fiber-inc.visualstudio.com/DefaultCollection/_apis/wit/workItems/300"
         }
      ]
   }
}