{
   "method": "PATCH",
   "resourceFormat": "/wit/workitems/$Task",
   "requestUrl": "https://fabrikam-fiber-inc.visualstudio.com/DefaultCollection/Fabrikam-Fiber-Git/_apis/wit/workitems/$Task?api-version=1.0",
   "requestHeaders": {
      "Accept": "application/json",
      "Content-Type": "application/json-patch+json",
      "Content-Length": 102
   },
   "requestBody": [
      {
         "op": "add",
         "path": "/fields/System.Title",
         "value": "JavaScript implementation for Microsoft Account"
      }
   ],
   "statusCode": 200,
   "responseHeaders": {
      "cache-control": "no-cache",
      "pragma": "no-cache",
      "content-type": "application/json; charset=utf-8; api-version=1.0",
      "expires": "-1",
      "server": "Microsoft-IIS/8.5",
      "x-tfs-processid": "79c99f53-1127-4a7d-848b-a49f5155acac",
      "strict-transport-security": "max-age=31536000; includeSubDomains",
      "x-frame-options": "SAMEORIGIN",
      "set-cookie": [
         "Tfs-SessionId=7066e0f8-1bcc-0004-e520-db70cc1bd001; path=/; secure",
         "Tfs-SessionActive=2014-12-29T20:49:21; path=/; secure"
      ],
      "x-vss-userdata": "d291b0c4-a05c-4ea6-8df1-4b41d5f39eff:fabrikamfiber4@hotmail.com",
      "activityid": "4d43d1aa-1bcc-0000-26fe-d14dcc1bd001",
      "x-aspnet-version": "4.0.30319",
      "x-powered-by": "ASP.NET",
      "p3p": "CP=\"CAO DSP COR ADMa DEV CONo TELo CUR PSA PSD TAI IVDo OUR SAMi BUS DEM NAV STA UNI COM INT PHY ONL FIN PUR LOC CNT\"",
      "x-content-type-options": "nosniff",
      "date": "Mon, 29 Dec 2014 20:49:20 GMT",
      "content-length": "1482"
   },
   "responseBody": {
      "id": 298,
      "rev": 1,
      "fields": {
         "System.AreaPath": "Fabrikam-Fiber-Git",
         "System.TeamProject": "Fabrikam-Fiber-Git",
         "System.IterationPath": "Fabrikam-Fiber-Git",
         "System.WorkItemType": "Task",
         "System.State": "To Do",
         "System.Reason": "New task",
         "System.CreatedDate": "2014-12-29T20:49:21.21Z",
         "System.CreatedBy": "Jamal Hartnett <fabrikamfiber4@hotmail.com>",
         "System.ChangedDate": "2014-12-29T20:49:21.21Z",
         "System.ChangedBy": "Jamal Hartnett <fabrikamfiber4@hotmail.com>",
         "System.Title": "JavaScript implementation for Microsoft Account"
      },
      "_links": {
         "self": {
            "href": "https://fabrikam-fiber-inc.visualstudio.com/DefaultCollection/_apis/wit/workItems/298"
         },
         "workItemUpdates": {
            "href": "https://fabrikam-fiber-inc.visualstudio.com/DefaultCollection/_apis/wit/workItems/298/updates"
         },
         "workItemRevisions": {
            "href": "https://fabrikam-fiber-inc.visualstudio.com/DefaultCollection/_apis/wit/workItems/298/revisions"
         },
         "workItemHistory": {
            "href": "https://fabrikam-fiber-inc.visualstudio.com/DefaultCollection/_apis/wit/workItems/298/history"
         },
         "html": {
            "href": "https://fabrikam-fiber-inc.visualstudio.com/web/wi.aspx?pcguid=d81542e4-cdfa-4333-b082-1ae2d6c3ad16&id=298"
         },
         "workItemType": {
            "href": "https://fabrikam-fiber-inc.visualstudio.com/DefaultCollection/6ce954b1-ce1f-45d1-b94d-e6bf2464ba2c/_apis/wit/workItemTypes/Task"
         },
         "fields": {
            "href": "https://fabrikam-fiber-inc.visualstudio.com/DefaultCollection/_apis/wit/fields"
         }
      },
      "url": "https://fabrikam-fiber-inc.visualstudio.com/DefaultCollection/_apis/wit/workItems/298"
   }
}