{
   "method": "DELETE",
   "resourceFormat": "/git/repositories/{repositoryId}",
   "requestUrl": "https://fabrikam-fiber-inc.visualstudio.com/DefaultCollection/_apis/git/repositories/5febef5a-833d-4e14-b9c0-14cb638f91e6?api-version=1.0",
   "requestHeaders": {
      "Accept": "application/json",
      "Content-Type": "application/json",
      "Content-Length": 4
   },
   "requestBody": null,
   "statusCode": 204,
   "responseHeaders": {
      "cache-control": "no-cache",
      "pragma": "no-cache",
      "expires": "-1",
      "server": "Microsoft-IIS/8.5",
      "x-tfs-processid": "0ea0cf16-53eb-4d11-af74-9f8181edb370",
      "strict-transport-security": "max-age=31536000; includeSubDomains",
      "x-frame-options": "SAMEORIGIN",
      "set-cookie": [
         "Tfs-SessionId=5cd7beb3-f22e-0000-7710-d95c2ef2cf01; path=/; secure",
         "Tfs-SessionActive=2014-10-28T02:12:10; path=/; secure"
      ],
      "x-vss-userdata": "d6245f20-2af8-44f4-9451-8107cb2767db:fabrikamfiber16@hotmail.com",
      "activityid": "5cd7beb3-f22e-0001-92b8-d95c2ef2cf01",
      "x-aspnet-version": "4.0.30319",
      "x-powered-by": "ASP.NET",
      "p3p": "CP=\"CAO DSP COR ADMa DEV CONo TELo CUR PSA PSD TAI IVDo OUR SAMi BUS DEM NAV STA UNI COM INT PHY ONL FIN PUR LOC CNT\"",
      "x-content-type-options": "nosniff",
      "date": "Tue, 28 Oct 2014 02:12:09 GMT"
   }
}