{
   "method": "GET",
   "resourceFormat": "/git/repositories/{repositoryId}",
   "requestUrl": "https://fabrikam-fiber-inc.visualstudio.com/DefaultCollection/_apis/git/repositories/5febef5a-833d-4e14-b9c0-14cb638f91e6?api-version=1.0",
   "requestHeaders": {
      "Accept": "application/json"
   },
   "statusCode": 200,
   "responseHeaders": {
      "cache-control": "no-cache",
      "pragma": "no-cache",
      "content-type": "application/json; charset=utf-8; api-version=1.0",
      "expires": "-1",
      "server": "Microsoft-IIS/8.5",
      "x-tfs-processid": "c6d2b449-120f-4bb7-a3c3-809ad144d2f5",
      "strict-transport-security": "max-age=31536000; includeSubDomains",
      "x-frame-options": "SAMEORIGIN",
      "set-cookie": [
         "Tfs-SessionId=5cd7beb3-f22e-0000-7710-d95c2ef2cf01; path=/; secure",
         "Tfs-SessionActive=2014-10-28T02:12:05; path=/; secure"
      ],
      "x-vss-userdata": "d6245f20-2af8-44f4-9451-8107cb2767db:fabrikamfiber16@hotmail.com",
      "activityid": "e1db558c-f22e-0001-ba63-dde12ef2cf01",
      "x-aspnet-version": "4.0.30319",
      "x-powered-by": "ASP.NET",
      "p3p": "CP=\"CAO DSP COR ADMa DEV CONo TELo CUR PSA PSD TAI IVDo OUR SAMi BUS DEM NAV STA UNI COM INT PHY ONL FIN PUR LOC CNT\"",
      "x-content-type-options": "nosniff",
      "date": "Tue, 28 Oct 2014 02:12:06 GMT",
      "content-length": "547"
   },
   "responseBody": {
      "id": "5febef5a-833d-4e14-b9c0-14cb638f91e6",
      "name": "AnotherRepository",
      "url": "https://fabrikam-fiber-inc.visualstudio.com/DefaultCollection/_apis/git/repositories/5febef5a-833d-4e14-b9c0-14cb638f91e6",
      "project": {
         "id": "6ce954b1-ce1f-45d1-b94d-e6bf2464ba2c",
         "name": "Fabrikam-Fiber-Git",
         "url": "https://fabrikam-fiber-inc.visualstudio.com/DefaultCollection/_apis/projects/6ce954b1-ce1f-45d1-b94d-e6bf2464ba2c",
         "state": "wellFormed"
      },
      "remoteUrl": "https://fabrikam-fiber-inc.visualstudio.com/DefaultCollection/Fabrikam-Fiber-Git/_git/AnotherRepository"
   }
}