{
   "method": "GET",
   "resourceFormat": "/git/repositories",
   "requestUrl": "https://fabrikam-fiber-inc.visualstudio.com/DefaultCollection/_apis/git/repositories?api-version=1.0",
   "requestHeaders": {
      "Accept": "application/json"
   },
   "statusCode": 200,
   "responseHeaders": {
      "cache-control": "no-cache",
      "pragma": "no-cache",
      "content-type": "application/json; charset=utf-8; api-version=1.0",
      "expires": "-1",
      "server": "Microsoft-IIS/8.5",
      "x-tfs-processid": "3a53f505-18a5-41ea-9683-f7901dbd7a17",
      "strict-transport-security": "max-age=31536000; includeSubDomains",
      "x-frame-options": "SAMEORIGIN",
      "set-cookie": [
         "Tfs-SessionId=5cd7beb3-f22e-0000-7710-d95c2ef2cf01; path=/; secure",
         "Tfs-SessionActive=2014-10-28T02:12:07; path=/; secure"
      ],
      "x-vss-userdata": "d6245f20-2af8-44f4-9451-8107cb2767db:fabrikamfiber16@hotmail.com",
      "activityid": "c79a736d-f22e-0005-4440-9bc72ef2cf01",
      "x-aspnet-version": "4.0.30319",
      "x-powered-by": "ASP.NET",
      "p3p": "CP=\"CAO DSP COR ADMa DEV CONo TELo CUR PSA PSD TAI IVDo OUR SAMi BUS DEM NAV STA UNI COM INT PHY ONL FIN PUR LOC CNT\"",
      "x-content-type-options": "nosniff",
      "date": "Tue, 28 Oct 2014 02:12:08 GMT",
      "content-length": "1670"
   },
   "responseBody": {
      "count": 3,
      "value": [
         {
            "id": "5febef5a-833d-4e14-b9c0-14cb638f91e6",
            "name": "AnotherRepository",
            "url": "https://fabrikam-fiber-inc.visualstudio.com/DefaultCollection/_apis/git/repositories/5febef5a-833d-4e14-b9c0-14cb638f91e6",
            "project": {
               "id": "6ce954b1-ce1f-45d1-b94d-e6bf2464ba2c",
               "name": "Fabrikam-Fiber-Git",
               "url": "https://fabrikam-fiber-inc.visualstudio.com/DefaultCollection/_apis/projects/6ce954b1-ce1f-45d1-b94d-e6bf2464ba2c",
               "state": "wellFormed"
            },
            "remoteUrl": "https://fabrikam-fiber-inc.visualstudio.com/DefaultCollection/Fabrikam-Fiber-Git/_git/AnotherRepository"
         },
         {
            "id": "278d5cd2-584d-4b63-824a-2ba458937249",
            "name": "Fabrikam-Fiber-Git",
            "url": "https://fabrikam-fiber-inc.visualstudio.com/DefaultCollection/_apis/git/repositories/278d5cd2-584d-4b63-824a-2ba458937249",
            "project": {
               "id": "6ce954b1-ce1f-45d1-b94d-e6bf2464ba2c",
               "name": "Fabrikam-Fiber-Git",
               "url": "https://fabrikam-fiber-inc.visualstudio.com/DefaultCollection/_apis/projects/6ce954b1-ce1f-45d1-b94d-e6bf2464ba2c",
               "state": "wellFormed"
            },
            "defaultBranch": "refs/heads/master",
            "remoteUrl": "https://fabrikam-fiber-inc.visualstudio.com/DefaultCollection/_git/Fabrikam-Fiber-Git"
         },
         {
            "id": "66efb083-777a-4cac-a350-a24b046be6be",
            "name": "TestGit",
            "url": "https://fabrikam-fiber-inc.visualstudio.com/DefaultCollection/_apis/git/repositories/66efb083-777a-4cac-a350-a24b046be6be",
            "project": {
               "id": "281f9a5b-af0d-49b4-a1df-fe6f5e5f84d0",
               "name": "TestGit",
               "url": "https://fabrikam-fiber-inc.visualstudio.com/DefaultCollection/_apis/projects/281f9a5b-af0d-49b4-a1df-fe6f5e5f84d0",
               "state": "wellFormed"
            },
            "defaultBranch": "refs/heads/master",
            "remoteUrl": "https://fabrikam-fiber-inc.visualstudio.com/DefaultCollection/_git/TestGit"
         }
      ]
   }
}