{
   "method": "GET",
   "resourceFormat": "/TestService/TestDrop/{api-version}/GetTestDrops",
   "requestUrl": "https://af6f3429f-8f33-414e-af7a-79ec4c98ab3c.vsclt.visualstudio.com/TestService/TestDrop/1.3/GetTestDrops",
   "requestHeaders": {
      "Cookie": "",
      "Accept": "application/json",
      "Accept-Language": "en-US",
      "User-Agent": "VSServices/12.0.21005.1 (devenv.exe ,Ultimate, SKU:17)",
      "X-TFS-FedAuthRedirect": "Suppress",
      "X-TFS-Session": "f15354a0-5013-49fe-9666-039dba045675",
      "X-VSS-Agent": "IDE:c72621ad0a06453b92b6e6255bcbfc7a",
      "Host": "af6f3429f-8f33-414e-af7a-79ec4c98ab3c.vsclt.visualstudio.com"
   },
   "statusCode": 200,
   "responseHeaders": {
      "cache-control": "no-cache",
      "pragma": "no-cache",
      "content-type": "application/json; charset=utf-8",
      "expires": "-1",
      "vary": "Accept-Encoding",
      "server": "Microsoft-IIS/8.0",
      "x-tfs-processid": "2eb4fb85-b4bb-4f90-9258-f7cf9c1af044",
      "activityid": "7d3b61c0-dc5e-0000-7bd5-577d5edcce01",
      "x-aspnet-version": "4.0.30319",
      "x-powered-by": "ASP.NET",
      "date": "Mon, 18 Nov 2013 10:22:28 GMT",
      "content-length": "593"
   },
   "responseBody": [   
      {"id":"f2f44a65-c94b-450a-83ab-ac2303555135","tenantId":"f6f3429f-8f33-414e-af7a-79ec4c98ab3c","testRunId":null,"dropType":"TestServiceBlobDrop","accessData":"{\"SasKey\":\"?sv=2012-02-12&se=2013-11-18T12%3A22%3A15Z&sr=c&si=sas_tenant_policyf6f3429f-8f33-414e-af7a-79ec4c98ab3c&sig=qY1bnDtDeMLulmRx%2BEFFPINhTPdgtQH74VdgVO8IlHA%3D\",\"StorageBaseUri\":\"https://elsprodch2su1.blob.core.windows.net/\"}","dropTime":"2013-11-18T10:22:15.7497428Z","dropDetails":"f6f3429f-8f33-414e-af7a-79ec4c98ab3c","version":{"major":1,"minor":2,"build":-1,"revision":-1,"majorRevision":-1,"minorRevision":-1}}
   ]
}
