{
   "method": "GET",
   "resourceFormat": "/_apis/clt/TestDrops",
   "requestUrl": "https://fabrikam.vsclt.visualstudio.com/_apis/clt/TestDrops/f2f44a65-c94b-450a-83ab-ac2303555135",
   "requestHeaders": {
      "Cookie": "",
      "Accept": "application/json",
      "Accept-Language": "en-US",
      "User-Agent": "VSServices/12.0.21005.1 (devenv.exe, Ultimate, SKU:17)",
      "X-TFS-FedAuthRedirect": "Suppress",
      "X-TFS-Session": "f15354a0-5013-49fe-9666-039dba045675",
      "X-VSS-Agent": "IDE:c72621ad0a06453b92b6e6255bcbfc7a",
      "Host": "af6f3429f-8f33-414e-af7a-79ec4c98ab3c.vsclt.visualstudio.com"
   },
   "statusCode": 200,
   "responseHeaders": {
      "cache-control": "no-cache",
      "pragma": "no-cache",
      "content-type": "application/json; charset=utf-8",
      "expires": "-1",
      "vary": "Accept-Encoding",
      "server": "Microsoft-IIS/8.0",
      "x-tfs-processid": "2eb4fb85-b4bb-4f90-9258-f7cf9c1af044",
      "activityid": "7d3b61c0-dc5e-0000-7bd5-577d5edcce01",
      "x-aspnet-version": "4.0.30319",
      "x-powered-by": "ASP.NET",
      "date": "Mon, 18 Nov 2013 10:22:28 GMT",
      "content-length": "593"
   },
   "responseBody": {
      "id":"f2f44a65-c94b-450a-83ab-ac2303555135",
      "testRunId":"aeee0697-d734-43d7-956e-e662252c265c",
      "dropType":"TestServiceBlobDrop",
      "createdDate":"2013-11-18T10:22:15.7497428Z",
      "dropDetails":"f6f3429f-8f33-414e-af7a-79ec4c98ab3c",
      "accessData":{
          "sasKey":"?se=2014-06-16T10%3A10%3A26Z&sr=c&si=sas_tenant_policyaeee0697-d734-43d7-956e-e662252c265c&sig=wlpv9wI8qReYLX76p6zCjWPfdYz%2FkXIOKxFmFZ0mLps%3D",
          "dropContainerUrl":"http://127.0.0.1:10000/devstoreaccount1/ets-containerfor-aeee0697-d734-43d7-956e-e662252c265c/156aa495-2dac-4903-8125-6b6ca3279208"
      }
   }
}

