{
   "method": "POST",
   "resourceFormat": "/_apis/clt/TestDrops",
   "requestUrl": "https://fabrikam.vsclt.visualstudio.com/_apis/clt/TestDrops",
   "requestHeaders": {
      "Cookie": "",
      "Accept": "application/json",
      "Accept-Language": "en-US",
      "User-Agent": "VSServices/12.0.21005.1 (devenv.exe ,Ultimate, SKU:17)",
      "X-TFS-FedAuthRedirect": "Suppress",
      "X-TFS-Session": "f15354a0-5013-49fe-9666-039dba045675",
      "X-VSS-Agent": "IDE:c72621ad0a06453b92b6e6255bcbfc7a",
      "Host": "af6f3429f-8f33-414e-af7a-79ec4c98ab3c.vsclt.visualstudio.com"
   },
   "requestBody": {
       "dropType":"TestServiceBlobDrop"
   },
   "statusCode": 200,
   "responseHeaders": {
      "cache-control": "no-cache",
      "pragma": "no-cache",
      "content-type": "application/json; charset=utf-8",
      "expires": "-1",
      "vary": "Accept-Encoding",
      "server": "Microsoft-IIS/8.0",
      "x-tfs-processid": "2eb4fb85-b4bb-4f90-9258-f7cf9c1af044",
      "activityid": "7d3b61c0-dc5e-0000-7bd5-577d5edcce01",
      "x-aspnet-version": "4.0.30319",
      "x-powered-by": "ASP.NET",
      "date": "Mon, 18 Nov 2013 10:22:28 GMT",
      "content-length": "593"
   },
   "responseBody": {
       "id":"ed45ed32-dafb-4178-ba7e-ad25755348f8",
       "dropType":"TestServiceBlobDrop",
       "createdDate":"2014-06-23T06:13:34.7232698Z",
       "accessData":{
           "sasKey":"?sv=2012-02-12&se=2014-06-23T08%3A13%3A34Z&sr=c&si=sas_tenant_policyb4e51292-6cd7-4631-a1eb-caeaf4031abb&sig=zigGSss1xVwz6qDJzmwiR8KzWF%2Bq%2FTiyNegCV%2FCKfrg%3D",
           "dropContainerUrl":"http://127.0.0.1:10000/devstoreaccount1/ets-containerfor-b4e51292-6cd7-4631-a1eb-caeaf4031abb/ed45ed32-dafb-4178-ba7e-ad25755348f8"
       }
   }
}
