{
   "method": "GET",
   "resourceFormat": "/git/repositories/{repositoryId}/trees/{objectId}",
   "requestUrl": "https://fabrikam-fiber-inc.visualstudio.com/DefaultCollection/_apis/git/repositories/278d5cd2-584d-4b63-824a-2ba458937249/trees/d1d5c2d49045d52bba6419652d6ecb2cd560dc29?api-version=1.0",
   "requestHeaders": {
      "Accept": "application/json"
   },
   "statusCode": 200,
   "responseHeaders": {
      "cache-control": "no-cache",
      "pragma": "no-cache",
      "content-type": "application/json; charset=utf-8; api-version=1.0",
      "expires": "-1",
      "server": "Microsoft-IIS/8.5",
      "x-tfs-processid": "6af8bb09-a4c2-4549-987e-eaaf4a2ac411",
      "strict-transport-security": "max-age=31536000; includeSubDomains",
      "x-frame-options": "SAMEORIGIN",
      "set-cookie": [
         "Tfs-SessionId=e1db558c-f22e-0001-ba6c-dde12ef2cf01; path=/; secure",
         "Tfs-SessionActive=2014-10-28T02:17:41; path=/; secure"
      ],
      "x-vss-userdata": "d6245f20-2af8-44f4-9451-8107cb2767db:fabrikamfiber16@hotmail.com",
      "activityid": "13d8cf0d-f22f-0000-732e-da132ff2cf01",
      "x-aspnet-version": "4.0.30319",
      "x-powered-by": "ASP.NET",
      "p3p": "CP=\"CAO DSP COR ADMa DEV CONo TELo CUR PSA PSD TAI IVDo OUR SAMi BUS DEM NAV STA UNI COM INT PHY ONL FIN PUR LOC CNT\"",
      "x-content-type-options": "nosniff",
      "date": "Tue, 28 Oct 2014 02:17:40 GMT",
      "content-length": "2577"
   },
   "responseBody": {
      "objectId": "d1d5c2d49045d52bba6419652d6ecb2cd560dc29",
      "url": "https://fabrikam-fiber-inc.visualstudio.com/DefaultCollection/_apis/git/repositories/278d5cd2-584d-4b63-824a-2ba458937249/trees/d1d5c2d49045d52bba6419652d6ecb2cd560dc29",
      "treeEntries": [
         {
            "objectId": "ea6765e1976b9e8a6d4981fd8febebd574a91571",
            "relativePath": "Home",
            "mode": "40000",
            "gitObjectType": "tree",
            "url": "https://fabrikam-fiber-inc.visualstudio.com/DefaultCollection/_apis/git/repositories/278d5cd2-584d-4b63-824a-2ba458937249/trees/ea6765e1976b9e8a6d4981fd8febebd574a91571",
            "size": 259
         },
         {
            "objectId": "d1c521e3b401b314d4f9ff17f6cad4652c6a4d14",
            "relativePath": "Shared",
            "mode": "40000",
            "gitObjectType": "tree",
            "url": "https://fabrikam-fiber-inc.visualstudio.com/DefaultCollection/_apis/git/repositories/278d5cd2-584d-4b63-824a-2ba458937249/trees/d1c521e3b401b314d4f9ff17f6cad4652c6a4d14",
            "size": 82
         },
         {
            "objectId": "f5dd7df5872eae8c39c9491f67d856dafd609683",
            "relativePath": "Web.config",
            "mode": "100644",
            "gitObjectType": "blob",
            "url": "https://fabrikam-fiber-inc.visualstudio.com/DefaultCollection/_apis/git/repositories/278d5cd2-584d-4b63-824a-2ba458937249/blobs/f5dd7df5872eae8c39c9491f67d856dafd609683",
            "size": 1670
         },
         {
            "objectId": "2de62418c07c3ffa833543f484445dbfd0fe68d8",
            "relativePath": "_ViewStart.cshtml",
            "mode": "100644",
            "gitObjectType": "blob",
            "url": "https://fabrikam-fiber-inc.visualstudio.com/DefaultCollection/_apis/git/repositories/278d5cd2-584d-4b63-824a-2ba458937249/blobs/2de62418c07c3ffa833543f484445dbfd0fe68d8",
            "size": 54
         }
      ],
      "size": 147,
      "_links": {
         "self": {
            "href": "https://fabrikam-fiber-inc.visualstudio.com/DefaultCollection/_apis/git/repositories/278d5cd2-584d-4b63-824a-2ba458937249/trees/d1d5c2d49045d52bba6419652d6ecb2cd560dc29"
         },
         "repository": {
            "href": "https://fabrikam-fiber-inc.visualstudio.com/DefaultCollection/_apis/git/repositories/278d5cd2-584d-4b63-824a-2ba458937249"
         },
         "treeEntries": [
            {
               "href": "https://fabrikam-fiber-inc.visualstudio.com/DefaultCollection/_apis/git/repositories/278d5cd2-584d-4b63-824a-2ba458937249/trees/ea6765e1976b9e8a6d4981fd8febebd574a91571"
            },
            {
               "href": "https://fabrikam-fiber-inc.visualstudio.com/DefaultCollection/_apis/git/repositories/278d5cd2-584d-4b63-824a-2ba458937249/trees/d1c521e3b401b314d4f9ff17f6cad4652c6a4d14"
            },
            {
               "href": "https://fabrikam-fiber-inc.visualstudio.com/DefaultCollection/_apis/git/repositories/278d5cd2-584d-4b63-824a-2ba458937249/blobs/f5dd7df5872eae8c39c9491f67d856dafd609683"
            },
            {
               "href": "https://fabrikam-fiber-inc.visualstudio.com/DefaultCollection/_apis/git/repositories/278d5cd2-584d-4b63-824a-2ba458937249/blobs/2de62418c07c3ffa833543f484445dbfd0fe68d8"
            }
         ]
      }
   }
}