{
   "method": "GET",
   "resourceFormat": "/git/repositories/{repositoryId}/trees/{objectId}?recursive=true",
   "requestUrl": "https://fabrikam-fiber-inc.visualstudio.com/DefaultCollection/_apis/git/repositories/278d5cd2-584d-4b63-824a-2ba458937249/trees/d1d5c2d49045d52bba6419652d6ecb2cd560dc29?recursive=true&api-version=1.0",
   "requestHeaders": {
      "Accept": "application/json"
   },
   "statusCode": 200,
   "responseHeaders": {
      "cache-control": "no-cache",
      "pragma": "no-cache",
      "content-type": "application/json; charset=utf-8; api-version=1.0",
      "expires": "-1",
      "server": "Microsoft-IIS/8.5",
      "x-tfs-processid": "0ea0cf16-53eb-4d11-af74-9f8181edb370",
      "strict-transport-security": "max-age=31536000; includeSubDomains",
      "x-frame-options": "SAMEORIGIN",
      "set-cookie": [
         "Tfs-SessionId=e1db558c-f22e-0001-ba6c-dde12ef2cf01; path=/; secure",
         "Tfs-SessionActive=2014-10-28T02:17:41; path=/; secure"
      ],
      "x-vss-userdata": "d6245f20-2af8-44f4-9451-8107cb2767db:fabrikamfiber16@hotmail.com",
      "activityid": "5cd7beb3-f22e-0006-4211-d85c2ef2cf01",
      "x-aspnet-version": "4.0.30319",
      "x-powered-by": "ASP.NET",
      "p3p": "CP=\"CAO DSP COR ADMa DEV CONo TELo CUR PSA PSD TAI IVDo OUR SAMi BUS DEM NAV STA UNI COM INT PHY ONL FIN PUR LOC CNT\"",
      "x-content-type-options": "nosniff",
      "date": "Tue, 28 Oct 2014 02:17:41 GMT",
      "content-length": "6593"
   },
   "responseBody": {
      "objectId": "d1d5c2d49045d52bba6419652d6ecb2cd560dc29",
      "url": "https://fabrikam-fiber-inc.visualstudio.com/DefaultCollection/_apis/git/repositories/278d5cd2-584d-4b63-824a-2ba458937249/trees/d1d5c2d49045d52bba6419652d6ecb2cd560dc29",
      "treeEntries": [
         {
            "objectId": "ea6765e1976b9e8a6d4981fd8febebd574a91571",
            "relativePath": "Home",
            "mode": "40000",
            "gitObjectType": "tree",
            "url": "https://fabrikam-fiber-inc.visualstudio.com/DefaultCollection/_apis/git/repositories/278d5cd2-584d-4b63-824a-2ba458937249/trees/ea6765e1976b9e8a6d4981fd8febebd574a91571",
            "size": 259
         },
         {
            "objectId": "9093f030aa7dd8c802cad228fae4c6bafae4b32f",
            "relativePath": "Home/Index.cshtml",
            "mode": "100644",
            "gitObjectType": "blob",
            "url": "https://fabrikam-fiber-inc.visualstudio.com/DefaultCollection/_apis/git/repositories/278d5cd2-584d-4b63-824a-2ba458937249/blobs/9093f030aa7dd8c802cad228fae4c6bafae4b32f",
            "size": 2690
         },
         {
            "objectId": "61a86fdaa79e5c6f5fb6e4026508489feb6ed92c",
            "relativePath": "Home/_Home.cshtml",
            "mode": "100644",
            "gitObjectType": "blob",
            "url": "https://fabrikam-fiber-inc.visualstudio.com/DefaultCollection/_apis/git/repositories/278d5cd2-584d-4b63-824a-2ba458937249/blobs/61a86fdaa79e5c6f5fb6e4026508489feb6ed92c",
            "size": 1486
         },
         {
            "objectId": "445986f7957f0478686b6def4dcd04d2bad00594",
            "relativePath": "Home/_Login.cshtml",
            "mode": "100644",
            "gitObjectType": "blob",
            "url": "https://fabrikam-fiber-inc.visualstudio.com/DefaultCollection/_apis/git/repositories/278d5cd2-584d-4b63-824a-2ba458937249/blobs/445986f7957f0478686b6def4dcd04d2bad00594",
            "size": 2828
         },
         {
            "objectId": "d95a992b555367d1332be5407ba653261543c190",
            "relativePath": "Home/_Manage.cshtml",
            "mode": "100644",
            "gitObjectType": "blob",
            "url": "https://fabrikam-fiber-inc.visualstudio.com/DefaultCollection/_apis/git/repositories/278d5cd2-584d-4b63-824a-2ba458937249/blobs/d95a992b555367d1332be5407ba653261543c190",
            "size": 5672
         },
         {
            "objectId": "8052a02bee6f82ae02c4d408d1b5b98ab1bf56a6",
            "relativePath": "Home/_Register.cshtml",
            "mode": "100644",
            "gitObjectType": "blob",
            "url": "https://fabrikam-fiber-inc.visualstudio.com/DefaultCollection/_apis/git/repositories/278d5cd2-584d-4b63-824a-2ba458937249/blobs/8052a02bee6f82ae02c4d408d1b5b98ab1bf56a6",
            "size": 1475
         },
         {
            "objectId": "d3ea8b1ffab4736168e4b1d225ebc5aa0ade8cfe",
            "relativePath": "Home/_RegisterExternal.cshtml",
            "mode": "100644",
            "gitObjectType": "blob",
            "url": "https://fabrikam-fiber-inc.visualstudio.com/DefaultCollection/_apis/git/repositories/278d5cd2-584d-4b63-824a-2ba458937249/blobs/d3ea8b1ffab4736168e4b1d225ebc5aa0ade8cfe",
            "size": 1106
         },
         {
            "objectId": "d1c521e3b401b314d4f9ff17f6cad4652c6a4d14",
            "relativePath": "Shared",
            "mode": "40000",
            "gitObjectType": "tree",
            "url": "https://fabrikam-fiber-inc.visualstudio.com/DefaultCollection/_apis/git/repositories/278d5cd2-584d-4b63-824a-2ba458937249/trees/d1c521e3b401b314d4f9ff17f6cad4652c6a4d14",
            "size": 82
         },
         {
            "objectId": "a89723ddddb14cd956fae1a6f118ba29f1667cf4",
            "relativePath": "Shared/Error.cshtml",
            "mode": "100644",
            "gitObjectType": "blob",
            "url": "https://fabrikam-fiber-inc.visualstudio.com/DefaultCollection/_apis/git/repositories/278d5cd2-584d-4b63-824a-2ba458937249/blobs/a89723ddddb14cd956fae1a6f118ba29f1667cf4",
            "size": 191
         },
         {
            "objectId": "86b48073d8ce15039ce18219d8fda43ba7f0c467",
            "relativePath": "Shared/_Layout.cshtml",
            "mode": "100644",
            "gitObjectType": "blob",
            "url": "https://fabrikam-fiber-inc.visualstudio.com/DefaultCollection/_apis/git/repositories/278d5cd2-584d-4b63-824a-2ba458937249/blobs/86b48073d8ce15039ce18219d8fda43ba7f0c467",
            "size": 1627
         },
         {
            "objectId": "f5dd7df5872eae8c39c9491f67d856dafd609683",
            "relativePath": "Web.config",
            "mode": "100644",
            "gitObjectType": "blob",
            "url": "https://fabrikam-fiber-inc.visualstudio.com/DefaultCollection/_apis/git/repositories/278d5cd2-584d-4b63-824a-2ba458937249/blobs/f5dd7df5872eae8c39c9491f67d856dafd609683",
            "size": 1670
         },
         {
            "objectId": "2de62418c07c3ffa833543f484445dbfd0fe68d8",
            "relativePath": "_ViewStart.cshtml",
            "mode": "100644",
            "gitObjectType": "blob",
            "url": "https://fabrikam-fiber-inc.visualstudio.com/DefaultCollection/_apis/git/repositories/278d5cd2-584d-4b63-824a-2ba458937249/blobs/2de62418c07c3ffa833543f484445dbfd0fe68d8",
            "size": 54
         }
      ],
      "size": 147,
      "_links": {
         "self": {
            "href": "https://fabrikam-fiber-inc.visualstudio.com/DefaultCollection/_apis/git/repositories/278d5cd2-584d-4b63-824a-2ba458937249/trees/d1d5c2d49045d52bba6419652d6ecb2cd560dc29"
         },
         "repository": {
            "href": "https://fabrikam-fiber-inc.visualstudio.com/DefaultCollection/_apis/git/repositories/278d5cd2-584d-4b63-824a-2ba458937249"
         },
         "treeEntries": [
            {
               "href": "https://fabrikam-fiber-inc.visualstudio.com/DefaultCollection/_apis/git/repositories/278d5cd2-584d-4b63-824a-2ba458937249/trees/ea6765e1976b9e8a6d4981fd8febebd574a91571"
            },
            {
               "href": "https://fabrikam-fiber-inc.visualstudio.com/DefaultCollection/_apis/git/repositories/278d5cd2-584d-4b63-824a-2ba458937249/blobs/9093f030aa7dd8c802cad228fae4c6bafae4b32f"
            },
            {
               "href": "https://fabrikam-fiber-inc.visualstudio.com/DefaultCollection/_apis/git/repositories/278d5cd2-584d-4b63-824a-2ba458937249/blobs/61a86fdaa79e5c6f5fb6e4026508489feb6ed92c"
            },
            {
               "href": "https://fabrikam-fiber-inc.visualstudio.com/DefaultCollection/_apis/git/repositories/278d5cd2-584d-4b63-824a-2ba458937249/blobs/445986f7957f0478686b6def4dcd04d2bad00594"
            },
            {
               "href": "https://fabrikam-fiber-inc.visualstudio.com/DefaultCollection/_apis/git/repositories/278d5cd2-584d-4b63-824a-2ba458937249/blobs/d95a992b555367d1332be5407ba653261543c190"
            },
            {
               "href": "https://fabrikam-fiber-inc.visualstudio.com/DefaultCollection/_apis/git/repositories/278d5cd2-584d-4b63-824a-2ba458937249/blobs/8052a02bee6f82ae02c4d408d1b5b98ab1bf56a6"
            },
            {
               "href": "https://fabrikam-fiber-inc.visualstudio.com/DefaultCollection/_apis/git/repositories/278d5cd2-584d-4b63-824a-2ba458937249/blobs/d3ea8b1ffab4736168e4b1d225ebc5aa0ade8cfe"
            },
            {
               "href": "https://fabrikam-fiber-inc.visualstudio.com/DefaultCollection/_apis/git/repositories/278d5cd2-584d-4b63-824a-2ba458937249/trees/d1c521e3b401b314d4f9ff17f6cad4652c6a4d14"
            },
            {
               "href": "https://fabrikam-fiber-inc.visualstudio.com/DefaultCollection/_apis/git/repositories/278d5cd2-584d-4b63-824a-2ba458937249/blobs/a89723ddddb14cd956fae1a6f118ba29f1667cf4"
            },
            {
               "href": "https://fabrikam-fiber-inc.visualstudio.com/DefaultCollection/_apis/git/repositories/278d5cd2-584d-4b63-824a-2ba458937249/blobs/86b48073d8ce15039ce18219d8fda43ba7f0c467"
            },
            {
               "href": "https://fabrikam-fiber-inc.visualstudio.com/DefaultCollection/_apis/git/repositories/278d5cd2-584d-4b63-824a-2ba458937249/blobs/f5dd7df5872eae8c39c9491f67d856dafd609683"
            },
            {
               "href": "https://fabrikam-fiber-inc.visualstudio.com/DefaultCollection/_apis/git/repositories/278d5cd2-584d-4b63-824a-2ba458937249/blobs/2de62418c07c3ffa833543f484445dbfd0fe68d8"
            }
         ]
      }
   }
}