{
   "method": "GET",
   "resourceFormat": "/wit/queries/Shared Queries/Current Sprint?$depth=1",
   "requestUrl": "https://fabrikam-fiber-inc.visualstudio.com/DefaultCollection/Fabrikam-Fiber-Git/_apis/wit/queries/Shared%20Queries/Current%20Sprint?$depth=1&api-version=1.0",
   "requestHeaders": {
      "Accept": "application/json"
   },
   "statusCode": 200,
   "responseHeaders": {
      "cache-control": "no-cache",
      "pragma": "no-cache",
      "content-type": "application/json; charset=utf-8; api-version=1.0",
      "expires": "-1",
      "server": "Microsoft-IIS/8.5",
      "x-tfs-processid": "ff77edfc-0a6c-4196-aea9-783f613949dc",
      "strict-transport-security": "max-age=31536000; includeSubDomains",
      "x-frame-options": "SAMEORIGIN",
      "set-cookie": [
         "Tfs-SessionId=530d5d2a-08d3-0006-6c62-0f53d308d001; path=/; secure",
         "Tfs-SessionActive=2014-11-26T22:38:47; path=/; secure"
      ],
      "x-vss-userdata": "d291b0c4-a05c-4ea6-8df1-4b41d5f39eff:fabrikamfiber4@hotmail.com",
      "activityid": "514366d0-08d3-0004-d7c0-4b51d308d001",
      "x-aspnet-version": "4.0.30319",
      "x-powered-by": "ASP.NET",
      "p3p": "CP=\"CAO DSP COR ADMa DEV CONo TELo CUR PSA PSD TAI IVDo OUR SAMi BUS DEM NAV STA UNI COM INT PHY ONL FIN PUR LOC CNT\"",
      "x-content-type-options": "nosniff",
      "date": "Wed, 26 Nov 2014 22:38:46 GMT",
      "content-length": "2359"
   },
   "responseBody": {
      "id": "139a3503-6ac6-4fa0-9a91-f76f180e7b65",
      "name": "Current Sprint",
      "path": "Shared Queries/Current Sprint",
      "isFolder": true,
      "hasChildren": true,
      "children": [
         {
            "id": "03fe5df2-f88a-4f1d-a29e-05c5588920d2",
            "name": "Unfinished Work",
            "path": "Shared Queries/Current Sprint/Unfinished Work",
            "isPublic": true,
            "url": "https://fabrikam-fiber-inc.visualstudio.com/DefaultCollection/6ce954b1-ce1f-45d1-b94d-e6bf2464ba2c/_apis/wit/queries/03fe5df2-f88a-4f1d-a29e-05c5588920d2"
         },
         {
            "id": "5219b150-9c7e-4d42-9fa6-07546a67aae3",
            "name": "Open Impediments",
            "path": "Shared Queries/Current Sprint/Open Impediments",
            "isPublic": true,
            "url": "https://fabrikam-fiber-inc.visualstudio.com/DefaultCollection/6ce954b1-ce1f-45d1-b94d-e6bf2464ba2c/_apis/wit/queries/5219b150-9c7e-4d42-9fa6-07546a67aae3"
         },
         {
            "id": "2469c406-13af-4e41-8315-290f9bd0efd6",
            "name": "Work in Progress",
            "path": "Shared Queries/Current Sprint/Work in Progress",
            "isPublic": true,
            "url": "https://fabrikam-fiber-inc.visualstudio.com/DefaultCollection/6ce954b1-ce1f-45d1-b94d-e6bf2464ba2c/_apis/wit/queries/2469c406-13af-4e41-8315-290f9bd0efd6"
         },
         {
            "id": "7fabe7bd-1f50-4be1-a021-6cb655eec86f",
            "name": "Blocked Tasks",
            "path": "Shared Queries/Current Sprint/Blocked Tasks",
            "isPublic": true,
            "url": "https://fabrikam-fiber-inc.visualstudio.com/DefaultCollection/6ce954b1-ce1f-45d1-b94d-e6bf2464ba2c/_apis/wit/queries/7fabe7bd-1f50-4be1-a021-6cb655eec86f"
         },
         {
            "id": "6e511ae8-aafe-455a-b318-a4158bbd0f1e",
            "name": "Test Cases",
            "path": "Shared Queries/Current Sprint/Test Cases",
            "isPublic": true,
            "url": "https://fabrikam-fiber-inc.visualstudio.com/DefaultCollection/6ce954b1-ce1f-45d1-b94d-e6bf2464ba2c/_apis/wit/queries/6e511ae8-aafe-455a-b318-a4158bbd0f1e"
         }
      ],
      "isPublic": true,
      "_links": {
         "self": {
            "href": "https://fabrikam-fiber-inc.visualstudio.com/DefaultCollection/6ce954b1-ce1f-45d1-b94d-e6bf2464ba2c/_apis/wit/queries/139a3503-6ac6-4fa0-9a91-f76f180e7b65"
         },
         "html": {
            "href": "https://fabrikam-fiber-inc.visualstudio.com/web/qr.aspx?pguid=6ce954b1-ce1f-45d1-b94d-e6bf2464ba2c&qid=139a3503-6ac6-4fa0-9a91-f76f180e7b65"
         },
         "parent": {
            "href": "https://fabrikam-fiber-inc.visualstudio.com/DefaultCollection/6ce954b1-ce1f-45d1-b94d-e6bf2464ba2c/_apis/wit/queries/eb5c1e25-9b3e-4416-a833-e500122882c7"
         }
      },
      "url": "https://fabrikam-fiber-inc.visualstudio.com/DefaultCollection/6ce954b1-ce1f-45d1-b94d-e6bf2464ba2c/_apis/wit/queries/139a3503-6ac6-4fa0-9a91-f76f180e7b65"
   }
}