{
   "method": "POST",
   "resourceFormat": "/wit/queries/Shared Queries/{folderName}",
   "requestUrl": "https://fabrikam-fiber-inc.visualstudio.com/DefaultCollection/Fabrikam-Fiber-Git/_apis/wit/queries/Shared%20Queries/Website%20team?api-version=1.0",
   "requestHeaders": {
      "Accept": "application/json",
      "Content-Type": "application/json",
      "Content-Length": 450
   },
   "requestBody": {
      "name": "Active stories with tasks",
      "wiql": "SELECT [System.Id],[System.WorkItemType],[System.Title],[System.AssignedTo],[System.State],[System.Tags] FROM WorkItemLinks WHERE ([Source].[System.TeamProject] = @project AND [Source].[System.WorkItemType] = 'Product Backlog Item' AND [Source].[System.State] <> 'Removed') AND ([System.Links.LinkType] = 'System.LinkTypes.Hierarchy-Forward') AND ([Target].[System.WorkItemType] = 'Task') mode(Recursive)"
   },
   "statusCode": 201,
   "responseHeaders": {
      "cache-control": "no-cache",
      "pragma": "no-cache",
      "content-type": "application/json; charset=utf-8; api-version=1.0",
      "expires": "-1",
      "location": "https://fabrikam-fiber-inc.visualstudio.com/DefaultCollection/6ce954b1-ce1f-45d1-b94d-e6bf2464ba2c/_apis/wit/queries/f0ade206-32f8-4360-9254-ad33f906cd2e",
      "server": "Microsoft-IIS/8.5",
      "x-tfs-processid": "ff77edfc-0a6c-4196-aea9-783f613949dc",
      "strict-transport-security": "max-age=31536000; includeSubDomains",
      "x-frame-options": "SAMEORIGIN",
      "set-cookie": [
         "Tfs-SessionId=530d5d2a-08d3-0006-6c62-0f53d308d001; path=/; secure",
         "Tfs-SessionActive=2014-11-26T22:38:48; path=/; secure"
      ],
      "x-vss-userdata": "d291b0c4-a05c-4ea6-8df1-4b41d5f39eff:fabrikamfiber4@hotmail.com",
      "activityid": "514366d0-08d3-0005-0267-4851d308d001",
      "x-aspnet-version": "4.0.30319",
      "x-powered-by": "ASP.NET",
      "p3p": "CP=\"CAO DSP COR ADMa DEV CONo TELo CUR PSA PSD TAI IVDo OUR SAMi BUS DEM NAV STA UNI COM INT PHY ONL FIN PUR LOC CNT\"",
      "x-content-type-options": "nosniff",
      "date": "Wed, 26 Nov 2014 22:38:47 GMT",
      "content-length": "3922"
   },
   "responseBody": {
      "id": "f0ade206-32f8-4360-9254-ad33f906cd2e",
      "name": "Active stories with tasks",
      "path": "Shared Queries/Website team/Active stories with tasks",
      "queryType": "tree",
      "columns": [
         {
            "referenceName": "System.Id",
            "name": "ID",
            "url": "https://fabrikam-fiber-inc.visualstudio.com/DefaultCollection/_apis/wit/fields/System.Id"
         },
         {
            "referenceName": "System.WorkItemType",
            "name": "Work Item Type",
            "url": "https://fabrikam-fiber-inc.visualstudio.com/DefaultCollection/_apis/wit/fields/System.WorkItemType"
         },
         {
            "referenceName": "System.Title",
            "name": "Title",
            "url": "https://fabrikam-fiber-inc.visualstudio.com/DefaultCollection/_apis/wit/fields/System.Title"
         },
         {
            "referenceName": "System.AssignedTo",
            "name": "Assigned To",
            "url": "https://fabrikam-fiber-inc.visualstudio.com/DefaultCollection/_apis/wit/fields/System.AssignedTo"
         },
         {
            "referenceName": "System.State",
            "name": "State",
            "url": "https://fabrikam-fiber-inc.visualstudio.com/DefaultCollection/_apis/wit/fields/System.State"
         },
         {
            "referenceName": "System.Tags",
            "name": "Tags",
            "url": "https://fabrikam-fiber-inc.visualstudio.com/DefaultCollection/_apis/wit/fields/System.Tags"
         }
      ],
      "wiql": "SELECT [System.Id],[System.WorkItemType],[System.Title],[System.AssignedTo],[System.State],[System.Tags] FROM WorkItemLinks WHERE ([Source].[System.TeamProject] = @project AND [Source].[System.WorkItemType] = 'Product Backlog Item' AND [Source].[System.State] <> 'Removed') AND ([System.Links.LinkType] = 'System.LinkTypes.Hierarchy-Forward') AND ([Target].[System.WorkItemType] = 'Task') mode(Recursive)",
      "isPublic": true,
      "linkClauses": {
         "logicalOperator": "and",
         "clauses": [
            {
               "field": {
                  "referenceName": "System.Links.LinkType",
                  "name": "Link Type",
                  "url": "https://fabrikam-fiber-inc.visualstudio.com/DefaultCollection/_apis/wit/fields/System.Links.LinkType"
               },
               "operator": {
                  "referenceName": "SupportedOperations.Equals",
                  "name": "="
               },
               "value": "System.LinkTypes.Hierarchy-Forward"
            }
         ]
      },
      "filterOptions": "linksRecursiveMayContain",
      "sourceClauses": {
         "logicalOperator": "and",
         "clauses": [
            {
               "field": {
                  "referenceName": "System.TeamProject",
                  "name": "Team Project",
                  "url": "https://fabrikam-fiber-inc.visualstudio.com/DefaultCollection/_apis/wit/fields/System.TeamProject"
               },
               "operator": {
                  "referenceName": "SupportedOperations.Equals",
                  "name": "="
               },
               "value": "@project"
            },
            {
               "field": {
                  "referenceName": "System.WorkItemType",
                  "name": "Work Item Type",
                  "url": "https://fabrikam-fiber-inc.visualstudio.com/DefaultCollection/_apis/wit/fields/System.WorkItemType"
               },
               "operator": {
                  "referenceName": "SupportedOperations.Equals",
                  "name": "="
               },
               "value": "Product Backlog Item"
            },
            {
               "field": {
                  "referenceName": "System.State",
                  "name": "State",
                  "url": "https://fabrikam-fiber-inc.visualstudio.com/DefaultCollection/_apis/wit/fields/System.State"
               },
               "operator": {
                  "referenceName": "SupportedOperations.NotEquals",
                  "name": "<>"
               },
               "value": "Removed"
            }
         ]
      },
      "targetClauses": {
         "logicalOperator": "and",
         "clauses": [
            {
               "field": {
                  "referenceName": "System.WorkItemType",
                  "name": "Work Item Type",
                  "url": "https://fabrikam-fiber-inc.visualstudio.com/DefaultCollection/_apis/wit/fields/System.WorkItemType"
               },
               "operator": {
                  "referenceName": "SupportedOperations.Equals",
                  "name": "="
               },
               "value": "Task"
            }
         ]
      },
      "_links": {
         "self": {
            "href": "https://fabrikam-fiber-inc.visualstudio.com/DefaultCollection/6ce954b1-ce1f-45d1-b94d-e6bf2464ba2c/_apis/wit/queries/f0ade206-32f8-4360-9254-ad33f906cd2e"
         },
         "html": {
            "href": "https://fabrikam-fiber-inc.visualstudio.com/web/qr.aspx?pguid=6ce954b1-ce1f-45d1-b94d-e6bf2464ba2c&qid=f0ade206-32f8-4360-9254-ad33f906cd2e"
         },
         "parent": {
            "href": "https://fabrikam-fiber-inc.visualstudio.com/DefaultCollection/6ce954b1-ce1f-45d1-b94d-e6bf2464ba2c/_apis/wit/queries/addcb8b3-12d0-4f2c-b6ca-52bb584ae286"
         },
         "wiql": {
            "href": "https://fabrikam-fiber-inc.visualstudio.com/DefaultCollection/6ce954b1-ce1f-45d1-b94d-e6bf2464ba2c/_apis/wit/wiql/f0ade206-32f8-4360-9254-ad33f906cd2e"
         }
      },
      "url": "https://fabrikam-fiber-inc.visualstudio.com/DefaultCollection/6ce954b1-ce1f-45d1-b94d-e6bf2464ba2c/_apis/wit/queries/f0ade206-32f8-4360-9254-ad33f906cd2e"
   }
}