{
   "method": "POST",
   "resourceFormat": "https://{account}.vsclt.visualstudio.com/_apis/clt/testRuns/{testrunId}/CounterSamples",
   "requestUrl": "https://fabrikam.vsclt.visualstudio.com/_apis/clt/testRuns/28fec23a-91f9-4983-8bc6-1d58cc1b79f1/CounterSamples",
   "requestHeaders": {
      "Cookie": "",
      "Accept": "application/json",
      "Accept-Language": "en-US",
      "User-Agent": "VSServices/12.0.21005.1 (devenv.exe, Ultimate, SKU:17)",
      "X-TFS-FedAuthRedirect": "Suppress",
      "X-TFS-Session": "f15354a0-5013-49fe-9666-039dba045675",
      "X-VSS-Agent": "IDE:c72621ad0a06453b92b6e6255bcbfc7a",
      "Host": "fabrikam.vsclt.visualstudio.com",
	  "Content-Length": "751"
   },
   "requestBody": {
       "count": 2,
       "value": [
            {"counterInstanceId":"Els~-2020039322"},
            {"counterInstanceId":"Els~-1543222480"}
       ]
   },
   "statusCode": 200,
   "responseHeaders": {
      "cache-control": "no-cache",
      "pragma": "no-cache",
      "content-type": "application/json; charset=utf-8",
      "expires": "-1",
      "vary": "Accept-Encoding",
      "server": "Microsoft-IIS/8.0",
      "x-tfs-processid": "2eb4fb85-b4bb-4f90-9258-f7cf9c1af044",
      "activityid": "7d3b61c0-dc5e-0000-7bd5-577d5edcce01",
      "x-aspnet-version": "4.0.30319",
      "x-powered-by": "ASP.NET",
      "date": "Mon, 18 Nov 2013 10:22:28 GMT",
      "content-length": "1885"
   },
   "responseBody":{
       "totalSamplesCount":5,
       "maxBatchSize":2000,
       "count":2,
       "values":[
       {
            "counterInstanceId":"Els~-2020039322",
            "nextRefreshTime":"2014-06-23T06:27:05.417Z",
            "count":2,
            "values":[
                {"counterInstanceId":"Els~-2020039322","intervalNumber":0,"intervalEndDate":"2014-06-23T06:25:35.417Z","rawValue":0,"baseValue":0,"counterFrequency":3312793,"systemFrequency":3312793,"timeStamp":0,"counterType":"AverageTimer32","computedValue":0.0},
                {"counterInstanceId":"Els~-2020039322","intervalNumber":1,"intervalEndDate":"2014-06-23T06:25:40.417Z","rawValue":0,"baseValue":0,"counterFrequency":3312793,"systemFrequency":3312793,"timeStamp":16563965,"counterType":"AverageTimer32","computedValue":0.0}
            ]
       },
       {
           "counterInstanceId":"Els~-1543222480",
           "nextRefreshTime":"2014-06-23T06:27:05.417Z",
           "count":3,
           "values":[
                {"counterInstanceId":"Els~-1543222480","intervalNumber":0,"intervalEndDate":"2014-06-23T06:25:35.417Z","rawValue":0,"baseValue":0,"counterFrequency":3312793,"systemFrequency":3312793,"timeStamp":0,"counterType":"AverageTimer32","computedValue":0.0},
                {"counterInstanceId":"Els~-1543222480","intervalNumber":1,"intervalEndDate":"2014-06-23T06:25:40.417Z","rawValue":253147077,"baseValue":25,"counterFrequency":3312793,"systemFrequency":3312793,"timeStamp":16563965,"counterType":"AverageTimer32","computedValue":3.0566},
                {"counterInstanceId":"Els~-1543222480","intervalNumber":2,"intervalEndDate":"2014-06-23T06:25:45.417Z","rawValue":796156915,"baseValue":65,"counterFrequency":3312793,"systemFrequency":3312793,"timeStamp":33127930,"counterType":"AverageTimer32","computedValue":4.097825}
           ]
        }
      ]
   }
}

