{
   "method": "GET",
   "resourceFormat": "/wit/workitems/{taskId}/revisions",
   "requestUrl": "https://fabrikam-fiber-inc.visualstudio.com/DefaultCollection/_apis/wit/workitems/299/revisions?api-version=1.0",
   "requestHeaders": {
      "Accept": "application/json"
   },
   "statusCode": 200,
   "responseHeaders": {
      "cache-control": "no-cache",
      "pragma": "no-cache",
      "content-type": "application/json; charset=utf-8; api-version=1.0",
      "expires": "-1",
      "server": "Microsoft-IIS/8.5",
      "x-tfs-processid": "79c99f53-1127-4a7d-848b-a49f5155acac",
      "strict-transport-security": "max-age=31536000; includeSubDomains",
      "x-frame-options": "SAMEORIGIN",
      "set-cookie": [
         "Tfs-SessionId=7066e0f8-1bcc-0004-e520-db70cc1bd001; path=/; secure",
         "Tfs-SessionActive=2014-12-29T20:49:31; path=/; secure"
      ],
      "x-vss-userdata": "d291b0c4-a05c-4ea6-8df1-4b41d5f39eff:fabrikamfiber4@hotmail.com",
      "activityid": "4d43d1aa-1bcc-0000-79fe-d14dcc1bd001",
      "x-aspnet-version": "4.0.30319",
      "x-powered-by": "ASP.NET",
      "p3p": "CP=\"CAO DSP COR ADMa DEV CONo TELo CUR PSA PSD TAI IVDo OUR SAMi BUS DEM NAV STA UNI COM INT PHY ONL FIN PUR LOC CNT\"",
      "x-content-type-options": "nosniff",
      "date": "Mon, 29 Dec 2014 20:49:31 GMT",
      "content-length": "5935"
   },
   "responseBody": {
      "count": 7,
      "value": [
         {
            "id": 299,
            "rev": 1,
            "fields": {
               "System.AreaPath": "Fabrikam-Fiber-Git",
               "System.TeamProject": "Fabrikam-Fiber-Git",
               "System.IterationPath": "Fabrikam-Fiber-Git",
               "System.WorkItemType": "Task",
               "System.State": "To Do",
               "System.Reason": "New task",
               "System.CreatedDate": "2014-12-29T20:49:21.617Z",
               "System.CreatedBy": "Jamal Hartnett <fabrikamfiber4@hotmail.com>",
               "System.ChangedDate": "2014-12-29T20:49:21.617Z",
               "System.ChangedBy": "Jamal Hartnett <fabrikamfiber4@hotmail.com>",
               "System.Title": "JavaScript implementation for Microsoft Account",
               "Microsoft.VSTS.Scheduling.RemainingWork": 4,
               "System.Description": "Follow the code samples from MSDN",
               "System.History": "Jim has the most context around this.",
               "System.Tags": ""
            },
            "url": "https://fabrikam-fiber-inc.visualstudio.com/DefaultCollection/_apis/wit/workItems/299/revisions/1"
         },
         {
            "id": 299,
            "rev": 2,
            "fields": {
               "System.AreaPath": "Fabrikam-Fiber-Git\\Website",
               "System.TeamProject": "Fabrikam-Fiber-Git",
               "System.IterationPath": "Fabrikam-Fiber-Git",
               "System.WorkItemType": "Task",
               "System.State": "To Do",
               "System.Reason": "New task",
               "System.CreatedDate": "2014-12-29T20:49:21.617Z",
               "System.CreatedBy": "Jamal Hartnett <fabrikamfiber4@hotmail.com>",
               "System.ChangedDate": "2014-12-29T20:49:23.933Z",
               "System.ChangedBy": "Jamal Hartnett <fabrikamfiber4@hotmail.com>",
               "System.Title": "JavaScript implementation for Microsoft Account",
               "Microsoft.VSTS.Scheduling.RemainingWork": 4,
               "System.Description": "Follow the code samples from MSDN",
               "System.History": "Moving to the right area path",
               "System.Tags": ""
            },
            "url": "https://fabrikam-fiber-inc.visualstudio.com/DefaultCollection/_apis/wit/workItems/299/revisions/2"
         },
         {
            "id": 299,
            "rev": 3,
            "fields": {
               "System.AreaPath": "Fabrikam-Fiber-Git\\Website",
               "System.TeamProject": "Fabrikam-Fiber-Git",
               "System.IterationPath": "Fabrikam-Fiber-Git",
               "System.WorkItemType": "Task",
               "System.State": "To Do",
               "System.Reason": "New task",
               "System.AssignedTo": "Johnnie McLeod <fabrikamfiber2@hotmail.com>",
               "System.CreatedDate": "2014-12-29T20:49:21.617Z",
               "System.CreatedBy": "Jamal Hartnett <fabrikamfiber4@hotmail.com>",
               "System.ChangedDate": "2014-12-29T20:49:24.67Z",
               "System.ChangedBy": "Jamal Hartnett <fabrikamfiber4@hotmail.com>",
               "System.Title": "JavaScript implementation for Microsoft Account",
               "Microsoft.VSTS.Scheduling.RemainingWork": 4,
               "System.Description": "Follow the code samples from MSDN",
               "System.History": "Johnnie is going to take this work over.",
               "System.Tags": ""
            },
            "url": "https://fabrikam-fiber-inc.visualstudio.com/DefaultCollection/_apis/wit/workItems/299/revisions/3"
         },
         {
            "id": 299,
            "rev": 4,
            "fields": {
               "System.AreaPath": "Fabrikam-Fiber-Git\\Website",
               "System.TeamProject": "Fabrikam-Fiber-Git",
               "System.IterationPath": "Fabrikam-Fiber-Git",
               "System.WorkItemType": "Task",
               "System.State": "To Do",
               "System.Reason": "New task",
               "System.AssignedTo": "Johnnie McLeod <fabrikamfiber2@hotmail.com>",
               "System.CreatedDate": "2014-12-29T20:49:21.617Z",
               "System.CreatedBy": "Jamal Hartnett <fabrikamfiber4@hotmail.com>",
               "System.ChangedDate": "2014-12-29T20:49:26.99Z",
               "System.ChangedBy": "Jamal Hartnett <fabrikamfiber4@hotmail.com>",
               "System.Title": "JavaScript implementation for Microsoft Account",
               "Microsoft.VSTS.Scheduling.RemainingWork": 4,
               "System.Description": "Follow the code samples from MSDN",
               "System.History": "Adding the necessary spec",
               "System.Tags": ""
            },
            "url": "https://fabrikam-fiber-inc.visualstudio.com/DefaultCollection/_apis/wit/workItems/299/revisions/4"
         },
         {
            "id": 299,
            "rev": 5,
            "fields": {
               "System.AreaPath": "Fabrikam-Fiber-Git\\Website",
               "System.TeamProject": "Fabrikam-Fiber-Git",
               "System.IterationPath": "Fabrikam-Fiber-Git",
               "System.WorkItemType": "Task",
               "System.State": "To Do",
               "System.Reason": "New task",
               "System.AssignedTo": "Johnnie McLeod <fabrikamfiber2@hotmail.com>",
               "System.CreatedDate": "2014-12-29T20:49:21.617Z",
               "System.CreatedBy": "Jamal Hartnett <fabrikamfiber4@hotmail.com>",
               "System.ChangedDate": "2014-12-29T20:49:27.48Z",
               "System.ChangedBy": "Jamal Hartnett <fabrikamfiber4@hotmail.com>",
               "System.Title": "JavaScript implementation for Microsoft Account",
               "Microsoft.VSTS.Scheduling.RemainingWork": 4,
               "System.Description": "Follow the code samples from MSDN",
               "System.Tags": ""
            },
            "url": "https://fabrikam-fiber-inc.visualstudio.com/DefaultCollection/_apis/wit/workItems/299/revisions/5"
         },
         {
            "id": 299,
            "rev": 6,
            "fields": {
               "System.AreaPath": "Fabrikam-Fiber-Git\\Website",
               "System.TeamProject": "Fabrikam-Fiber-Git",
               "System.IterationPath": "Fabrikam-Fiber-Git",
               "System.WorkItemType": "Task",
               "System.State": "To Do",
               "System.Reason": "New task",
               "System.AssignedTo": "Johnnie McLeod <fabrikamfiber2@hotmail.com>",
               "System.CreatedDate": "2014-12-29T20:49:21.617Z",
               "System.CreatedBy": "Jamal Hartnett <fabrikamfiber4@hotmail.com>",
               "System.ChangedDate": "2014-12-29T20:49:27.98Z",
               "System.ChangedBy": "Jamal Hartnett <fabrikamfiber4@hotmail.com>",
               "System.Title": "JavaScript implementation for Microsoft Account",
               "Microsoft.VSTS.Scheduling.RemainingWork": 4,
               "System.Description": "Follow the code samples from MSDN",
               "System.History": "Linking to a blog article for context",
               "System.Tags": ""
            },
            "url": "https://fabrikam-fiber-inc.visualstudio.com/DefaultCollection/_apis/wit/workItems/299/revisions/6"
         },
         {
            "id": 299,
            "rev": 7,
            "fields": {
               "System.AreaPath": "Fabrikam-Fiber-Git\\Website",
               "System.TeamProject": "Fabrikam-Fiber-Git",
               "System.IterationPath": "Fabrikam-Fiber-Git",
               "System.WorkItemType": "Task",
               "System.State": "To Do",
               "System.Reason": "New task",
               "System.AssignedTo": "Johnnie McLeod <fabrikamfiber2@hotmail.com>",
               "System.CreatedDate": "2014-12-29T20:49:21.617Z",
               "System.CreatedBy": "Jamal Hartnett <fabrikamfiber4@hotmail.com>",
               "System.ChangedDate": "2014-12-29T20:49:28.74Z",
               "System.ChangedBy": "Jamal Hartnett <fabrikamfiber4@hotmail.com>",
               "System.Title": "JavaScript implementation for Microsoft Account",
               "Microsoft.VSTS.Scheduling.RemainingWork": 4,
               "System.Description": "Follow the code samples from MSDN",
               "System.Tags": "Tag1; Tag2"
            },
            "url": "https://fabrikam-fiber-inc.visualstudio.com/DefaultCollection/_apis/wit/workItems/299/revisions/7"
         }
      ]
   }
}