{
   "method": "GET",
   "resourceFormat": "/wit/workitems/{taskId}/revisions?$skip=1&$top=2",
   "requestUrl": "https://fabrikam-fiber-inc.visualstudio.com/DefaultCollection/_apis/wit/workitems/299/revisions?$skip=1&$top=2&api-version=1.0",
   "requestHeaders": {
      "Accept": "application/json"
   },
   "statusCode": 200,
   "responseHeaders": {
      "cache-control": "no-cache",
      "pragma": "no-cache",
      "content-type": "application/json; charset=utf-8; api-version=1.0",
      "expires": "-1",
      "server": "Microsoft-IIS/8.5",
      "x-tfs-processid": "69f0b14c-58dd-45f1-b6f1-124bb305048f",
      "strict-transport-security": "max-age=31536000; includeSubDomains",
      "x-frame-options": "SAMEORIGIN",
      "set-cookie": [
         "Tfs-SessionId=7066e0f8-1bcc-0004-e520-db70cc1bd001; path=/; secure",
         "Tfs-SessionActive=2014-12-29T20:49:31; path=/; secure"
      ],
      "x-vss-userdata": "d291b0c4-a05c-4ea6-8df1-4b41d5f39eff:fabrikamfiber4@hotmail.com",
      "activityid": "7066e0f8-1bcc-0000-4da1-eb70cc1bd001",
      "x-aspnet-version": "4.0.30319",
      "x-powered-by": "ASP.NET",
      "p3p": "CP=\"CAO DSP COR ADMa DEV CONo TELo CUR PSA PSD TAI IVDo OUR SAMi BUS DEM NAV STA UNI COM INT PHY ONL FIN PUR LOC CNT\"",
      "x-content-type-options": "nosniff",
      "date": "Mon, 29 Dec 2014 20:49:31 GMT",
      "content-length": "1715"
   },
   "responseBody": {
      "count": 2,
      "value": [
         {
            "id": 299,
            "rev": 2,
            "fields": {
               "System.AreaPath": "Fabrikam-Fiber-Git\\Website",
               "System.TeamProject": "Fabrikam-Fiber-Git",
               "System.IterationPath": "Fabrikam-Fiber-Git",
               "System.WorkItemType": "Task",
               "System.State": "To Do",
               "System.Reason": "New task",
               "System.CreatedDate": "2014-12-29T20:49:21.617Z",
               "System.CreatedBy": "Jamal Hartnett <fabrikamfiber4@hotmail.com>",
               "System.ChangedDate": "2014-12-29T20:49:23.933Z",
               "System.ChangedBy": "Jamal Hartnett <fabrikamfiber4@hotmail.com>",
               "System.Title": "JavaScript implementation for Microsoft Account",
               "Microsoft.VSTS.Scheduling.RemainingWork": 4,
               "System.Description": "Follow the code samples from MSDN",
               "System.History": "Moving to the right area path",
               "System.Tags": ""
            },
            "url": "https://fabrikam-fiber-inc.visualstudio.com/DefaultCollection/_apis/wit/workItems/299/revisions/2"
         },
         {
            "id": 299,
            "rev": 3,
            "fields": {
               "System.AreaPath": "Fabrikam-Fiber-Git\\Website",
               "System.TeamProject": "Fabrikam-Fiber-Git",
               "System.IterationPath": "Fabrikam-Fiber-Git",
               "System.WorkItemType": "Task",
               "System.State": "To Do",
               "System.Reason": "New task",
               "System.AssignedTo": "Johnnie McLeod <fabrikamfiber2@hotmail.com>",
               "System.CreatedDate": "2014-12-29T20:49:21.617Z",
               "System.CreatedBy": "Jamal Hartnett <fabrikamfiber4@hotmail.com>",
               "System.ChangedDate": "2014-12-29T20:49:24.67Z",
               "System.ChangedBy": "Jamal Hartnett <fabrikamfiber4@hotmail.com>",
               "System.Title": "JavaScript implementation for Microsoft Account",
               "Microsoft.VSTS.Scheduling.RemainingWork": 4,
               "System.Description": "Follow the code samples from MSDN",
               "System.History": "Johnnie is going to take this work over.",
               "System.Tags": ""
            },
            "url": "https://fabrikam-fiber-inc.visualstudio.com/DefaultCollection/_apis/wit/workItems/299/revisions/3"
         }
      ]
   }
}