 {
   "method": "GET",
   "resourceFormat": "/_apis/clt/testRuns/{testRunID}/Errors",
   "requestUrl": "https://fabrikam.vsclt.visualstudio.com/_apis/clt/testRuns/47be20f0-ac4a-40cd-acb7-d9f8c44d0404/Errors",
   "requestHeaders": {
      "Cookie": "",
      "Accept": "application/json",
      "Accept-Language": "en-US",
      "User-Agent": "VSServices/12.0.21005.1 (devenv.exe, Ultimate, SKU:17)",
      "X-TFS-FedAuthRedirect": "Suppress",
      "X-TFS-Session": "f15354a0-5013-49fe-9666-039dba045675",
      "X-VSS-Agent": "IDE:c72621ad0a06453b92b6e6255bcbfc7a",
      "Host": "fabrikam.vsclt.visualstudio.com"
   },
   "statusCode": 200,
   "responseHeaders": {
      "cache-control": "no-cache",
      "pragma": "no-cache",
      "content-type": "application/json; charset=utf-8",
      "expires": "-1",
      "vary": "Accept-Encoding",
      "server": "Microsoft-IIS/8.0",
      "x-tfs-processid": "2eb4fb85-b4bb-4f90-9258-f7cf9c1af044",
      "activityid": "7d3b61c0-dc5e-0000-7bd5-577d5edcce01",
      "x-aspnet-version": "4.0.30319",
      "x-powered-by": "ASP.NET",
      "date": "Mon, 18 Nov 2013 10:22:28 GMT",
      "content-length": "1185"
   },
   "responseBody":{
        "count":2,
        "value":[
            {"type":"Exception","subType":"UriFormatException","occurrences":50,"testCaseName":"ErrorsAndExceptionsWebTest","scenarioName":"LoadTestingScenarioWarmupDuration","request":"http://www.bing:123.com/----{GET}","stackTrace":"   at System.Uri.CreateThis(String uri, Boolean dontEscape, UriKind uriKind)\n   at System.Uri..ctor(String uriString, Boolean dontEscape)\n   at Microsoft.VisualStudio.TestTools.WebStress.WebTestTransaction..ctor(String requestUrl)\n   at Microsoft.VisualStudio.TestTools.WebStress.WebTestInstrumentedTransaction.CreateTransaction()\n   at Microsoft.VisualStudio.TestTools.WebStress.WebTestInstrumentedTransaction.Execute(WebTestCaseContext testCaseContext, AsyncCallback completionCallback, Object callerState)","messageText":"Invalid URI: Invalid port specified.","lastErrorDate":"2014-06-23T11:48:20.363Z"},
            {"type":"ExtractionRuleError","subType":"ExtractText","occurrences":50,"testCaseName":"ErrorsAndExceptionsWebTest","scenarioName":"LoadTestingScenarioWarmupDuration","request":"http://www.bing.com/----{GET}","stackTrace":"","messageText":"StartsWith text was not found in the response","lastErrorDate":"2014-06-23T11:48:23.663Z"}
        ]
   }
}
